ISO-10303-21;
HEADER;
FILE_DESCRIPTION (( 'STEP AP214' ),
    '1' );
FILE_NAME ('SEN-12787.STEP',
    '2025-04-17T07:29:22',
    ( 'LENOVO' ),
    ( '' ),
    'SwSTEP 2.0',
    'SolidWorks 2021',
    '' );
FILE_SCHEMA (( 'AUTOMOTIVE_DESIGN' ));
ENDSEC;

DATA;
#1 = CARTESIAN_POINT ( 'NONE',  ( 1.969999999999999973, 0.2000000000000000111, -1.180000000000000160 ) ) ;
#2 = VECTOR ( 'NONE', #975, 1000.000000000000000 ) ;
#3 = LINE ( 'NONE', #12211, #8677 ) ;
#4 = ORIENTED_EDGE ( 'NONE', *, *, #7612, .T. ) ;
#5 = CARTESIAN_POINT ( 'NONE',  ( -6.349999999999999645, -1.570000000000000284, 8.890000000000000568 ) ) ;
#6 = CARTESIAN_POINT ( 'NONE',  ( 0.8699999999999997735, 0.3499999999999999778, 0.1650000000000003131 ) ) ;
#7 = DIRECTION ( 'NONE',  ( -0.000000000000000000, -1.000000000000000000, -0.000000000000000000 ) ) ;
#8 = ORIENTED_EDGE ( 'NONE', *, *, #11721, .F. ) ;
#9 = CARTESIAN_POINT ( 'NONE',  ( -2.350000000000000089, -3.135336068297440409E-17, 1.199999999999999956 ) ) ;
#10 = EDGE_CURVE ( 'NONE', #8679, #9629, #7020, .T. ) ;
#11 = DIRECTION ( 'NONE',  ( 0.000000000000000000, 0.000000000000000000, 1.000000000000000000 ) ) ;
#12 = LINE ( 'NONE', #5043, #12543 ) ;
#13 = VECTOR ( 'NONE', #5821, 1000.000000000000000 ) ;
#14 = DIRECTION ( 'NONE',  ( 0.000000000000000000, 0.000000000000000000, -1.000000000000000000 ) ) ;
#15 = ORIENTED_EDGE ( 'NONE', *, *, #395, .F. ) ;
#16 = VECTOR ( 'NONE', #10233, 1000.000000000000000 ) ;
#17 = CARTESIAN_POINT ( 'NONE',  ( -0.6949999999999999512, 1.550000000000000044, -1.129999999999999893 ) ) ;
#18 = VERTEX_POINT ( 'NONE', #4313 ) ;
#19 = EDGE_CURVE ( 'NONE', #6752, #3058, #11026, .T. ) ;
#20 = FACE_OUTER_BOUND ( 'NONE', #8924, .T. ) ;
#21 = ORIENTED_EDGE ( 'NONE', *, *, #1580, .F. ) ;
#22 = VECTOR ( 'NONE', #1141, 1000.000000000000000 ) ;
#23 = CARTESIAN_POINT ( 'NONE',  ( 0.8050000000000000488, 0.1000000000000000056, -0.4000000000000000222 ) ) ;
#24 = LINE ( 'NONE', #656, #8568 ) ;
#25 = EDGE_CURVE ( 'NONE', #2334, #8131, #2665, .T. ) ;
#26 = PLANE ( 'NONE',  #2181 ) ;
#27 = AXIS2_PLACEMENT_3D ( 'NONE', #4026, #7733, #5830 ) ;
#28 = VERTEX_POINT ( 'NONE', #10296 ) ;
#29 = PRODUCT ( 'APDS-9960_APDS-9960', 'APDS-9960_APDS-9960', '', ( #1431 ) ) ;
#30 = EDGE_CURVE ( 'NONE', #11339, #224, #2835, .T. ) ;
#31 = VECTOR ( 'NONE', #5788, 1000.000000000000000 ) ;
#32 = AXIS2_PLACEMENT_3D ( 'NONE', #11583, #5739, #11494 ) ;
#33 = EDGE_LOOP ( 'NONE', ( #8154, #3138 ) ) ;
#34 = LINE ( 'NONE', #8943, #7988 ) ;
#35 = SURFACE_STYLE_FILL_AREA ( #1881 ) ;
#36 = VERTEX_POINT ( 'NONE', #11048 ) ;
#37 = EDGE_LOOP ( 'NONE', ( #4597, #377, #577, #6628 ) ) ;
#38 =( NAMED_UNIT ( * ) SI_UNIT ( $, .STERADIAN. ) SOLID_ANGLE_UNIT ( ) );
#39 = ORIENTED_EDGE ( 'NONE', *, *, #7108, .T. ) ;
#40 = DIRECTION ( 'NONE',  ( 0.000000000000000000, 1.000000000000000000, 0.000000000000000000 ) ) ;
#41 = VECTOR ( 'NONE', #11771, 1000.000000000000000 ) ;
#42 = DIRECTION ( 'NONE',  ( -1.000000000000000000, -0.000000000000000000, -0.000000000000000000 ) ) ;
#43 = ORIENTED_EDGE ( 'NONE', *, *, #3490, .T. ) ;
#44 = CARTESIAN_POINT ( 'NONE',  ( 3.049999999999998046, 0.3099999999999999978, -3.574999999999997513 ) ) ;
#45 = EDGE_CURVE ( 'NONE', #1444, #10399, #10986, .T. ) ;
#46 =( REPRESENTATION_RELATIONSHIP ('NONE','NONE', #1862, #2080 ) REPRESENTATION_RELATIONSHIP_WITH_TRANSFORMATION ( #10815 )SHAPE_REPRESENTATION_RELATIONSHIP( ) );
#47 = VECTOR ( 'NONE', #3906, 1000.000000000000000 ) ;
#48 = DIRECTION ( 'NONE',  ( 0.000000000000000000, 1.000000000000000000, 0.000000000000000000 ) ) ;
#49 = EDGE_LOOP ( 'NONE', ( #8356, #2380, #7968, #1920 ) ) ;
#50 = ADVANCED_FACE ( 'NONE', ( #10853 ), #1635, .T. ) ;
#51 = CARTESIAN_POINT ( 'NONE',  ( -0.8050000000000000488, 0.1000000000000000056, 0.4000000000000000222 ) ) ;
#52 = EDGE_CURVE ( 'NONE', #6418, #4902, #6683, .T. ) ;
#53 = FACE_OUTER_BOUND ( 'NONE', #8516, .T. ) ;
#54 = ADVANCED_FACE ( 'NONE', ( #6725 ), #11988, .T. ) ;
#55 =( NAMED_UNIT ( * ) PLANE_ANGLE_UNIT ( ) SI_UNIT ( $, .RADIAN. ) );
#56 = ORIENTED_EDGE ( 'NONE', *, *, #7588, .F. ) ;
#57 = FACE_OUTER_BOUND ( 'NONE', #3353, .T. ) ;
#58 = VECTOR ( 'NONE', #11077, 1000.000000000000000 ) ;
#59 = ORIENTED_EDGE ( 'NONE', *, *, #6920, .T. ) ;
#60 = EDGE_CURVE ( 'NONE', #5724, #3144, #2472, .T. ) ;
#61 = ORIENTED_EDGE ( 'NONE', *, *, #2402, .F. ) ;
#62 = EDGE_CURVE ( 'NONE', #7042, #10854, #10930, .T. ) ;
#63 = VECTOR ( 'NONE', #3990, 1000.000000000000000 ) ;
#64 = ORIENTED_EDGE ( 'NONE', *, *, #4837, .T. ) ;
#65 = EDGE_CURVE ( 'NONE', #2364, #4902, #6783, .T. ) ;
#66 = EDGE_CURVE ( 'NONE', #5270, #7345, #6893, .T. ) ;
#67 = EDGE_CURVE ( 'NONE', #9152, #3304, #7222, .T. ) ;
#68 = AXIS2_PLACEMENT_3D ( 'NONE', #10864, #3925, #1236 ) ;
#69 = VECTOR ( 'NONE', #9725, 1000.000000000000000 ) ;
#70 = CARTESIAN_POINT ( 'NONE',  ( 6.350000000000001421, -1.570000000000000284, 8.890000000000000568 ) ) ;
#71 = DIRECTION ( 'NONE',  ( 0.000000000000000000, 1.000000000000000000, 0.000000000000000000 ) ) ;
#72 = DIRECTION ( 'NONE',  ( -1.000000000000000000, 0.000000000000000000, -8.537024980200820092E-17 ) ) ;
#73 =( NAMED_UNIT ( * ) SI_UNIT ( $, .STERADIAN. ) SOLID_ANGLE_UNIT ( ) );
#74 = SURFACE_STYLE_USAGE ( .BOTH. , #7934 ) ;
#75 = CARTESIAN_POINT ( 'NONE',  ( -1.430000000000000160, 1.500000000000000000, 0.4200000000000000400 ) ) ;
#76 = DIRECTION ( 'NONE',  ( 1.000000000000000000, 0.000000000000000000, 8.537024980200820092E-17 ) ) ;
#77 = LINE ( 'NONE', #10570, #8639 ) ;
#78 = ORIENTED_EDGE ( 'NONE', *, *, #1580, .T. ) ;
#79 = PLANE ( 'NONE',  #8867 ) ;
#80 = LINE ( 'NONE', #2685, #8702 ) ;
#81 = EDGE_LOOP ( 'NONE', ( #2783, #8043, #2378, #2996 ) ) ;
#82 = EDGE_CURVE ( 'NONE', #3808, #360, #11660, .T. ) ;
#83 = FACE_OUTER_BOUND ( 'NONE', #1765, .T. ) ;
#84 = VECTOR ( 'NONE', #7356, 1000.000000000000000 ) ;
#85 = ORIENTED_EDGE ( 'NONE', *, *, #894, .T. ) ;
#86 = FACE_OUTER_BOUND ( 'NONE', #4050, .T. ) ;
#87 = CARTESIAN_POINT ( 'NONE',  ( 0.4398837366478682287, 0.3099999999999999978, -0.08499999999999961753 ) ) ;
#88 = VERTEX_POINT ( 'NONE', #11855 ) ;
#89 = LINE ( 'NONE', #4826, #4057 ) ;
#90 = ORIENTED_EDGE ( 'NONE', *, *, #9723, .T. ) ;
#91 = CARTESIAN_POINT ( 'NONE',  ( 0.2049999999999999878, 0.000000000000000000, -1.000000000000000000 ) ) ;
#92 = LINE ( 'NONE', #8750, #22 ) ;
#93 = EDGE_CURVE ( 'NONE', #7550, #4430, #11641, .T. ) ;
#94 = AXIS2_PLACEMENT_3D ( 'NONE', #11574, #10460, #5952 ) ;
#95 = LINE ( 'NONE', #10638, #161 ) ;
#96 = EDGE_LOOP ( 'NONE', ( #3918, #5703, #5204, #5248 ) ) ;
#97 = CARTESIAN_POINT ( 'NONE',  ( 6.985000000000000320, 0.000000000000000000, -1.130299999999998972 ) ) ;
#98 = VECTOR ( 'NONE', #12507, 1000.000000000000000 ) ;
#99 = CARTESIAN_POINT ( 'NONE',  ( -5.714999999999998970, -0.1000000000000000056, -0.7293999999999989381 ) ) ;
#100 = CARTESIAN_POINT ( 'NONE',  ( 0.2049999999999999878, 0.1000000000000000056, 1.000000000000000000 ) ) ;
#101 = DIRECTION ( 'NONE',  ( 0.000000000000000000, 0.000000000000000000, 1.000000000000000000 ) ) ;
#102 = EDGE_LOOP ( 'NONE', ( #10028, #5683, #4784, #1166 ) ) ;
#103 = CARTESIAN_POINT ( 'NONE',  ( 6.985000000000000320, -0.1000000000000000472, 0.4952999999999996295 ) ) ;
#104 = PLANE ( 'NONE',  #10524 ) ;
#105 = VECTOR ( 'NONE', #10198, 1000.000000000000000 ) ;
#106 =( NAMED_UNIT ( * ) SI_UNIT ( $, .STERADIAN. ) SOLID_ANGLE_UNIT ( ) );
#107 = AXIS2_PLACEMENT_3D ( 'NONE', #7600, #482, #2325 ) ;
#108 = ORIENTED_EDGE ( 'NONE', *, *, #298, .F. ) ;
#109 = VERTEX_POINT ( 'NONE', #3989 ) ;
#110 = ORIENTED_EDGE ( 'NONE', *, *, #9633, .T. ) ;
#111 = LINE ( 'NONE', #4622, #12499 ) ;
#112 = ORIENTED_EDGE ( 'NONE', *, *, #3991, .F. ) ;
#113 = AXIS2_PLACEMENT_3D ( 'NONE', #617, #4487, #1485 ) ;
#114 = LINE ( 'NONE', #1363, #4304 ) ;
#115 = DIRECTION ( 'NONE',  ( -1.100712865467517572E-16, 0.000000000000000000, -1.000000000000000000 ) ) ;
#116 = VECTOR ( 'NONE', #8595, 1000.000000000000000 ) ;
#117 = PRESENTATION_LAYER_ASSIGNMENT (  '', '', ( #8392 ) ) ;
#118 = DIRECTION ( 'NONE',  ( 0.000000000000000000, -1.000000000000000000, 0.000000000000000000 ) ) ;
#119 = ORIENTED_EDGE ( 'NONE', *, *, #8607, .F. ) ;
#120 = AXIS2_PLACEMENT_3D ( 'NONE', #2890, #9039, #7811 ) ;
#121 = VECTOR ( 'NONE', #11834, 1000.000000000000000 ) ;
#122 = ORIENTED_EDGE ( 'NONE', *, *, #2333, .T. ) ;
#123 = FACE_OUTER_BOUND ( 'NONE', #11994, .T. ) ;
#124 = LINE ( 'NONE', #1078, #12402 ) ;
#125 = ORIENTED_EDGE ( 'NONE', *, *, #4160, .F. ) ;
#126 = VECTOR ( 'NONE', #3043, 1000.000000000000000 ) ;
#127 = DIRECTION ( 'NONE',  ( 0.000000000000000000, 0.000000000000000000, -1.000000000000000000 ) ) ;
#129 = ORIENTED_EDGE ( 'NONE', *, *, #9770, .F. ) ;
#128 = CARTESIAN_POINT ( 'NONE',  ( 4.360000000000002096, 0.03999999999999999389, -2.344883736647870531 ) ) ;
#130 = ORIENTED_EDGE ( 'NONE', *, *, #1955, .F. ) ;
#131 = CARTESIAN_POINT ( 'NONE',  ( -1.750000000000000000, 0.2999999999999999889, 1.750000000000000000 ) ) ;
#132 = DIRECTION ( 'NONE',  ( 0.000000000000000000, 0.000000000000000000, 1.000000000000000000 ) ) ;
#133 = LINE ( 'NONE', #6616, #4365 ) ;
#134 = DIRECTION ( 'NONE',  ( 0.000000000000000000, 0.000000000000000000, -1.000000000000000000 ) ) ;
#135 = ORIENTED_EDGE ( 'NONE', *, *, #3842, .T. ) ;
#136 = CARTESIAN_POINT ( 'NONE',  ( -1.814999999999999947, 0.1000000000000000056, 0.4000000000000000222 ) ) ;
#137 = PLANE ( 'NONE',  #4052 ) ;
#138 = ADVANCED_FACE ( 'NONE', ( #7445 ), #10766, .F. ) ;
#139 = CARTESIAN_POINT ( 'NONE',  ( 3.409999999999998810, 0.04000000000000000083, -1.394999999999999796 ) ) ;
#140 = EDGE_LOOP ( 'NONE', ( #6602, #2185, #2562, #8008 ) ) ;
#141 = DIRECTION ( 'NONE',  ( 0.000000000000000000, 1.000000000000000000, 0.000000000000000000 ) ) ;
#142 = LINE ( 'NONE', #3209, #8682 ) ;
#143 = PRESENTATION_LAYER_ASSIGNMENT (  '', '', ( #4076 ) ) ;
#144 = DIRECTION ( 'NONE',  ( 0.000000000000000000, 1.000000000000000000, 0.000000000000000000 ) ) ;
#145 = EDGE_LOOP ( 'NONE', ( #10937, #817, #5344, #776 ) ) ;
#146 = FACE_OUTER_BOUND ( 'NONE', #6870, .T. ) ;
#147 = SURFACE_STYLE_FILL_AREA ( #1611 ) ;
#148 = VERTEX_POINT ( 'NONE', #3048 ) ;
#149 = ORIENTED_EDGE ( 'NONE', *, *, #9215, .T. ) ;
#150 = VERTEX_POINT ( 'NONE', #7966 ) ;
#151 = VECTOR ( 'NONE', #10476, 1000.000000000000000 ) ;
#152 = EDGE_LOOP ( 'NONE', ( #11383, #6354, #10193, #1466 ) ) ;
#153 = DIRECTION ( 'NONE',  ( -0.000000000000000000, -1.000000000000000000, -0.000000000000000000 ) ) ;
#154 = EDGE_CURVE ( 'NONE', #6396, #7310, #7379, .T. ) ;
#155 = LINE ( 'NONE', #4177, #4149 ) ;
#156 = DIRECTION ( 'NONE',  ( 0.000000000000000000, 1.000000000000000000, 0.000000000000000000 ) ) ;
#157 = DIRECTION ( 'NONE',  ( 0.000000000000000000, 0.000000000000000000, 1.000000000000000000 ) ) ;
#158 = CARTESIAN_POINT ( 'NONE',  ( -1.214999999999999858, 0.000000000000000000, 0.4000000000000000222 ) ) ;
#159 = CARTESIAN_POINT ( 'NONE',  ( 0.8699999999999997735, 0.3100000000000000533, -1.185000000000000053 ) ) ;
#160 = DIRECTION ( 'NONE',  ( 0.000000000000000000, 0.000000000000000000, 1.000000000000000000 ) ) ;
#161 = VECTOR ( 'NONE', #12577, 1000.000000000000000 ) ;
#162 = CARTESIAN_POINT ( 'NONE',  ( 1.214999999999999858, 0.1000000000000000056, 0.4000000000000000222 ) ) ;
#163 = STYLED_ITEM ( 'NONE', ( #5374 ), #5888 ) ;
#164 = ORIENTED_EDGE ( 'NONE', *, *, #5676, .T. ) ;
#165 = ADVANCED_FACE ( 'NONE', ( #11713 ), #7201, .F. ) ;
#166 = CARTESIAN_POINT ( 'NONE',  ( -3.432161706211294572, 3.100000000000000089, -1.932161706211289909 ) ) ;
#167 = ADVANCED_FACE ( 'NONE', ( #11308 ), #8561, .T. ) ;
#168 = ORIENTED_EDGE ( 'NONE', *, *, #4838, .T. ) ;
#169 = VECTOR ( 'NONE', #8432, 1000.000000000000000 ) ;
#170 = VERTEX_POINT ( 'NONE', #8476 ) ;
#171 = EDGE_LOOP ( 'NONE', ( #2872, #8643, #3067, #8454 ) ) ;
#172 = DIRECTION ( 'NONE',  ( 0.000000000000000000, 0.000000000000000000, -1.000000000000000000 ) ) ;
#173 = VERTEX_POINT ( 'NONE', #9490 ) ;
#174 = ORIENTED_EDGE ( 'NONE', *, *, #10770, .T. ) ;
#175 = EDGE_CURVE ( 'NONE', #8097, #877, #11595, .T. ) ;
#176 = VECTOR ( 'NONE', #6720, 1000.000000000000000 ) ;
#177 = ORIENTED_EDGE ( 'NONE', *, *, #8963, .F. ) ;
#178 = DIRECTION ( 'NONE',  ( -1.000000000000000000, 0.000000000000000000, 0.000000000000000000 ) ) ;
#179 = LINE ( 'NONE', #5036, #8637 ) ;
#180 = AXIS2_PLACEMENT_3D ( 'NONE', #7420, #11320, #12364 ) ;
#181 = FACE_OUTER_BOUND ( 'NONE', #9784, .T. ) ;
#182 = EDGE_CURVE ( 'NONE', #5439, #6850, #3279, .T. ) ;
#183 = ORIENTED_EDGE ( 'NONE', *, *, #1993, .T. ) ;
#184 = CARTESIAN_POINT ( 'NONE',  ( -0.2049999999999999878, 0.1000000000000000056, -0.4000000000000000222 ) ) ;
#185 = EDGE_CURVE ( 'NONE', #414, #6381, #11398, .T. ) ;
#186 = AXIS2_PLACEMENT_3D ( 'NONE', #2197, #10055, #6883 ) ;
#187 = VECTOR ( 'NONE', #4330, 1000.000000000000000 ) ;
#188 = DIRECTION ( 'NONE',  ( 0.000000000000000000, 0.000000000000000000, 1.000000000000000000 ) ) ;
#189 = CARTESIAN_POINT ( 'NONE',  ( 0.8050000000000000488, 0.000000000000000000, -0.4000000000000000222 ) ) ;
#190 = CARTESIAN_POINT ( 'NONE',  ( 1.814999999999999947, 0.1000000000000000056, -1.000000000000000000 ) ) ;
#191 = ORIENTED_EDGE ( 'NONE', *, *, #7588, .T. ) ;
#192 = DIRECTION ( 'NONE',  ( 0.000000000000000000, 0.000000000000000000, 1.000000000000000000 ) ) ;
#193 = DIRECTION ( 'NONE',  ( 1.000000000000000000, 0.000000000000000000, 0.000000000000000000 ) ) ;
#194 = PLANE ( 'NONE',  #2335 ) ;
#195 = VECTOR ( 'NONE', #4183, 1000.000000000000000 ) ;
#196 = DIRECTION ( 'NONE',  ( -1.000000000000000000, 0.000000000000000000, 0.000000000000000000 ) ) ;
#197 = CARTESIAN_POINT ( 'NONE',  ( 0.2049999999999999878, 0.1000000000000000056, 0.4000000000000000222 ) ) ;
#198 = ORIENTED_EDGE ( 'NONE', *, *, #4189, .F. ) ;
#199 = CYLINDRICAL_SURFACE ( 'NONE', #10967, 0.09999999999999982514 ) ;
#200 = AXIS2_PLACEMENT_3D ( 'NONE', #11629, #71, #1105 ) ;
#201 = CARTESIAN_POINT ( 'NONE',  ( -0.2049999999999999878, 0.1000000000000000056, 0.4000000000000000222 ) ) ;
#202 = ADVANCED_FACE ( 'NONE', ( #11614 ), #5424, .T. ) ;
#203 = ORIENTED_EDGE ( 'NONE', *, *, #11384, .T. ) ;
#204 = ORIENTED_EDGE ( 'NONE', *, *, #7029, .F. ) ;
#205 = UNCERTAINTY_MEASURE_WITH_UNIT (LENGTH_MEASURE( 1.000000000000000082E-05 ), #8158, 'distance_accuracy_value', 'NONE');
#206 = EDGE_CURVE ( 'NONE', #874, #9070, #7357, .T. ) ;
#207 = LINE ( 'NONE', #10188, #228 ) ;
#208 = ORIENTED_EDGE ( 'NONE', *, *, #5552, .F. ) ;
#209 = PRESENTATION_LAYER_ASSIGNMENT (  '', '', ( #6498 ) ) ;
#210 = VECTOR ( 'NONE', #2499, 1000.000000000000114 ) ;
#211 = EDGE_CURVE ( 'NONE', #10259, #10753, #3118, .T. ) ;
#212 = CARTESIAN_POINT ( 'NONE',  ( -0.2049999999999999878, 0.000000000000000000, 0.4000000000000000222 ) ) ;
#213 = EDGE_CURVE ( 'NONE', #7579, #9665, #3189, .T. ) ;
#214 = VERTEX_POINT ( 'NONE', #12039 ) ;
#215 = LINE ( 'NONE', #11372, #98 ) ;
#216 = EDGE_CURVE ( 'NONE', #12130, #725, #11463, .T. ) ;
#217 = ORIENTED_EDGE ( 'NONE', *, *, #10313, .F. ) ;
#218 = EDGE_CURVE ( 'NONE', #3785, #8014, #2876, .T. ) ;
#219 = VECTOR ( 'NONE', #5214, 1000.000000000000000 ) ;
#220 = ORIENTED_EDGE ( 'NONE', *, *, #7437, .T. ) ;
#221 = DIRECTION ( 'NONE',  ( 0.000000000000000000, -1.000000000000000000, 0.000000000000000000 ) ) ;
#223 = ORIENTED_EDGE ( 'NONE', *, *, #4808, .F. ) ;
#222 = DIRECTION ( 'NONE',  ( -0.000000000000000000, 1.000000000000000000, -0.000000000000000000 ) ) ;
#224 = VERTEX_POINT ( 'NONE', #7731 ) ;
#225 = DIRECTION ( 'NONE',  ( -4.517509052022940401E-16, 0.000000000000000000, -1.000000000000000000 ) ) ;
#226 = DIRECTION ( 'NONE',  ( 0.000000000000000000, 1.000000000000000000, -1.016439536705159026E-15 ) ) ;
#227 =( BOUNDED_CURVE ( )  B_SPLINE_CURVE ( 3, ( #2611, #3788, #11457, #1028 ),
 .UNSPECIFIED., .F., .F. ) 
 B_SPLINE_CURVE_WITH_KNOTS ( ( 4, 4 ),
 ( 1.570796326794895004, 3.141592653589750039 ),
 .UNSPECIFIED. ) 
 CURVE ( )  GEOMETRIC_REPRESENTATION_ITEM ( )  RATIONAL_B_SPLINE_CURVE ( ( 1.000000000000000000, 0.8047378541243749295, 0.8047378541243749295, 1.000000000000000000 ) ) 
 REPRESENTATION_ITEM ( '' )  );
#228 = VECTOR ( 'NONE', #6563, 1000.000000000000000 ) ;
#229 = CARTESIAN_POINT ( 'NONE',  ( -5.714999999999998970, -0.1000000000000000472, -1.364399999999998947 ) ) ;
#230 = VERTEX_POINT ( 'NONE', #6469 ) ;
#231 = DIRECTION ( 'NONE',  ( 0.000000000000000000, 0.000000000000000000, 1.000000000000000000 ) ) ;
#232 = CIRCLE ( 'NONE', #8548, 0.4500000000000000111 ) ;
#233 = DIRECTION ( 'NONE',  ( 1.000000000000000000, 0.000000000000000000, -0.000000000000000000 ) ) ;
#234 = CARTESIAN_POINT ( 'NONE',  ( -2.232161706211294838, 2.899999999999999911, -1.932161706211289909 ) ) ;
#235 = VECTOR ( 'NONE', #8419, 1000.000000000000000 ) ;
#236 = EDGE_CURVE ( 'NONE', #4208, #11549, #11441, .T. ) ;
#237 = ORIENTED_EDGE ( 'NONE', *, *, #7765, .F. ) ;
#238 = DIRECTION ( 'NONE',  ( -0.000000000000000000, 1.000000000000000000, -0.000000000000000000 ) ) ;
#239 = EDGE_CURVE ( 'NONE', #8131, #11550, #2961, .T. ) ;
#240 = EDGE_CURVE ( 'NONE', #7597, #2008, #7115, .T. ) ;
#241 = DIRECTION ( 'NONE',  ( -1.000000000000000000, 0.000000000000000000, 0.000000000000000000 ) ) ;
#242 = ORIENTED_EDGE ( 'NONE', *, *, #11449, .T. ) ;
#243 = LINE ( 'NONE', #11865, #4718 ) ;
#244 = EDGE_CURVE ( 'NONE', #4807, #2495, #11423, .T. ) ;
#245 = AXIS2_PLACEMENT_3D ( 'NONE', #7898, #7990, #4281 ) ;
#246 = FACE_OUTER_BOUND ( 'NONE', #11444, .T. ) ;
#247 = ORIENTED_EDGE ( 'NONE', *, *, #8089, .T. ) ;
#248 = LINE ( 'NONE', #1434, #4249 ) ;
#249 = ORIENTED_EDGE ( 'NONE', *, *, #5413, .F. ) ;
#250 = EDGE_LOOP ( 'NONE', ( #5134, #4322, #5620, #6258 ) ) ;
#251 = ORIENTED_EDGE ( 'NONE', *, *, #9386, .T. ) ;
#252 = CIRCLE ( 'NONE', #6074, 0.5100000000000000089 ) ;
#253 = CARTESIAN_POINT ( 'NONE',  ( 3.810000000000000941, -1.570000000000000062, 8.890000000000000568 ) ) ;
#254 = ADVANCED_FACE ( 'NONE', ( #3054 ), #8096, .T. ) ;
#255 = STYLED_ITEM ( 'NONE', ( #9806 ), #4150 ) ;
#256 = CARTESIAN_POINT ( 'NONE',  ( -4.410000000000001030, 0.5000000000000000000, -3.474999999999999645 ) ) ;
#257 = FILL_AREA_STYLE_COLOUR ( '', #5401 ) ;
#258 = ADVANCED_FACE ( 'NONE', ( #11380 ), #4218, .F. ) ;
#259 = DIRECTION ( 'NONE',  ( 1.000000000000000000, 0.000000000000000000, 0.000000000000000000 ) ) ;
#260 = FACE_OUTER_BOUND ( 'NONE', #7796, .T. ) ;
#261 = DIRECTION ( 'NONE',  ( -0.000000000000000000, 1.000000000000000000, 0.000000000000000000 ) ) ;
#262 = ORIENTED_EDGE ( 'NONE', *, *, #6186, .T. ) ;
#263 = DIRECTION ( 'NONE',  ( 1.000000000000000000, 0.000000000000000000, 0.000000000000000000 ) ) ;
#264 = CARTESIAN_POINT ( 'NONE',  ( -4.159999999999998366, 1.421954445729287864, -2.875000000000000000 ) ) ;
#265 = ORIENTED_EDGE ( 'NONE', *, *, #10091, .T. ) ;
#266 = VECTOR ( 'NONE', #7979, 1000.000000000000000 ) ;
#267 = EDGE_LOOP ( 'NONE', ( #526, #1819, #7036, #11567 ) ) ;
#268 = VECTOR ( 'NONE', #2324, 1000.000000000000000 ) ;
#269 = CARTESIAN_POINT ( 'NONE',  ( -1.430000000000000160, 1.500000000000000000, -0.3699999999999999956 ) ) ;
#270 = STYLED_ITEM ( 'NONE', ( #12584 ), #9476 ) ;
#271 = CARTESIAN_POINT ( 'NONE',  ( -1.803067474140179982, 1.466214779576595850, -0.1869708670886970070 ) ) ;
#272 = EDGE_LOOP ( 'NONE', ( #6855, #3756, #4179, #2439 ) ) ;
#273 = ORIENTED_EDGE ( 'NONE', *, *, #12335, .F. ) ;
#274 = LINE ( 'NONE', #2672, #8603 ) ;
#275 = VERTEX_POINT ( 'NONE', #7529 ) ;
#276 = PLANE ( 'NONE',  #4934 ) ;
#277 = DIRECTION ( 'NONE',  ( 0.000000000000000000, -1.000000000000000000, 0.000000000000000000 ) ) ;
#278 = VECTOR ( 'NONE', #9099, 1000.000000000000000 ) ;
#279 = CYLINDRICAL_SURFACE ( 'NONE', #611, 0.7600000000000002309 ) ;
#280 = VERTEX_POINT ( 'NONE', #2654 ) ;
#281 = CARTESIAN_POINT ( 'NONE',  ( -1.761232120229714759, 1.499821952614895926, 0.1767995608263795149 ) ) ;
#282 = ADVANCED_FACE ( 'NONE', ( #3300 ), #5673, .T. ) ;
#283 = LINE ( 'NONE', #1830, #4574 ) ;
#284 = CARTESIAN_POINT ( 'NONE',  ( 1.969999999999999973, 7.692733390912210645, -1.180000000000000160 ) ) ;
#285 = DIRECTION ( 'NONE',  ( 0.000000000000000000, -1.000000000000000000, 0.000000000000000000 ) ) ;
#286 = ADVANCED_FACE ( 'NONE', ( #7243 ), #4666, .T. ) ;
#287 = CARTESIAN_POINT ( 'NONE',  ( -1.570000000000000062, 0.5000000000000000000, -0.2850000000000003642 ) ) ;
#288 = ORIENTED_EDGE ( 'NONE', *, *, #5969, .T. ) ;
#289 = DIRECTION ( 'NONE',  ( -3.491481338843133355E-15, 0.000000000000000000, -1.000000000000000000 ) ) ;
#290 = DIRECTION ( 'NONE',  ( 0.000000000000000000, 0.000000000000000000, 1.000000000000000000 ) ) ;
#291 = CARTESIAN_POINT ( 'NONE',  ( 3.409999999999998810, -3.407492542097300425E-16, -1.185000000000000053 ) ) ;
#292 = LINE ( 'NONE', #6420, #4491 ) ;
#293 = AXIS2_PLACEMENT_3D ( 'NONE', #9015, #2631, #5503 ) ;
#294 = ORIENTED_EDGE ( 'NONE', *, *, #3679, .T. ) ;
#295 = EDGE_CURVE ( 'NONE', #2501, #2878, #7495, .T. ) ;
#296 = VECTOR ( 'NONE', #1515, 1000.000000000000227 ) ;
#297 = DIRECTION ( 'NONE',  ( 0.000000000000000000, 0.000000000000000000, 1.000000000000000000 ) ) ;
#298 = EDGE_CURVE ( 'NONE', #10678, #9237, #11290, .T. ) ;
#299 = ORIENTED_EDGE ( 'NONE', *, *, #1702, .F. ) ;
#300 = ORIENTED_EDGE ( 'NONE', *, *, #6456, .T. ) ;
#301 = LINE ( 'NONE', #9178, #4809 ) ;
#302 = ORIENTED_EDGE ( 'NONE', *, *, #1153, .F. ) ;
#303 = AXIS2_PLACEMENT_3D ( 'NONE', #8565, #7416, #2794 ) ;
#304 = CYLINDRICAL_SURFACE ( 'NONE', #11828, 0.7600000000000002309 ) ;
#305 = EDGE_CURVE ( 'NONE', #11638, #8193, #2894, .T. ) ;
#306 = DIRECTION ( 'NONE',  ( -0.1391731009600654378, 0.9902680687415703620, 0.000000000000000000 ) ) ;
#307 = VECTOR ( 'NONE', #4822, 1000.000000000000000 ) ;
#308 = LINE ( 'NONE', #4527, #4551 ) ;
#309 = PRODUCT_DEFINITION_SHAPE ( 'NONE', 'NONE',  #770 ) ;
#310 = ORIENTED_EDGE ( 'NONE', *, *, #11045, .T. ) ;
#311 = VECTOR ( 'NONE', #3113, 1000.000000000000000 ) ;
#312 = ORIENTED_EDGE ( 'NONE', *, *, #1575, .T. ) ;
#313 = VECTOR ( 'NONE', #10364, 1000.000000000000000 ) ;
#314 = DIRECTION ( 'NONE',  ( 0.000000000000000000, 0.000000000000000000, 1.000000000000000000 ) ) ;
#315 = ORIENTED_EDGE ( 'NONE', *, *, #4802, .T. ) ;
#316 = LINE ( 'NONE', #5201, #527 ) ;
#317 = FILL_AREA_STYLE_COLOUR ( '', #4338 ) ;
#318 = SURFACE_SIDE_STYLE ('',( #5448 ) ) ;
#319 = ORIENTED_EDGE ( 'NONE', *, *, #2571, .T. ) ;
#320 = VERTEX_POINT ( 'NONE', #8003 ) ;
#321 = DIRECTION ( 'NONE',  ( -0.000000000000000000, -0.000000000000000000, 1.000000000000000000 ) ) ;
#322 = PLANE ( 'NONE',  #1878 ) ;
#323 = VECTOR ( 'NONE', #4176, 1000.000000000000000 ) ;
#324 = DIRECTION ( 'NONE',  ( -0.000000000000000000, -1.000000000000000000, -0.000000000000000000 ) ) ;
#325 = ORIENTED_EDGE ( 'NONE', *, *, #6207, .F. ) ;
#326 = DIRECTION ( 'NONE',  ( 5.421010862427530059E-16, 1.000000000000000000, 0.000000000000000000 ) ) ;
#327 = PLANE ( 'NONE',  #6145 ) ;
#328 = CARTESIAN_POINT ( 'NONE',  ( -1.214999999999999858, 0.1000000000000000056, -0.4000000000000000222 ) ) ;
#329 = AXIS2_PLACEMENT_3D ( 'NONE', #11456, #12508, #943 ) ;
#330 =( LENGTH_UNIT ( ) NAMED_UNIT ( * ) SI_UNIT ( .MILLI., .METRE. ) );
#331 = CARTESIAN_POINT ( 'NONE',  ( -3.432161706211294572, 3.100000000000000089, 1.932161706211294794 ) ) ;
#332 = VECTOR ( 'NONE', #5002, 1000.000000000000000 ) ;
#333 = VECTOR ( 'NONE', #2664, 1000.000000000000000 ) ;
#334 = ORIENTED_EDGE ( 'NONE', *, *, #7666, .F. ) ;
#335 = CARTESIAN_POINT ( 'NONE',  ( -0.8950000000000000178, 1.500000000000000000, -1.180000000000000160 ) ) ;
#336 = DIRECTION ( 'NONE',  ( 0.000000000000000000, 1.000000000000000000, 0.000000000000000000 ) ) ;
#337 = ORIENTED_EDGE ( 'NONE', *, *, #9568, .T. ) ;
#338 = FACE_OUTER_BOUND ( 'NONE', #3464, .T. ) ;
#339 = ORIENTED_EDGE ( 'NONE', *, *, #5207, .T. ) ;
#340 = FACE_OUTER_BOUND ( 'NONE', #11176, .T. ) ;
#341 = EDGE_LOOP ( 'NONE', ( #11439, #7309, #6421, #4095 ) ) ;
#342 = VERTEX_POINT ( 'NONE', #331 ) ;
#343 = CIRCLE ( 'NONE', #10030, 1.650000000000000355 ) ;
#344 = AXIS2_PLACEMENT_3D ( 'NONE', #12212, #2497, #3505 ) ;
#345 = ORIENTED_EDGE ( 'NONE', *, *, #9816, .T. ) ;
#346 = FACE_OUTER_BOUND ( 'NONE', #12175, .T. ) ;
#347 =( LENGTH_UNIT ( ) NAMED_UNIT ( * ) SI_UNIT ( .MILLI., .METRE. ) );
#348 = CARTESIAN_POINT ( 'NONE',  ( 3.810000000000000941, 0.000000000000000000, 8.890000000000000568 ) ) ;
#349 = DIRECTION ( 'NONE',  ( 1.000000000000000000, 0.000000000000000000, 0.000000000000000000 ) ) ;
#350 = VECTOR ( 'NONE', #12603, 1000.000000000000000 ) ;
#351 = DIRECTION ( 'NONE',  ( -0.000000000000000000, -1.000000000000000000, -0.000000000000000000 ) ) ;
#352 = VECTOR ( 'NONE', #12121, 1000.000000000000000 ) ;
#353 = CARTESIAN_POINT ( 'NONE',  ( 1.814999999999999947, 0.000000000000000000, 0.4000000000000000222 ) ) ;
#354 = DIRECTION ( 'NONE',  ( 0.000000000000000000, 1.000000000000000000, 0.000000000000000000 ) ) ;
#355 = ORIENTED_EDGE ( 'NONE', *, *, #10633, .T. ) ;
#356 = CARTESIAN_POINT ( 'NONE',  ( 0.4398837366478682287, 0.3099999999999999978, 0.1250000000000003331 ) ) ;
#357 = VECTOR ( 'NONE', #10434, 1000.000000000000000 ) ;
#358 = AXIS2_PLACEMENT_3D ( 'NONE', #9626, #8905, #11470 ) ;
#359 = CARTESIAN_POINT ( 'NONE',  ( 1.605662432702595011, 0.05000000000000000278, -1.750000000000000000 ) ) ;
#360 = VERTEX_POINT ( 'NONE', #4617 ) ;
#361 = PRESENTATION_STYLE_ASSIGNMENT (( #6128 ) ) ;
#362 = ORIENTED_EDGE ( 'NONE', *, *, #6273, .F. ) ;
#363 = VECTOR ( 'NONE', #7537, 1000.000000000000000 ) ;
#364 = CARTESIAN_POINT ( 'NONE',  ( 6.985000000000000320, -1.519903165712366722, -1.130299999999998972 ) ) ;
#365 = PLANE ( 'NONE',  #2710 ) ;
#366 = ORIENTED_EDGE ( 'NONE', *, *, #6591, .T. ) ;
#367 = VERTEX_POINT ( 'NONE', #1004 ) ;
#368 = ORIENTED_EDGE ( 'NONE', *, *, #1584, .T. ) ;
#369 = EDGE_CURVE ( 'NONE', #5966, #150, #3142, .T. ) ;
#370 = DIRECTION ( 'NONE',  ( 0.000000000000000000, 0.000000000000000000, 1.000000000000000000 ) ) ;
#371 = CARTESIAN_POINT ( 'NONE',  ( 6.985000000000000320, -1.519903165712366722, 0.4952999999999996295 ) ) ;
#372 = EDGE_CURVE ( 'NONE', #7952, #3442, #7265, .T. ) ;
#373 = CYLINDRICAL_SURFACE ( 'NONE', #10601, 0.5100000000000000089 ) ;
#374 = ADVANCED_FACE ( 'NONE', ( #11482 ), #10572, .F. ) ;
#375 = ADVANCED_FACE ( 'NONE', ( #7401 ), #780, .T. ) ;
#376 = VECTOR ( 'NONE', #7364, 1000.000000000000000 ) ;
#377 = ORIENTED_EDGE ( 'NONE', *, *, #10626, .F. ) ;
#378 = CARTESIAN_POINT ( 'NONE',  ( -1.814999999999999947, 0.000000000000000000, -0.4000000000000000222 ) ) ;
#379 = UNCERTAINTY_MEASURE_WITH_UNIT (LENGTH_MEASURE( 1.000000000000000082E-05 ), #2575, 'distance_accuracy_value', 'NONE');
#380 = LINE ( 'NONE', #9706, #8510 ) ;
#381 =( NAMED_UNIT ( * ) SI_UNIT ( $, .STERADIAN. ) SOLID_ANGLE_UNIT ( ) );
#382 = CARTESIAN_POINT ( 'NONE',  ( 1.270000000000000240, 0.000000000000000000, 8.130000000000000782 ) ) ;
#383 = ORIENTED_EDGE ( 'NONE', *, *, #10053, .F. ) ;
#384 = DIRECTION ( 'NONE',  ( -1.000000000000000000, 0.000000000000000000, 0.000000000000000000 ) ) ;
#385 = DIRECTION ( 'NONE',  ( -1.000000000000000000, 0.000000000000000000, 0.000000000000000000 ) ) ;
#386 =( NAMED_UNIT ( * ) PLANE_ANGLE_UNIT ( ) SI_UNIT ( $, .RADIAN. ) );
#387 = LINE ( 'NONE', #5469, #8619 ) ;
#388 = PLANE ( 'NONE',  #3141 ) ;
#389 = ORIENTED_EDGE ( 'NONE', *, *, #4837, .F. ) ;
#390 = ORIENTED_EDGE ( 'NONE', *, *, #9770, .T. ) ;
#391 = EDGE_CURVE ( 'NONE', #10914, #8572, #3096, .T. ) ;
#392 = DIRECTION ( 'NONE',  ( -3.491481338843133355E-15, 0.000000000000000000, -1.000000000000000000 ) ) ;
#393 = ORIENTED_EDGE ( 'NONE', *, *, #6010, .F. ) ;
#394 = ORIENTED_EDGE ( 'NONE', *, *, #2134, .T. ) ;
#395 = EDGE_CURVE ( 'NONE', #11446, #6978, #7339, .T. ) ;
#396 = MANIFOLD_SOLID_BREP ( 'Split1[1]', #1171 ) ;
#397 = FACE_BOUND ( 'NONE', #1091, .T. ) ;
#398 = EDGE_LOOP ( 'NONE', ( #10222, #802, #607, #2243 ) ) ;
#399 = EDGE_CURVE ( 'NONE', #5181, #214, #3771, .T. ) ;
#400 = LINE ( 'NONE', #11108, #8857 ) ;
#401 = EDGE_CURVE ( 'NONE', #6687, #10593, #3479, .T. ) ;
#402 = VECTOR ( 'NONE', #11635, 1000.000000000000000 ) ;
#403 = VECTOR ( 'NONE', #11608, 1000.000000000000000 ) ;
#404 = ORIENTED_EDGE ( 'NONE', *, *, #11564, .F. ) ;
#405 = ADVANCED_FACE ( 'NONE', ( #3748 ), #4483, .F. ) ;
#406 = VECTOR ( 'NONE', #5271, 1000.000000000000000 ) ;
#407 = ADVANCED_FACE ( 'NONE', ( #7945 ), #12531, .F. ) ;
#408 = ORIENTED_EDGE ( 'NONE', *, *, #5969, .F. ) ;
#409 = AXIS2_PLACEMENT_3D ( 'NONE', #9809, #10708, #11699 ) ;
#410 = EDGE_CURVE ( 'NONE', #12259, #2334, #3685, .T. ) ;
#411 = AXIS2_PLACEMENT_3D ( 'NONE', #6388, #7450, #6465 ) ;
#412 = LINE ( 'NONE', #6944, #266 ) ;
#413 = EDGE_LOOP ( 'NONE', ( #6929, #7652, #8646, #1729 ) ) ;
#414 = VERTEX_POINT ( 'NONE', #10369 ) ;
#415 = CARTESIAN_POINT ( 'NONE',  ( 2.979883736647867654, 0.3099999999999999978, -0.08499999999999982569 ) ) ;
#416 = DIRECTION ( 'NONE',  ( 0.000000000000000000, 1.000000000000000000, 0.000000000000000000 ) ) ;
#418 = VERTEX_POINT ( 'NONE', #5574 ) ;
#417 = DIRECTION ( 'NONE',  ( -3.491481338843133355E-15, 0.000000000000000000, -1.000000000000000000 ) ) ;
#419 = VERTEX_POINT ( 'NONE', #11392 ) ;
#420 = VECTOR ( 'NONE', #2302, 1000.000000000000000 ) ;
#421 = FILL_AREA_STYLE ('',( #10947 ) ) ;
#422 = ORIENTED_EDGE ( 'NONE', *, *, #4384, .F. ) ;
#423 = SURFACE_SIDE_STYLE ('',( #10946 ) ) ;
#424 =( NAMED_UNIT ( * ) SI_UNIT ( $, .STERADIAN. ) SOLID_ANGLE_UNIT ( ) );
#425 = DIRECTION ( 'NONE',  ( 0.000000000000000000, 0.000000000000000000, 1.000000000000000000 ) ) ;
#426 = DIRECTION ( 'NONE',  ( 0.000000000000000000, -1.000000000000000000, 0.000000000000000000 ) ) ;
#427 = AXIS2_PLACEMENT_3D ( 'NONE', #5484, #7392, #947 ) ;
#428 = CARTESIAN_POINT ( 'NONE',  ( -1.864999999999999991, 0.2000000000000000111, 1.050000000000000044 ) ) ;
#429 = EDGE_LOOP ( 'NONE', ( #6566, #3710, #2129, #11850 ) ) ;
#430 = CARTESIAN_POINT ( 'NONE',  ( 0.000000000000000000, 1.550000000000000044, 0.000000000000000000 ) ) ;
#431 = CIRCLE ( 'NONE', #10260, 0.4200000000000000400 ) ;
#432 = DIRECTION ( 'NONE',  ( 1.000000000000000000, 0.000000000000000000, 0.000000000000000000 ) ) ;
#433 = ORIENTED_EDGE ( 'NONE', *, *, #10584, .F. ) ;
#434 = VERTEX_POINT ( 'NONE', #870 ) ;
#435 = VECTOR ( 'NONE', #3675, 1000.000000000000000 ) ;
#436 = ADVANCED_FACE ( 'NONE', ( #11738 ), #12260, .F. ) ;
#437 = ORIENTED_EDGE ( 'NONE', *, *, #2088, .T. ) ;
#438 = ORIENTED_EDGE ( 'NONE', *, *, #724, .F. ) ;
#439 = VECTOR ( 'NONE', #10102, 1000.000000000000000 ) ;
#440 = VERTEX_POINT ( 'NONE', #11209 ) ;
#441 = CARTESIAN_POINT ( 'NONE',  ( -6.349999999999999645, -1.570000000000000062, 8.130000000000000782 ) ) ;
#442 = DIRECTION ( 'NONE',  ( 0.000000000000000000, -1.000000000000000000, 0.000000000000000000 ) ) ;
#443 = EDGE_CURVE ( 'NONE', #10275, #10852, #11908, .T. ) ;
#444 = DIRECTION ( 'NONE',  ( -1.000000000000000000, -0.000000000000000000, -0.000000000000000000 ) ) ;
#445 = CARTESIAN_POINT ( 'NONE',  ( 1.214999999999999858, 0.000000000000000000, -0.4000000000000000222 ) ) ;
#446 = LINE ( 'NONE', #7667, #332 ) ;
#447 = DIRECTION ( 'NONE',  ( 1.000000000000000000, 0.000000000000000000, 0.000000000000000000 ) ) ;
#448 = FACE_OUTER_BOUND ( 'NONE', #7555, .T. ) ;
#449 = DIRECTION ( 'NONE',  ( -1.000000000000000000, 0.000000000000000000, 0.000000000000000000 ) ) ;
#450 =( GEOMETRIC_REPRESENTATION_CONTEXT ( 3 ) GLOBAL_UNCERTAINTY_ASSIGNED_CONTEXT ( ( #11974 ) ) GLOBAL_UNIT_ASSIGNED_CONTEXT ( ( #2296, #11991, #11732 ) ) REPRESENTATION_CONTEXT ( 'NONE', 'WORKASPACE' ) );
#451 = DIRECTION ( 'NONE',  ( -1.000000000000000000, 0.000000000000000000, 0.000000000000000000 ) ) ;
#452 = ORIENTED_EDGE ( 'NONE', *, *, #8607, .T. ) ;
#453 = MECHANICAL_DESIGN_GEOMETRIC_PRESENTATION_REPRESENTATION (  '', ( #270 ), #7810 ) ;
#454 = CARTESIAN_POINT ( 'NONE',  ( -1.814999999999999947, 0.1000000000000000056, 0.4000000000000000222 ) ) ;
#455 = CYLINDRICAL_SURFACE ( 'NONE', #3558, 1.650000000000000355 ) ;
#456 = CARTESIAN_POINT ( 'NONE',  ( 5.714999999999999858, 0.000000000000000000, -1.130299999999999194 ) ) ;
#457 = DIRECTION ( 'NONE',  ( -1.000000000000000000, -0.000000000000000000, -0.000000000000000000 ) ) ;
#458 = ORIENTED_EDGE ( 'NONE', *, *, #9063, .T. ) ;
#459 = VECTOR ( 'NONE', #12308, 1000.000000000000000 ) ;
#460 = ORIENTED_EDGE ( 'NONE', *, *, #3307, .T. ) ;
#461 = CARTESIAN_POINT ( 'NONE',  ( -0.9700000000000001954, 1.421954445729287864, -0.2850000000000003642 ) ) ;
#462 = EDGE_LOOP ( 'NONE', ( #8265, #325, #12616, #2974 ) ) ;
#463 = ADVANCED_FACE ( 'NONE', ( #7580 ), #12164, .F. ) ;
#464 = ORIENTED_EDGE ( 'NONE', *, *, #2572, .F. ) ;
#465 = VECTOR ( 'NONE', #2585, 1000.000000000000000 ) ;
#466 = CLOSED_SHELL ( 'NONE', ( #1557, #3687, #3240, #702, #11436, #9448 ) ) ;
#467 = CARTESIAN_POINT ( 'NONE',  ( 3.049999999999998046, 0.04000000000000000083, -3.574999999999997513 ) ) ;
#468 = DIRECTION ( 'NONE',  ( 0.000000000000000000, 0.000000000000000000, 1.000000000000000000 ) ) ;
#469 =( GEOMETRIC_REPRESENTATION_CONTEXT ( 3 ) GLOBAL_UNCERTAINTY_ASSIGNED_CONTEXT ( ( #7781 ) ) GLOBAL_UNIT_ASSIGNED_CONTEXT ( ( #5195, #7959, #9008 ) ) REPRESENTATION_CONTEXT ( 'NONE', 'WORKASPACE' ) );
#470 = LINE ( 'NONE', #6364, #8880 ) ;
#471 = AXIS2_PLACEMENT_3D ( 'NONE', #1725, #6545, #8501 ) ;
#472 = LINE ( 'NONE', #9763, #708 ) ;
#473 = LINE ( 'NONE', #3167, #750 ) ;
#474 = EDGE_LOOP ( 'NONE', ( #10950, #8245, #11382, #6750 ) ) ;
#475 = FACE_OUTER_BOUND ( 'NONE', #9406, .T. ) ;
#476 = CARTESIAN_POINT ( 'NONE',  ( -1.430000000000000160, 1.399999999999999911, 0.000000000000000000 ) ) ;
#477 = DIRECTION ( 'NONE',  ( 0.000000000000000000, 0.000000000000000000, 1.000000000000000000 ) ) ;
#478 = MECHANICAL_DESIGN_GEOMETRIC_PRESENTATION_REPRESENTATION (  '', ( #11433 ), #5038 ) ;
#479 = CARTESIAN_POINT ( 'NONE',  ( 4.609999999999997655, 0.3099999999999999978, -3.575000000000002842 ) ) ;
#480 = ORIENTED_EDGE ( 'NONE', *, *, #6887, .T. ) ;
#481 = CARTESIAN_POINT ( 'NONE',  ( -1.430000000000000160, 1.500000000000000000, -0.4200000000000000400 ) ) ;
#482 = DIRECTION ( 'NONE',  ( 0.000000000000000000, 1.000000000000000000, -0.000000000000000000 ) ) ;
#483 = CARTESIAN_POINT ( 'NONE',  ( -1.835769684305115002, 1.550000000000000044, -0.1945532402683884943 ) ) ;
#484 = VECTOR ( 'NONE', #9284, 1000.000000000000000 ) ;
#485 = CARTESIAN_POINT ( 'NONE',  ( 0.000000000000000000, 0.000000000000000000, 0.000000000000000000 ) ) ;
#486 = VERTEX_POINT ( 'NONE', #5645 ) ;
#487 = CARTESIAN_POINT ( 'NONE',  ( 2.979883736647867654, 0.04000000000000000083, 0.1250000000000001110 ) ) ;
#488 = ORIENTED_EDGE ( 'NONE', *, *, #11508, .T. ) ;
#489 = ORIENTED_EDGE ( 'NONE', *, *, #9279, .F. ) ;
#490 = VECTOR ( 'NONE', #5295, 1000.000000000000000 ) ;
#491 = EDGE_LOOP ( 'NONE', ( #5572, #609, #7319, #2256 ) ) ;
#492 = LINE ( 'NONE', #11192, #8787 ) ;
#493 = ADVANCED_FACE ( 'NONE', ( #3706 ), #6514, .F. ) ;
#494 = SURFACE_STYLE_USAGE ( .BOTH. , #3241 ) ;
#495 = CARTESIAN_POINT ( 'NONE',  ( 0.4398837366478682287, 0.04000000000000000083, 0.1250000000000003331 ) ) ;
#496 = VERTEX_POINT ( 'NONE', #1 ) ;
#497 = LINE ( 'NONE', #1010, #8909 ) ;
#498 = LINE ( 'NONE', #10002, #4692 ) ;
#499 = VERTEX_POINT ( 'NONE', #91 ) ;
#500 = VERTEX_POINT ( 'NONE', #10012 ) ;
#501 = DIRECTION ( 'NONE',  ( 0.000000000000000000, 0.000000000000000000, 1.000000000000000000 ) ) ;
#502 = CARTESIAN_POINT ( 'NONE',  ( 1.814999999999999947, 0.1000000000000000056, -0.4000000000000000222 ) ) ;
#504 = ORIENTED_EDGE ( 'NONE', *, *, #7756, .F. ) ;
#503 = DIRECTION ( 'NONE',  ( 0.000000000000000000, 0.000000000000000000, 1.000000000000000000 ) ) ;
#505 = EDGE_LOOP ( 'NONE', ( #2738, #10603, #6192, #12233 ) ) ;
#506 = FACE_BOUND ( 'NONE', #2800, .T. ) ;
#507 = PLANE ( 'NONE',  #7322 ) ;
#508 = EDGE_LOOP ( 'NONE', ( #3306, #7914, #11087, #10508 ) ) ;
#509 =( LENGTH_UNIT ( ) NAMED_UNIT ( * ) SI_UNIT ( .MILLI., .METRE. ) );
#510 = CARTESIAN_POINT ( 'NONE',  ( 0.8050000000000000488, 0.000000000000000000, 0.4000000000000000222 ) ) ;
#511 = DIRECTION ( 'NONE',  ( 0.000000000000000000, -1.000000000000000000, 0.000000000000000000 ) ) ;
#512 = DIRECTION ( 'NONE',  ( -0.000000000000000000, 1.000000000000000000, 0.000000000000000000 ) ) ;
#513 = LINE ( 'NONE', #6612, #593 ) ;
#514 = DIRECTION ( 'NONE',  ( 0.000000000000000000, 1.000000000000000000, -0.000000000000000000 ) ) ;
#515 = EDGE_CURVE ( 'NONE', #760, #12540, #3347, .T. ) ;
#516 = LINE ( 'NONE', #3707, #402 ) ;
#517 = FACE_OUTER_BOUND ( 'NONE', #140, .T. ) ;
#518 = VERTEX_POINT ( 'NONE', #6014 ) ;
#519 = PRESENTATION_STYLE_ASSIGNMENT (( #5332 ) ) ;
#520 = MECHANICAL_DESIGN_GEOMETRIC_PRESENTATION_REPRESENTATION (  '', ( #1946 ), #2691 ) ;
#521 = DIRECTION ( 'NONE',  ( 1.000000000000000000, 0.000000000000000000, -1.100712865467515846E-16 ) ) ;
#522 = PLANE ( 'NONE',  #4954 ) ;
#523 = FACE_OUTER_BOUND ( 'NONE', #3914, .T. ) ;
#524 = ORIENTED_EDGE ( 'NONE', *, *, #869, .F. ) ;
#525 = LINE ( 'NONE', #12129, #195 ) ;
#526 = ORIENTED_EDGE ( 'NONE', *, *, #2253, .F. ) ;
#527 = VECTOR ( 'NONE', #289, 1000.000000000000000 ) ;
#528 = VERTEX_POINT ( 'NONE', #1205 ) ;
#529 = ORIENTED_EDGE ( 'NONE', *, *, #11681, .T. ) ;
#530 = COLOUR_RGB ( '',0.9960784313725490335, 0.8705882352941176627, 0.7607843137254901578 ) ;
#531 = CLOSED_SHELL ( 'NONE', ( #6195, #9552, #7621, #8608, #5165, #5577 ) ) ;
#532 =( GEOMETRIC_REPRESENTATION_CONTEXT ( 3 ) GLOBAL_UNCERTAINTY_ASSIGNED_CONTEXT ( ( #4396 ) ) GLOBAL_UNIT_ASSIGNED_CONTEXT ( ( #8635, #2444, #3443 ) ) REPRESENTATION_CONTEXT ( 'NONE', 'WORKASPACE' ) );
#533 = FACE_OUTER_BOUND ( 'NONE', #4842, .T. ) ;
#534 = DIRECTION ( 'NONE',  ( 0.000000000000000000, 1.000000000000000000, -1.016439536705159026E-15 ) ) ;
#535 = CARTESIAN_POINT ( 'NONE',  ( -0.8950000000000000178, 1.399999999999999911, 1.180000000000000160 ) ) ;
#536 = DIRECTION ( 'NONE',  ( 1.000000000000000000, 0.000000000000000000, -4.517509052022940401E-16 ) ) ;
#537 = DIRECTION ( 'NONE',  ( 0.000000000000000000, 0.000000000000000000, -1.000000000000000000 ) ) ;
#538 = CARTESIAN_POINT ( 'NONE',  ( -6.984999999999999432, -0.1000000000000000472, 0.09439999999999945657 ) ) ;
#539 = EDGE_LOOP ( 'NONE', ( #9103, #9304, #9123, #5902 ) ) ;
#540 = VECTOR ( 'NONE', #10479, 1000.000000000000000 ) ;
#541 = PLANE ( 'NONE',  #3154 ) ;
#542 = EDGE_CURVE ( 'NONE', #8240, #11307, #12156, .T. ) ;
#543 = CARTESIAN_POINT ( 'NONE',  ( 1.214999999999999858, 0.1000000000000000056, -0.4000000000000000222 ) ) ;
#544 = ORIENTED_EDGE ( 'NONE', *, *, #4086, .F. ) ;
#545 = AXIS2_PLACEMENT_3D ( 'NONE', #7773, #5933, #6834 ) ;
#546 = VERTEX_POINT ( 'NONE', #4154 ) ;
#547 = ORIENTED_EDGE ( 'NONE', *, *, #5238, .F. ) ;
#548 = ORIENTED_EDGE ( 'NONE', *, *, #1801, .F. ) ;
#549 = FACE_BOUND ( 'NONE', #9890, .T. ) ;
#550 = ORIENTED_EDGE ( 'NONE', *, *, #11590, .F. ) ;
#551 = CARTESIAN_POINT ( 'NONE',  ( 3.350000000000000089, 1.149999999999999911, -1.199999999999999956 ) ) ;
#552 = UNCERTAINTY_MEASURE_WITH_UNIT (LENGTH_MEASURE( 1.000000000000000082E-05 ), #2518, 'distance_accuracy_value', 'NONE');
#553 = EDGE_CURVE ( 'NONE', #1046, #7166, #3789, .T. ) ;
#554 = LINE ( 'NONE', #8722, #4746 ) ;
#555 = CIRCLE ( 'NONE', #9772, 0.7600000000000002309 ) ;
#556 = EDGE_CURVE ( 'NONE', #10968, #8126, #7629, .T. ) ;
#557 = ORIENTED_EDGE ( 'NONE', *, *, #82, .F. ) ;
#558 = EDGE_CURVE ( 'NONE', #723, #3535, #7772, .T. ) ;
#559 = VECTOR ( 'NONE', #11362, 1000.000000000000114 ) ;
#560 = APPLICATION_CONTEXT ( 'automotive_design' ) ;
#561 = EDGE_CURVE ( 'NONE', #1954, #2687, #7535, .T. ) ;
#562 = CARTESIAN_POINT ( 'NONE',  ( 5.079999999999999183, 0.000000000000000000, -9.269999999999999574 ) ) ;
#563 = ORIENTED_EDGE ( 'NONE', *, *, #699, .T. ) ;
#564 = CARTESIAN_POINT ( 'NONE',  ( 3.810000000000000941, -1.570000000000000284, 9.650000000000000355 ) ) ;
#565 = CARTESIAN_POINT ( 'NONE',  ( 4.570000000000002061, 0.04000000000000000083, -2.344883736647871419 ) ) ;
#566 = CARTESIAN_POINT ( 'NONE',  ( 4.209999999999999076, 0.3499999999999999778, 0.1650000000000001188 ) ) ;
#567 = DIRECTION ( 'NONE',  ( 0.000000000000000000, -1.000000000000000000, 0.000000000000000000 ) ) ;
#568 = EDGE_CURVE ( 'NONE', #8572, #942, #7793, .T. ) ;
#569 = ORIENTED_EDGE ( 'NONE', *, *, #6227, .F. ) ;
#570 = DIRECTION ( 'NONE',  ( 0.000000000000000000, -1.000000000000000000, 0.000000000000000000 ) ) ;
#571 = ORIENTED_EDGE ( 'NONE', *, *, #30, .T. ) ;
#572 = ORIENTED_EDGE ( 'NONE', *, *, #3194, .F. ) ;
#573 = ORIENTED_EDGE ( 'NONE', *, *, #1584, .F. ) ;
#574 = FACE_OUTER_BOUND ( 'NONE', #2577, .T. ) ;
#575 = PLANE ( 'NONE',  #3485 ) ;
#576 = FACE_OUTER_BOUND ( 'NONE', #12365, .T. ) ;
#577 = ORIENTED_EDGE ( 'NONE', *, *, #814, .F. ) ;
#578 = CIRCLE ( 'NONE', #2487, 0.7600000000000002309 ) ;
#579 = ORIENTED_EDGE ( 'NONE', *, *, #2330, .F. ) ;
#580 = EDGE_CURVE ( 'NONE', #2564, #5251, #11756, .T. ) ;
#581 = ORIENTED_EDGE ( 'NONE', *, *, #3336, .T. ) ;
#582 = CARTESIAN_POINT ( 'NONE',  ( 3.649999999999999911, 0.3499999999999999778, 1.199999999999999956 ) ) ;
#583 = AXIS2_PLACEMENT_3D ( 'NONE', #1983, #8711, #5700 ) ;
#584 = DIRECTION ( 'NONE',  ( 0.000000000000000000, 1.000000000000000000, 0.000000000000000000 ) ) ;
#586 = ORIENTED_EDGE ( 'NONE', *, *, #9166, .F. ) ;
#585 = DIRECTION ( 'NONE',  ( 0.000000000000000000, 0.000000000000000000, 1.000000000000000000 ) ) ;
#587 = VERTEX_POINT ( 'NONE', #1997 ) ;
#588 = CARTESIAN_POINT ( 'NONE',  ( -3.809999999999999609, -1.570000000000000284, 9.400000000000002132 ) ) ;
#589 = VERTEX_POINT ( 'NONE', #5863 ) ;
#590 = DIRECTION ( 'NONE',  ( 0.000000000000000000, -1.000000000000000000, 0.000000000000000000 ) ) ;
#591 = DIRECTION ( 'NONE',  ( -0.000000000000000000, -1.000000000000000000, -0.000000000000000000 ) ) ;
#592 = PLANE ( 'NONE',  #11509 ) ;
#593 = VECTOR ( 'NONE', #5589, 1000.000000000000000 ) ;
#594 = ADVANCED_FACE ( 'NONE', ( #3370 ), #2940, .F. ) ;
#595 = DIRECTION ( 'NONE',  ( 0.000000000000000000, 1.000000000000000000, -0.000000000000000000 ) ) ;
#596 = ADVANCED_FACE ( 'NONE', ( #11997 ), #11923, .T. ) ;
#597 = DIRECTION ( 'NONE',  ( 0.000000000000000000, 0.000000000000000000, -1.000000000000000000 ) ) ;
#598 = VECTOR ( 'NONE', #8078, 1000.000000000000000 ) ;
#599 = ORIENTED_EDGE ( 'NONE', *, *, #11661, .F. ) ;
#600 = CARTESIAN_POINT ( 'NONE',  ( -1.214999999999999858, 0.1000000000000000056, -1.000000000000000000 ) ) ;
#601 = FACE_OUTER_BOUND ( 'NONE', #9410, .T. ) ;
#602 = FILL_AREA_STYLE_COLOUR ( '', #8772 ) ;
#603 = CARTESIAN_POINT ( 'NONE',  ( -3.250000000000000000, 1.550000000000000044, -2.149999999999999911 ) ) ;
#604 = CIRCLE ( 'NONE', #6205, 0.05000000000000002359 ) ;
#605 = STYLED_ITEM ( 'NONE', ( #8870 ), #1126 ) ;
#606 = FILL_AREA_STYLE_COLOUR ( '', #3258 ) ;
#607 = ORIENTED_EDGE ( 'NONE', *, *, #12474, .F. ) ;
#608 = EDGE_CURVE ( 'NONE', #2535, #8715, #11930, .T. ) ;
#609 = ORIENTED_EDGE ( 'NONE', *, *, #3965, .F. ) ;
#610 = EDGE_LOOP ( 'NONE', ( #3684, #805 ) ) ;
#611 = AXIS2_PLACEMENT_3D ( 'NONE', #12296, #8140, #9271 ) ;
#612 = ORIENTED_EDGE ( 'NONE', *, *, #542, .T. ) ;
#613 = EDGE_CURVE ( 'NONE', #1427, #12038, #11889, .T. ) ;
#614 = AXIS2_PLACEMENT_3D ( 'NONE', #7168, #5748, #10239 ) ;
#615 = LINE ( 'NONE', #5782, #8951 ) ;
#616 = DIRECTION ( 'NONE',  ( 1.000000000000000000, 0.000000000000000000, -3.491481338843133750E-15 ) ) ;
#617 = CARTESIAN_POINT ( 'NONE',  ( -3.809999999999999609, -1.570000000000000062, 8.890000000000000568 ) ) ;
#618 = DIRECTION ( 'NONE',  ( -3.491481338843133355E-15, 0.000000000000000000, -1.000000000000000000 ) ) ;
#619 = CARTESIAN_POINT ( 'NONE',  ( -0.9700000000000001954, 0.5000000000000000000, -0.2850000000000003642 ) ) ;
#620 = VECTOR ( 'NONE', #6823, 1000.000000000000000 ) ;
#621 = CARTESIAN_POINT ( 'NONE',  ( -3.432161706211294572, 2.899999999999999911, -1.932161706211289909 ) ) ;
#622 = FACE_OUTER_BOUND ( 'NONE', #1692, .T. ) ;
#623 = CARTESIAN_POINT ( 'NONE',  ( -3.460000000000000409, 0.5000000000000000000, -2.875000000000000000 ) ) ;
#624 = CARTESIAN_POINT ( 'NONE',  ( 3.259999999999997122, 0.03999999999999999389, -3.574999999999998401 ) ) ;
#625 = CARTESIAN_POINT ( 'NONE',  ( -1.269999999999999352, -3.719604614807106024, 8.380000000000000782 ) ) ;
#626 = ORIENTED_EDGE ( 'NONE', *, *, #6976, .T. ) ;
#627 = DIRECTION ( 'NONE',  ( 0.000000000000000000, 0.000000000000000000, 1.000000000000000000 ) ) ;
#628 = FACE_OUTER_BOUND ( 'NONE', #5027, .T. ) ;
#629 = DIRECTION ( 'NONE',  ( 0.000000000000000000, 0.000000000000000000, 1.000000000000000000 ) ) ;
#630 = CARTESIAN_POINT ( 'NONE',  ( 5.714999999999999858, 0.000000000000000000, -0.9524999999999999023 ) ) ;
#631 = LINE ( 'NONE', #9788, #9045 ) ;
#632 = LINE ( 'NONE', #10956, #5197 ) ;
#633 = EDGE_LOOP ( 'NONE', ( #8189, #7969, #11755, #125 ) ) ;
#634 = COLOUR_RGB ( '',1.000000000000000000, 1.000000000000000000, 1.000000000000000000 ) ;
#635 = VERTEX_POINT ( 'NONE', #3806 ) ;
#636 = ORIENTED_EDGE ( 'NONE', *, *, #12601, .T. ) ;
#637 = FACE_BOUND ( 'NONE', #3602, .T. ) ;
#638 = VERTEX_POINT ( 'NONE', #4064 ) ;
#639 = EDGE_CURVE ( 'NONE', #7795, #3477, #3393, .T. ) ;
#640 = DIRECTION ( 'NONE',  ( -1.000000000000000000, 0.000000000000000000, 3.491481338843133355E-15 ) ) ;
#641 = DIRECTION ( 'NONE',  ( 1.000000000000000000, 0.000000000000000000, 0.000000000000000000 ) ) ;
#642 = AXIS2_PLACEMENT_3D ( 'NONE', #4315, #6068, #11050 ) ;
#643 = LINE ( 'NONE', #2521, #665 ) ;
#644 = VECTOR ( 'NONE', #11733, 1000.000000000000000 ) ;
#645 = VECTOR ( 'NONE', #10126, 1000.000000000000000 ) ;
#646 = EDGE_CURVE ( 'NONE', #5998, #320, #11950, .T. ) ;
#647 = ORIENTED_EDGE ( 'NONE', *, *, #3415, .T. ) ;
#648 = VECTOR ( 'NONE', #1945, 1000.000000000000000 ) ;
#649 = CARTESIAN_POINT ( 'NONE',  ( -2.350000000000000089, 0.2999999999999999889, 1.199999999999999956 ) ) ;
#650 = PRODUCT_CONTEXT ( 'NONE', #3223, 'mechanical' ) ;
#651 = CARTESIAN_POINT ( 'NONE',  ( 1.270000000000000240, -3.719604614807106024, 8.890000000000000568 ) ) ;
#652 = LINE ( 'NONE', #3644, #4873 ) ;
#653 = CARTESIAN_POINT ( 'NONE',  ( -0.2049999999999999878, 0.1000000000000000056, -1.000000000000000000 ) ) ;
#654 = PLANE ( 'NONE',  #7454 ) ;
#655 = PLANE ( 'NONE',  #411 ) ;
#656 = CARTESIAN_POINT ( 'NONE',  ( 1.864999999999999991, 0.2000000000000000111, 1.050000000000000044 ) ) ;
#657 = VECTOR ( 'NONE', #6124, 1000.000000000000000 ) ;
#658 = ORIENTED_EDGE ( 'NONE', *, *, #4780, .F. ) ;
#659 = VECTOR ( 'NONE', #10122, 1000.000000000000000 ) ;
#660 = DIRECTION ( 'NONE',  ( 0.000000000000000000, 0.000000000000000000, 1.000000000000000000 ) ) ;
#661 = ORIENTED_EDGE ( 'NONE', *, *, #7640, .T. ) ;
#662 = ORIENTED_EDGE ( 'NONE', *, *, #3695, .T. ) ;
#663 = LINE ( 'NONE', #10180, #4566 ) ;
#664 = ORIENTED_EDGE ( 'NONE', *, *, #1597, .T. ) ;
#665 = VECTOR ( 'NONE', #3436, 1000.000000000000000 ) ;
#666 = CYLINDRICAL_SURFACE ( 'NONE', #7030, 0.04999999999999991257 ) ;
#667 = ORIENTED_EDGE ( 'NONE', *, *, #12342, .F. ) ;
#668 = EDGE_CURVE ( 'NONE', #12403, #12004, #3572, .T. ) ;
#669 = VECTOR ( 'NONE', #2673, 1000.000000000000000 ) ;
#670 = ORIENTED_EDGE ( 'NONE', *, *, #182, .T. ) ;
#671 =( GEOMETRIC_REPRESENTATION_CONTEXT ( 3 ) GLOBAL_UNCERTAINTY_ASSIGNED_CONTEXT ( ( #2910 ) ) GLOBAL_UNIT_ASSIGNED_CONTEXT ( ( #2266, #7125, #8170 ) ) REPRESENTATION_CONTEXT ( 'NONE', 'WORKASPACE' ) );
#672 = CARTESIAN_POINT ( 'NONE',  ( 0.000000000000000000, 0.000000000000000000, 0.000000000000000000 ) ) ;
#673 = DIRECTION ( 'NONE',  ( -1.000000000000000000, 0.000000000000000000, -0.000000000000000000 ) ) ;
#674 = CLOSED_SHELL ( 'NONE', ( #10283, #10163, #10350, #3270, #7394, #675, #901, #5581, #11390, #11138 ) ) ;
#675 = ADVANCED_FACE ( 'NONE', ( #12089 ), #5791, .T. ) ;
#676 = VERTEX_POINT ( 'NONE', #9937 ) ;
#677 = CARTESIAN_POINT ( 'NONE',  ( -3.649999999999999911, 1.550000000000000044, -2.149999999999999911 ) ) ;
#678 = FACE_BOUND ( 'NONE', #6951, .T. ) ;
#679 = CARTESIAN_POINT ( 'NONE',  ( 4.609999999999997655, 0.3499999999999999778, -3.575000000000002842 ) ) ;
#680 = VERTEX_POINT ( 'NONE', #10829 ) ;
#681 = CARTESIAN_POINT ( 'NONE',  ( -6.984999999999999432, -0.1000000000000000472, -0.7293999999999991601 ) ) ;
#682 = DIRECTION ( 'NONE',  ( 0.000000000000000000, 0.000000000000000000, -1.000000000000000000 ) ) ;
#683 = DIRECTION ( 'NONE',  ( 0.000000000000000000, -1.000000000000000000, 0.000000000000000000 ) ) ;
#684 = EDGE_CURVE ( 'NONE', #1275, #1731, #7833, .T. ) ;
#685 = SURFACE_STYLE_FILL_AREA ( #8753 ) ;
#686 = DIRECTION ( 'NONE',  ( 0.000000000000000000, 0.000000000000000000, 1.000000000000000000 ) ) ;
#687 =( NAMED_UNIT ( * ) PLANE_ANGLE_UNIT ( ) SI_UNIT ( $, .RADIAN. ) );
#688 = STYLED_ITEM ( 'NONE', ( #10219 ), #6199 ) ;
#689 = ORIENTED_EDGE ( 'NONE', *, *, #11588, .T. ) ;
#690 = DIRECTION ( 'NONE',  ( -0.000000000000000000, 1.000000000000000000, -0.000000000000000000 ) ) ;
#691 = VECTOR ( 'NONE', #6259, 1000.000000000000000 ) ;
#692 = AXIS2_PLACEMENT_3D ( 'NONE', #5587, #2376, #716 ) ;
#693 = ORIENTED_EDGE ( 'NONE', *, *, #9088, .T. ) ;
#694 = ORIENTED_EDGE ( 'NONE', *, *, #8374, .T. ) ;
#695 = EDGE_LOOP ( 'NONE', ( #8981, #7381, #5352, #2861 ) ) ;
#696 = VECTOR ( 'NONE', #6772, 1000.000000000000000 ) ;
#697 = ORIENTED_EDGE ( 'NONE', *, *, #8408, .T. ) ;
#698 = EDGE_CURVE ( 'NONE', #1049, #11113, #7809, .T. ) ;
#699 = EDGE_CURVE ( 'NONE', #3533, #2941, #11825, .T. ) ;
#700 = PRESENTATION_STYLE_ASSIGNMENT (( #9727 ) ) ;
#701 = CARTESIAN_POINT ( 'NONE',  ( 4.570000000000002061, 0.04000000000000000083, -2.344883736647871419 ) ) ;
#702 = ADVANCED_FACE ( 'NONE', ( #3434 ), #9256, .T. ) ;
#703 = CARTESIAN_POINT ( 'NONE',  ( 1.814999999999999947, 0.000000000000000000, 0.4000000000000000222 ) ) ;
#704 = AXIS2_PLACEMENT_3D ( 'NONE', #9253, #1344, #10162 ) ;
#705 = DIRECTION ( 'NONE',  ( 1.000000000000000000, -0.000000000000000000, 0.000000000000000000 ) ) ;
#706 = DIRECTION ( 'NONE',  ( 0.000000000000000000, -1.000000000000000000, 0.000000000000000000 ) ) ;
#707 = ADVANCED_FACE ( 'NONE', ( #3455 ), #2569, .T. ) ;
#708 = VECTOR ( 'NONE', #5851, 1000.000000000000000 ) ;
#709 = DIRECTION ( 'NONE',  ( 0.000000000000000000, 1.000000000000000000, 0.000000000000000000 ) ) ;
#710 = LINE ( 'NONE', #5142, #8975 ) ;
#711 = DIRECTION ( 'NONE',  ( 0.000000000000000000, 1.000000000000000000, 0.000000000000000000 ) ) ;
#712 = DIRECTION ( 'NONE',  ( 0.000000000000000000, 0.000000000000000000, 1.000000000000000000 ) ) ;
#713 = VERTEX_POINT ( 'NONE', #551 ) ;
#714 = CARTESIAN_POINT ( 'NONE',  ( -1.430000000000000160, 1.399999999999999911, 0.000000000000000000 ) ) ;
#715 = LINE ( 'NONE', #4804, #5086 ) ;
#716 = DIRECTION ( 'NONE',  ( 0.000000000000000000, -0.000000000000000000, 1.000000000000000000 ) ) ;
#717 = CARTESIAN_POINT ( 'NONE',  ( -6.349999999999999645, 0.000000000000000000, 8.130000000000000782 ) ) ;
#718 = UNCERTAINTY_MEASURE_WITH_UNIT (LENGTH_MEASURE( 1.000000000000000082E-05 ), #10492, 'distance_accuracy_value', 'NONE');
#719 = LINE ( 'NONE', #9979, #9257 ) ;
#720 = CLOSED_SHELL ( 'NONE', ( #6039, #5827, #10553, #6969, #3152, #3974 ) ) ;
#721 = DIRECTION ( 'NONE',  ( 0.000000000000000000, 0.000000000000000000, 1.000000000000000000 ) ) ;
#722 = VERTEX_POINT ( 'NONE', #4598 ) ;
#723 = VERTEX_POINT ( 'NONE', #7170 ) ;
#724 = EDGE_CURVE ( 'NONE', #10910, #8884, #3635, .T. ) ;
#725 = VERTEX_POINT ( 'NONE', #10318 ) ;
#726 = CARTESIAN_POINT ( 'NONE',  ( 0.4398837366478682287, 0.04000000000000000083, -1.394999999999999574 ) ) ;
#727 = EDGE_CURVE ( 'NONE', #7657, #8912, #7859, .T. ) ;
#728 = EDGE_CURVE ( 'NONE', #5795, #8776, #11868, .T. ) ;
#729 = AXIS2_PLACEMENT_3D ( 'NONE', #9243, #12600, #1490 ) ;
#730 = VECTOR ( 'NONE', #11794, 1000.000000000000000 ) ;
#731 = ORIENTED_EDGE ( 'NONE', *, *, #2990, .F. ) ;
#732 = VECTOR ( 'NONE', #8854, 1000.000000000000000 ) ;
#733 = CARTESIAN_POINT ( 'NONE',  ( -0.8050000000000000488, 0.000000000000000000, 0.4000000000000000222 ) ) ;
#734 = CARTESIAN_POINT ( 'NONE',  ( 3.810000000000000941, -1.570000000000000284, 9.400000000000000355 ) ) ;
#735 = SURFACE_STYLE_USAGE ( .BOTH. , #992 ) ;
#736 = SURFACE_STYLE_USAGE ( .BOTH. , #6308 ) ;
#737 = CARTESIAN_POINT ( 'NONE',  ( -1.764708576402989726, 1.499317576743044222, 0.1776669700248924844 ) ) ;
#738 = DIRECTION ( 'NONE',  ( 0.000000000000000000, 1.000000000000000000, 0.000000000000000000 ) ) ;
#739 = VECTOR ( 'NONE', #8001, 1000.000000000000000 ) ;
#740 = ORIENTED_EDGE ( 'NONE', *, *, #2879, .T. ) ;
#741 = CARTESIAN_POINT ( 'NONE',  ( -1.269999999999999352, -1.570000000000000062, 9.650000000000000355 ) ) ;
#742 = EDGE_LOOP ( 'NONE', ( #9212, #273, #2344, #12230 ) ) ;
#744 = VERTEX_POINT ( 'NONE', #6296 ) ;
#743 = DIRECTION ( 'NONE',  ( -1.000000000000000000, 8.199904827254259034E-17, 0.000000000000000000 ) ) ;
#745 = VERTEX_POINT ( 'NONE', #11241 ) ;
#746 = LINE ( 'NONE', #1716, #9058 ) ;
#747 = DIRECTION ( 'NONE',  ( 0.000000000000000000, -1.000000000000000000, 0.000000000000000000 ) ) ;
#748 = EDGE_CURVE ( 'NONE', #8240, #3122, #7654, .T. ) ;
#749 = FACE_OUTER_BOUND ( 'NONE', #7286, .T. ) ;
#750 = VECTOR ( 'NONE', #5481, 1000.000000000000000 ) ;
#751 = EDGE_CURVE ( 'NONE', #2506, #11671, #3934, .T. ) ;
#752 = ORIENTED_EDGE ( 'NONE', *, *, #987, .F. ) ;
#753 = AXIS2_PLACEMENT_3D ( 'NONE', #5773, #9837, #1025 ) ;
#754 = EDGE_CURVE ( 'NONE', #8427, #1588, #3915, .T. ) ;
#755 = LINE ( 'NONE', #8966, #5153 ) ;
#756 = ORIENTED_EDGE ( 'NONE', *, *, #8436, .T. ) ;
#757 = DIRECTION ( 'NONE',  ( 1.000000000000000000, 0.000000000000000000, 0.000000000000000000 ) ) ;
#758 = DIRECTION ( 'NONE',  ( 0.000000000000000000, 0.000000000000000000, 1.000000000000000000 ) ) ;
#759 = ORIENTED_EDGE ( 'NONE', *, *, #5723, .F. ) ;
#760 = VERTEX_POINT ( 'NONE', #8216 ) ;
#761 = AXIS2_PLACEMENT_3D ( 'NONE', #971, #2795, #5584 ) ;
#762 = MANIFOLD_SOLID_BREP ( 'NONE', #466 ) ;
#763 = VECTOR ( 'NONE', #10348, 1000.000000000000000 ) ;
#764 =( NAMED_UNIT ( * ) SI_UNIT ( $, .STERADIAN. ) SOLID_ANGLE_UNIT ( ) );
#765 = ORIENTED_EDGE ( 'NONE', *, *, #2098, .F. ) ;
#766 =( LENGTH_UNIT ( ) NAMED_UNIT ( * ) SI_UNIT ( .MILLI., .METRE. ) );
#767 = DIRECTION ( 'NONE',  ( 0.000000000000000000, 0.000000000000000000, 1.000000000000000000 ) ) ;
#768 = DIRECTION ( 'NONE',  ( -3.491481338843133355E-15, 0.000000000000000000, -1.000000000000000000 ) ) ;
#769 =( NAMED_UNIT ( * ) PLANE_ANGLE_UNIT ( ) SI_UNIT ( $, .RADIAN. ) );
#770 = PRODUCT_DEFINITION ( 'UNKNOWN', '', #7484, #11766 ) ;
#771 = LINE ( 'NONE', #6328, #8971 ) ;
#772 = AXIS2_PLACEMENT_3D ( 'NONE', #11895, #1325, #2209 ) ;
#773 = FILL_AREA_STYLE_COLOUR ( '', #4539 ) ;
#774 = LINE ( 'NONE', #6117, #598 ) ;
#775 = EDGE_CURVE ( 'NONE', #10837, #1751, #8250, .T. ) ;
#776 = ORIENTED_EDGE ( 'NONE', *, *, #4384, .T. ) ;
#777 = DIRECTION ( 'NONE',  ( 0.000000000000000000, 0.000000000000000000, 1.000000000000000000 ) ) ;
#778 = MECHANICAL_DESIGN_GEOMETRIC_PRESENTATION_REPRESENTATION (  '', ( #11594 ), #8150 ) ;
#779 = AXIS2_PLACEMENT_3D ( 'NONE', #8349, #8254, #4459 ) ;
#780 = PLANE ( 'NONE',  #6164 ) ;
#781 = ORIENTED_EDGE ( 'NONE', *, *, #9796, .T. ) ;
#782 = ORIENTED_EDGE ( 'NONE', *, *, #305, .T. ) ;
#783 = EDGE_LOOP ( 'NONE', ( #2102, #3742, #5643, #6103 ) ) ;
#784 = ORIENTED_EDGE ( 'NONE', *, *, #8662, .F. ) ;
#785 = EDGE_LOOP ( 'NONE', ( #4333, #2414, #11120, #452 ) ) ;
#786 =( GEOMETRIC_REPRESENTATION_CONTEXT ( 3 ) GLOBAL_UNCERTAINTY_ASSIGNED_CONTEXT ( ( #5526 ) ) GLOBAL_UNIT_ASSIGNED_CONTEXT ( ( #2887, #11603, #38 ) ) REPRESENTATION_CONTEXT ( 'NONE', 'WORKASPACE' ) );
#787 = FACE_OUTER_BOUND ( 'NONE', #11489, .T. ) ;
#788 = DIRECTION ( 'NONE',  ( -1.000000000000000000, 0.000000000000000000, 0.000000000000000000 ) ) ;
#789 = DIRECTION ( 'NONE',  ( 0.000000000000000000, 0.000000000000000000, -1.000000000000000000 ) ) ;
#790 = PLANE ( 'NONE',  #4532 ) ;
#791 = DIRECTION ( 'NONE',  ( 1.000000000000000000, -3.226792180016387497E-17, -3.491481338843133355E-15 ) ) ;
#792 = CYLINDRICAL_SURFACE ( 'NONE', #3413, 0.5500000000000000444 ) ;
#793 = DIRECTION ( 'NONE',  ( 0.000000000000000000, 0.000000000000000000, 1.000000000000000000 ) ) ;
#794 = CARTESIAN_POINT ( 'NONE',  ( 0.8699999999999997735, 0.3500000000000000333, -0.08499999999999965916 ) ) ;
#795 = CARTESIAN_POINT ( 'NONE',  ( -1.269999999999999352, 0.000000000000000000, 8.380000000000000782 ) ) ;
#796 = ORIENTED_EDGE ( 'NONE', *, *, #6926, .T. ) ;
#797 = CARTESIAN_POINT ( 'NONE',  ( -3.207837749589280030, 1.250000000000000000, -1.199999999999999956 ) ) ;
#798 = LINE ( 'NONE', #12159, #5005 ) ;
#799 = PLANE ( 'NONE',  #8058 ) ;
#800 = LINE ( 'NONE', #6728, #841 ) ;
#801 = AXIS2_PLACEMENT_3D ( 'NONE', #284, #3037, #8927 ) ;
#802 = ORIENTED_EDGE ( 'NONE', *, *, #2410, .F. ) ;
#803 = DIRECTION ( 'NONE',  ( -0.000000000000000000, -0.000000000000000000, 1.000000000000000000 ) ) ;
#804 = ORIENTED_EDGE ( 'NONE', *, *, #10768, .T. ) ;
#805 = ORIENTED_EDGE ( 'NONE', *, *, #9638, .T. ) ;
#806 = ORIENTED_EDGE ( 'NONE', *, *, #7109, .T. ) ;
#807 = EDGE_CURVE ( 'NONE', #440, #11072, #8052, .T. ) ;
#808 = LINE ( 'NONE', #9457, #9608 ) ;
#809 = VERTEX_POINT ( 'NONE', #3395 ) ;
#810 = DIRECTION ( 'NONE',  ( -0.000000000000000000, -1.000000000000000000, -0.000000000000000000 ) ) ;
#811 = DIRECTION ( 'NONE',  ( -1.000000000000000000, -3.226792180016381951E-17, 3.491481338843133355E-15 ) ) ;
#812 = LINE ( 'NONE', #5856, #9437 ) ;
#813 = ADVANCED_FACE ( 'NONE', ( #4000 ), #9339, .F. ) ;
#814 = EDGE_CURVE ( 'NONE', #6399, #3274, #12469, .T. ) ;
#815 = ADVANCED_FACE ( 'NONE', ( #8465 ), #1579, .T. ) ;
#816 = PRESENTATION_STYLE_ASSIGNMENT (( #6049 ) ) ;
#817 = ORIENTED_EDGE ( 'NONE', *, *, #12429, .F. ) ;
#818 = VECTOR ( 'NONE', #4034, 1000.000000000000000 ) ;
#819 = AXIS2_PLACEMENT_3D ( 'NONE', #3612, #10514, #4635 ) ;
#820 = DIRECTION ( 'NONE',  ( 0.000000000000000000, 0.000000000000000000, 1.000000000000000000 ) ) ;
#821 = CARTESIAN_POINT ( 'NONE',  ( 0.4398837366478682287, 0.03999999999999999389, -1.184999999999999831 ) ) ;
#822 = DIRECTION ( 'NONE',  ( 0.000000000000000000, 0.000000000000000000, 1.000000000000000000 ) ) ;
#823 = CARTESIAN_POINT ( 'NONE',  ( 1.814999999999999947, 0.1000000000000000056, -0.4000000000000000222 ) ) ;
#824 = DIRECTION ( 'NONE',  ( 0.000000000000000000, -0.000000000000000000, 1.000000000000000000 ) ) ;
#825 = CARTESIAN_POINT ( 'NONE',  ( 5.714999999999999858, -0.1000000000000000056, -1.765299999999999203 ) ) ;
#826 = FACE_OUTER_BOUND ( 'NONE', #1059, .T. ) ;
#827 = ORIENTED_EDGE ( 'NONE', *, *, #10939, .F. ) ;
#828 = ORIENTED_EDGE ( 'NONE', *, *, #12418, .F. ) ;
#829 = ORIENTED_EDGE ( 'NONE', *, *, #3944, .T. ) ;
#830 = ORIENTED_EDGE ( 'NONE', *, *, #8241, .T. ) ;
#831 = ORIENTED_EDGE ( 'NONE', *, *, #11069, .T. ) ;
#832 = EDGE_CURVE ( 'NONE', #6599, #1064, #8209, .T. ) ;
#833 = CIRCLE ( 'NONE', #1350, 0.5100000000000017852 ) ;
#834 = DIRECTION ( 'NONE',  ( -1.000000000000000000, 0.000000000000000000, 1.100712865467515846E-16 ) ) ;
#835 = DIRECTION ( 'NONE',  ( -1.000000000000000000, -1.016439536705159026E-15, 3.491481338843133355E-15 ) ) ;
#836 = LINE ( 'NONE', #10869, #9016 ) ;
#837 = ORIENTED_EDGE ( 'NONE', *, *, #11342, .T. ) ;
#838 = LINE ( 'NONE', #3837, #4691 ) ;
#839 = EDGE_CURVE ( 'NONE', #11421, #12133, #3832, .T. ) ;
#840 = AXIS2_PLACEMENT_3D ( 'NONE', #8668, #9657, #7797 ) ;
#841 = VECTOR ( 'NONE', #7058, 1000.000000000000000 ) ;
#842 = ORIENTED_EDGE ( 'NONE', *, *, #6814, .F. ) ;
#843 = CARTESIAN_POINT ( 'NONE',  ( 2.979883736647867654, 0.03999999999999999389, -0.08499999999999989508 ) ) ;
#844 = CARTESIAN_POINT ( 'NONE',  ( -0.8050000000000000488, 0.1000000000000000056, -0.4000000000000000222 ) ) ;
#845 = ORIENTED_EDGE ( 'NONE', *, *, #4147, .T. ) ;
#847 = VERTEX_POINT ( 'NONE', #10700 ) ;
#846 = CARTESIAN_POINT ( 'NONE',  ( 0.4398837366478682287, 0.3099999999999999978, -1.185000000000000053 ) ) ;
#848 = ORIENTED_EDGE ( 'NONE', *, *, #6366, .T. ) ;
#849 = MECHANICAL_DESIGN_GEOMETRIC_PRESENTATION_REPRESENTATION (  '', ( #688 ), #3488 ) ;
#850 = DIRECTION ( 'NONE',  ( 0.000000000000000000, 1.000000000000000000, 0.000000000000000000 ) ) ;
#851 = ORIENTED_EDGE ( 'NONE', *, *, #3844, .F. ) ;
#852 = PLANE ( 'NONE',  #6431 ) ;
#853 = CARTESIAN_POINT ( 'NONE',  ( 0.000000000000000000, 0.000000000000000000, 0.000000000000000000 ) ) ;
#854 = DIRECTION ( 'NONE',  ( -0.000000000000000000, 1.000000000000000000, -0.000000000000000000 ) ) ;
#855 = PRESENTATION_LAYER_ASSIGNMENT (  '', '', ( #11038 ) ) ;
#856 = LINE ( 'NONE', #6996, #924 ) ;
#857 = PLANE ( 'NONE',  #1416 ) ;
#858 = EDGE_CURVE ( 'NONE', #11627, #2051, #8119, .T. ) ;
#859 = DIRECTION ( 'NONE',  ( 1.000000000000000000, 0.000000000000000000, -4.517509052022940401E-16 ) ) ;
#860 = EDGE_CURVE ( 'NONE', #7448, #2008, #4182, .T. ) ;
#861 = ORIENTED_EDGE ( 'NONE', *, *, #1982, .T. ) ;
#862 = DIRECTION ( 'NONE',  ( -1.000000000000000000, 0.000000000000000000, 3.491481338843133355E-15 ) ) ;
#863 = EDGE_CURVE ( 'NONE', #4111, #6843, #34, .T. ) ;
#864 = UNCERTAINTY_MEASURE_WITH_UNIT (LENGTH_MEASURE( 1.000000000000000082E-05 ), #10473, 'distance_accuracy_value', 'NONE');
#865 = FACE_OUTER_BOUND ( 'NONE', #10529, .T. ) ;
#866 = EDGE_CURVE ( 'NONE', #148, #3424, #8425, .T. ) ;
#867 = CARTESIAN_POINT ( 'NONE',  ( 5.714999999999999858, 0.000000000000000000, -1.765299999999999203 ) ) ;
#868 = PRESENTATION_STYLE_ASSIGNMENT (( #10954 ) ) ;
#869 = EDGE_CURVE ( 'NONE', #11155, #9847, #8344, .T. ) ;
#870 = CARTESIAN_POINT ( 'NONE',  ( 3.350000000000000089, 0.3499999999999999778, 1.199999999999999956 ) ) ;
#871 = ORIENTED_EDGE ( 'NONE', *, *, #1890, .T. ) ;
#872 = EDGE_CURVE ( 'NONE', #10474, #4788, #8026, .T. ) ;
#873 = ORIENTED_EDGE ( 'NONE', *, *, #1653, .F. ) ;
#874 = VERTEX_POINT ( 'NONE', #7889 ) ;
#875 = ORIENTED_EDGE ( 'NONE', *, *, #9543, .F. ) ;
#876 = VECTOR ( 'NONE', #2605, 1000.000000000000000 ) ;
#877 = VERTEX_POINT ( 'NONE', #9878 ) ;
#878 = LINE ( 'NONE', #8101, #5162 ) ;
#879 =( NAMED_UNIT ( * ) SI_UNIT ( $, .STERADIAN. ) SOLID_ANGLE_UNIT ( ) );
#880 = DIRECTION ( 'NONE',  ( 1.000000000000000000, 0.000000000000000000, 0.000000000000000000 ) ) ;
#881 = CARTESIAN_POINT ( 'NONE',  ( 3.299999999999999822, 0.3499999999999999778, 1.199999999999999956 ) ) ;
#882 = DIRECTION ( 'NONE',  ( 0.000000000000000000, 1.000000000000000000, 0.000000000000000000 ) ) ;
#883 = CYLINDRICAL_SURFACE ( 'NONE', #1227, 0.04999999999999991257 ) ;
#884 = DIRECTION ( 'NONE',  ( -0.000000000000000000, 0.000000000000000000, 1.000000000000000000 ) ) ;
#885 = CARTESIAN_POINT ( 'NONE',  ( 0.8050000000000000488, 0.000000000000000000, -1.000000000000000000 ) ) ;
#886 = DIRECTION ( 'NONE',  ( 0.000000000000000000, 1.000000000000000000, 0.000000000000000000 ) ) ;
#887 = ORIENTED_EDGE ( 'NONE', *, *, #6112, .F. ) ;
#888 = EDGE_CURVE ( 'NONE', #3144, #4821, #8165, .T. ) ;
#889 = LINE ( 'NONE', #3920, #732 ) ;
#890 = CARTESIAN_POINT ( 'NONE',  ( 2.979883736647867654, 0.3499999999999997002, -1.185000000000000275 ) ) ;
#891 = VECTOR ( 'NONE', #1265, 1000.000000000000000 ) ;
#892 = EDGE_CURVE ( 'NONE', #7343, #7746, #8370, .T. ) ;
#893 = VECTOR ( 'NONE', #7135, 1000.000000000000000 ) ;
#894 = EDGE_CURVE ( 'NONE', #5249, #230, #12312, .T. ) ;
#895 = ORIENTED_EDGE ( 'NONE', *, *, #1037, .F. ) ;
#896 = EDGE_CURVE ( 'NONE', #8686, #8630, #12451, .T. ) ;
#897 = AXIS2_PLACEMENT_3D ( 'NONE', #651, #2400, #2489 ) ;
#898 = CARTESIAN_POINT ( 'NONE',  ( 0.000000000000000000, 0.000000000000000000, 0.000000000000000000 ) ) ;
#899 = ORIENTED_EDGE ( 'NONE', *, *, #10065, .F. ) ;
#900 = ORIENTED_EDGE ( 'NONE', *, *, #8892, .F. ) ;
#901 = ADVANCED_FACE ( 'NONE', ( #12610 ), #984, .T. ) ;
#902 = ORIENTED_EDGE ( 'NONE', *, *, #11982, .F. ) ;
#903 = FACE_OUTER_BOUND ( 'NONE', #96, .T. ) ;
#904 = VERTEX_POINT ( 'NONE', #5815 ) ;
#905 = CARTESIAN_POINT ( 'NONE',  ( -1.864999999999999991, 0.2000000000000000111, 1.050000000000000044 ) ) ;
#906 = FACE_BOUND ( 'NONE', #6416, .T. ) ;
#907 = VECTOR ( 'NONE', #1681, 1000.000000000000000 ) ;
#908 = EDGE_LOOP ( 'NONE', ( #11088, #662, #1471, #962 ) ) ;
#909 = LINE ( 'NONE', #12493, #669 ) ;
#910 = CARTESIAN_POINT ( 'NONE',  ( 6.350000000000001421, -1.570000000000000062, 8.890000000000000568 ) ) ;
#911 = DIRECTION ( 'NONE',  ( 0.000000000000000000, 1.000000000000000000, 0.000000000000000000 ) ) ;
#912 = PLANE ( 'NONE',  #10371 ) ;
#913 = CARTESIAN_POINT ( 'NONE',  ( -4.410000000000001030, 0.5000000000000000000, -2.875000000000000000 ) ) ;
#914 = CARTESIAN_POINT ( 'NONE',  ( 0.8699999999999997735, 0.3499999999999999778, 0.1650000000000003408 ) ) ;
#915 = EDGE_LOOP ( 'NONE', ( #2582, #1898, #2824, #2922 ) ) ;
#916 = VECTOR ( 'NONE', #12207, 1000.000000000000000 ) ;
#917 = EDGE_CURVE ( 'NONE', #11523, #1275, #12564, .T. ) ;
#918 = VERTEX_POINT ( 'NONE', #3664 ) ;
#919 = ORIENTED_EDGE ( 'NONE', *, *, #6034, .F. ) ;
#920 = ORIENTED_EDGE ( 'NONE', *, *, #754, .T. ) ;
#921 = VECTOR ( 'NONE', #7860, 1000.000000000000000 ) ;
#922 = EDGE_LOOP ( 'NONE', ( #6925, #11228, #2863, #11785 ) ) ;
#923 = PRESENTATION_LAYER_ASSIGNMENT (  '', '', ( #4362 ) ) ;
#924 = VECTOR ( 'NONE', #1414, 1000.000000000000000 ) ;
#925 = ADVANCED_FACE ( 'NONE', ( #12362 ), #8397, .T. ) ;
#926 = DIRECTION ( 'NONE',  ( 0.000000000000000000, 1.000000000000000000, 0.000000000000000000 ) ) ;
#927 = ADVANCED_FACE ( 'NONE', ( #8282 ), #9661, .F. ) ;
#928 = LINE ( 'NONE', #1111, #1074 ) ;
#929 = VERTEX_POINT ( 'NONE', #8580 ) ;
#930 = VECTOR ( 'NONE', #2609, 1000.000000000000000 ) ;
#931 = STYLED_ITEM ( 'NONE', ( #10935 ), #955 ) ;
#932 = LINE ( 'NONE', #9049, #4942 ) ;
#933 = ORIENTED_EDGE ( 'NONE', *, *, #6515, .T. ) ;
#934 = CARTESIAN_POINT ( 'NONE',  ( -3.299999999999999822, 0.2999999999999999889, 1.199999999999999956 ) ) ;
#935 = AXIS2_PLACEMENT_3D ( 'NONE', #5361, #5275, #641 ) ;
#936 = CARTESIAN_POINT ( 'NONE',  ( 1.669999999999999929, 0.3499999999999997002, -1.185000000000000053 ) ) ;
#937 = ORIENTED_EDGE ( 'NONE', *, *, #3826, .F. ) ;
#939 = CLOSED_SHELL ( 'NONE', ( #10113, #10581, #11164, #11571, #5358, #405, #1789, #6305, #927, #8831, #4751, #1299, #4452, #2047, #7590, #7396, #12255, #8916, #8950, #1295, #7987, #1583, #12017, #4568, #374, #8157, #8976, #6710, #10578, #9740, #2732, #11059, #2805, #7960, #6153, #3658, #8605, #11806, #4536, #8268, #9737, #4090, #2317, #1650, #12109, #11469, #8062, #12074, #925, #6019, #6404, #5951, #11910, #1032, #8466, #11655, #11688, #7172, #5647, #8721, #1230, #6477, #4203, #1108, #9122, #6892, #10483, #5087, #1484, #4872, #7736 ) ) ;
#938 = PLANE ( 'NONE',  #1870 ) ;
#940 = CLOSED_SHELL ( 'NONE', ( #5857, #10962, #9267, #3324, #11884, #10763 ) ) ;
#941 = LINE ( 'NONE', #6753, #1090 ) ;
#942 = VERTEX_POINT ( 'NONE', #4689 ) ;
#943 = DIRECTION ( 'NONE',  ( 0.000000000000000000, 0.000000000000000000, 1.000000000000000000 ) ) ;
#944 =( NAMED_UNIT ( * ) SI_UNIT ( $, .STERADIAN. ) SOLID_ANGLE_UNIT ( ) );
#945 = EDGE_CURVE ( 'NONE', #11305, #11744, #12, .T. ) ;
#946 = CARTESIAN_POINT ( 'NONE',  ( 3.649999999999999911, 1.149999999999999911, 1.199999999999999956 ) ) ;
#947 = DIRECTION ( 'NONE',  ( 1.000000000000000000, 8.199904827254259034E-17, 0.000000000000000000 ) ) ;
#948 = AXIS2_PLACEMENT_3D ( 'NONE', #1884, #6463, #7359 ) ;
#949 = CIRCLE ( 'NONE', #2790, 0.7600000000000002309 ) ;
#950 = CARTESIAN_POINT ( 'NONE',  ( 4.569999999999997620, 0.3099999999999999978, -3.575000000000002842 ) ) ;
#951 = CARTESIAN_POINT ( 'NONE',  ( -0.8050000000000000488, 0.000000000000000000, 0.4000000000000000222 ) ) ;
#952 = VECTOR ( 'NONE', #9922, 1000.000000000000000 ) ;
#953 = ORIENTED_EDGE ( 'NONE', *, *, #832, .T. ) ;
#954 = CARTESIAN_POINT ( 'NONE',  ( -1.805769684305110090, 1.449999999999999956, -0.1876090199250475266 ) ) ;
#955 = ADVANCED_BREP_SHAPE_REPRESENTATION ( '', ( #12302, #1126, #9793, #4424, #11989, #6800, #4627, #7642, #1700, #1534, #1901 ), #6571 ) ;
#956 = LINE ( 'NONE', #11024, #9445 ) ;
#957 = DIRECTION ( 'NONE',  ( 0.000000000000000000, 0.000000000000000000, 1.000000000000000000 ) ) ;
#958 = ORIENTED_EDGE ( 'NONE', *, *, #6096, .T. ) ;
#959 = SURFACE_STYLE_FILL_AREA ( #12478 ) ;
#960 = ORIENTED_EDGE ( 'NONE', *, *, #3695, .F. ) ;
#961 = VERTEX_POINT ( 'NONE', #2809 ) ;
#962 = ORIENTED_EDGE ( 'NONE', *, *, #8257, .F. ) ;
#963 = VECTOR ( 'NONE', #8121, 1000.000000000000000 ) ;
#964 = ORIENTED_EDGE ( 'NONE', *, *, #2115, .F. ) ;
#965 = VECTOR ( 'NONE', #5163, 1000.000000000000000 ) ;
#966 = SURFACE_STYLE_USAGE ( .BOTH. , #9942 ) ;
#967 = CARTESIAN_POINT ( 'NONE',  ( -7.619999999999999218, 0.000000000000000000, 10.15999999999999837 ) ) ;
#968 = DIRECTION ( 'NONE',  ( 0.000000000000000000, 0.000000000000000000, -1.000000000000000000 ) ) ;
#969 = CARTESIAN_POINT ( 'NONE',  ( 0.8699999999999997735, 0.3500000000000000333, -0.08499999999999965916 ) ) ;
#970 = PLANE ( 'NONE',  #5495 ) ;
#971 = CARTESIAN_POINT ( 'NONE',  ( 5.714999999999999858, -0.1000000000000000056, -1.130299999999999194 ) ) ;
#972 = DIRECTION ( 'NONE',  ( -1.000000000000000000, 0.000000000000000000, -1.707404996040164018E-16 ) ) ;
#973 = ORIENTED_EDGE ( 'NONE', *, *, #1469, .F. ) ;
#974 = PLANE ( 'NONE',  #8035 ) ;
#975 = DIRECTION ( 'NONE',  ( 0.000000000000000000, 1.000000000000000000, -0.000000000000000000 ) ) ;
#976 = CARTESIAN_POINT ( 'NONE',  ( 0.2049999999999999878, 0.000000000000000000, 1.000000000000000000 ) ) ;
#977 = CYLINDRICAL_SURFACE ( 'NONE', #3000, 0.7600000000000002309 ) ;
#978 = VERTEX_POINT ( 'NONE', #3833 ) ;
#979 = DIRECTION ( 'NONE',  ( 0.000000000000000000, 1.000000000000000000, 0.000000000000000000 ) ) ;
#980 = ORIENTED_EDGE ( 'NONE', *, *, #4986, .F. ) ;
#981 = VERTEX_POINT ( 'NONE', #4868 ) ;
#982 = EDGE_LOOP ( 'NONE', ( #12065, #7425, #2960, #11440 ) ) ;
#983 = EDGE_LOOP ( 'NONE', ( #4163, #4072, #10797, #11007 ) ) ;
#984 = PLANE ( 'NONE',  #5624 ) ;
#985 = LINE ( 'NONE', #9247, #1129 ) ;
#986 = EDGE_LOOP ( 'NONE', ( #299, #10158, #4587, #6204 ) ) ;
#987 = EDGE_CURVE ( 'NONE', #10571, #1427, #4091, .T. ) ;
#988 = VECTOR ( 'NONE', #8175, 1000.000000000000000 ) ;
#989 = DIRECTION ( 'NONE',  ( 0.000000000000000000, -1.000000000000000000, 0.000000000000000000 ) ) ;
#990 = DIRECTION ( 'NONE',  ( 4.517509052022940401E-16, 0.000000000000000000, -1.000000000000000000 ) ) ;
#991 = FACE_OUTER_BOUND ( 'NONE', #6338, .T. ) ;
#992 = SURFACE_SIDE_STYLE ('',( #959 ) ) ;
#993 = CARTESIAN_POINT ( 'NONE',  ( 5.714999999999999858, 0.000000000000000000, -1.765299999999999203 ) ) ;
#994 = DIRECTION ( 'NONE',  ( 0.000000000000000000, 1.000000000000000000, 0.000000000000000000 ) ) ;
#995 = CARTESIAN_POINT ( 'NONE',  ( 0.000000000000000000, 0.000000000000000000, 0.000000000000000000 ) ) ;
#996 = CIRCLE ( 'NONE', #9702, 0.7600000000000002309 ) ;
#997 = AXIS2_PLACEMENT_3D ( 'NONE', #1461, #4289, #425 ) ;
#998 = VERTEX_POINT ( 'NONE', #7709 ) ;
#999 = ORIENTED_EDGE ( 'NONE', *, *, #12015, .T. ) ;
#1000 = ADVANCED_FACE ( 'NONE', ( #4136 ), #4156, .F. ) ;
#1002 = ORIENTED_EDGE ( 'NONE', *, *, #4274, .T. ) ;
#1001 = DIRECTION ( 'NONE',  ( 1.000000000000000000, -1.141265444721583757E-16, 0.000000000000000000 ) ) ;
#1003 = EDGE_LOOP ( 'NONE', ( #8099, #10733, #8536, #11507 ) ) ;
#1004 = CARTESIAN_POINT ( 'NONE',  ( -1.214999999999999858, 0.1000000000000000056, -1.000000000000000000 ) ) ;
#1005 = FACE_OUTER_BOUND ( 'NONE', #2963, .T. ) ;
#1006 = EDGE_CURVE ( 'NONE', #4538, #10316, #4228, .T. ) ;
#1007 = LINE ( 'NONE', #8794, #5212 ) ;
#1008 = CARTESIAN_POINT ( 'NONE',  ( 4.209999999999999076, -3.407492542097300425E-16, -1.185000000000000053 ) ) ;
#1009 =( GEOMETRIC_REPRESENTATION_CONTEXT ( 3 ) GLOBAL_UNCERTAINTY_ASSIGNED_CONTEXT ( ( #864 ) ) GLOBAL_UNIT_ASSIGNED_CONTEXT ( ( #10473, #6615, #9731 ) ) REPRESENTATION_CONTEXT ( 'NONE', 'WORKASPACE' ) );
#1010 = CARTESIAN_POINT ( 'NONE',  ( -1.605662432702595011, 0.05000000000000000278, -1.750000000000000000 ) ) ;
#1011 =( NAMED_UNIT ( * ) SI_UNIT ( $, .STERADIAN. ) SOLID_ANGLE_UNIT ( ) );
#1012 = LINE ( 'NONE', #7068, #1197 ) ;
#1013 = ORIENTED_EDGE ( 'NONE', *, *, #4305, .F. ) ;
#1014 = VECTOR ( 'NONE', #7818, 1000.000000000000000 ) ;
#1015 = CYLINDRICAL_SURFACE ( 'NONE', #9766, 0.5500000000000000444 ) ;
#1016 = ORIENTED_EDGE ( 'NONE', *, *, #5285, .F. ) ;
#1017 = DIRECTION ( 'NONE',  ( 0.000000000000000000, 0.000000000000000000, 1.000000000000000000 ) ) ;
#1018 = CARTESIAN_POINT ( 'NONE',  ( 0.8050000000000000488, 0.1000000000000000056, 1.000000000000000000 ) ) ;
#1019 = ORIENTED_EDGE ( 'NONE', *, *, #1867, .T. ) ;
#1020 = CARTESIAN_POINT ( 'NONE',  ( 3.299999999999999822, 0.3499999999999999778, -1.199999999999999956 ) ) ;
#1021 = EDGE_LOOP ( 'NONE', ( #4752, #4717, #7269, #9076 ) ) ;
#1022 = DIRECTION ( 'NONE',  ( 0.000000000000000000, -1.000000000000000000, 0.000000000000000000 ) ) ;
#1023 = EDGE_CURVE ( 'NONE', #12540, #1502, #4580, .T. ) ;
#1024 = LINE ( 'NONE', #12237, #5250 ) ;
#1025 = DIRECTION ( 'NONE',  ( -1.000000000000000000, 0.000000000000000000, -0.000000000000000000 ) ) ;
#1026 = EDGE_LOOP ( 'NONE', ( #8891, #10655, #2072, #3234, #7894, #10794, #4230, #5884 ) ) ;
#1027 = CARTESIAN_POINT ( 'NONE',  ( -3.250000000000000000, 1.149999999999999911, 1.199999999999999956 ) ) ;
#1028 = CARTESIAN_POINT ( 'NONE',  ( 1.969999999999999973, 1.500000000000000000, 1.180000000000000160 ) ) ;
#1029 = PLANE ( 'NONE',  #7891 ) ;
#1030 = UNCERTAINTY_MEASURE_WITH_UNIT (LENGTH_MEASURE( 1.000000000000000082E-05 ), #4368, 'distance_accuracy_value', 'NONE');
#1031 = CIRCLE ( 'NONE', #11013, 0.7600000000000002309 ) ;
#1032 = ADVANCED_FACE ( 'NONE', ( #4694 ), #6109, .T. ) ;
#1033 = ADVANCED_FACE ( 'NONE', ( #4404 ), #10264, .F. ) ;
#1034 = EDGE_CURVE ( 'NONE', #11870, #12582, #4671, .T. ) ;
#1035 = DIRECTION ( 'NONE',  ( 1.000000000000000000, 0.000000000000000000, 1.707404996040164018E-16 ) ) ;
#1036 = CYLINDRICAL_SURFACE ( 'NONE', #12075, 0.7600000000000002309 ) ;
#1037 = EDGE_CURVE ( 'NONE', #5266, #4017, #8551, .T. ) ;
#1038 = ORIENTED_EDGE ( 'NONE', *, *, #2731, .F. ) ;
#1039 = LINE ( 'NONE', #328, #5280 ) ;
#1040 = CARTESIAN_POINT ( 'NONE',  ( 5.714999999999999858, -0.1000000000000000056, -0.1397000000000006292 ) ) ;
#1041 = DIRECTION ( 'NONE',  ( -1.000000000000000000, 0.000000000000000000, -4.517509052022940401E-16 ) ) ;
#1042 = SURFACE_STYLE_FILL_AREA ( #7314 ) ;
#1043 = DIRECTION ( 'NONE',  ( 0.000000000000000000, 0.000000000000000000, 1.000000000000000000 ) ) ;
#1044 = VERTEX_POINT ( 'NONE', #11177 ) ;
#1045 = EDGE_CURVE ( 'NONE', #5301, #11305, #387, .T. ) ;
#1046 = VERTEX_POINT ( 'NONE', #2422 ) ;
#1047 = ORIENTED_EDGE ( 'NONE', *, *, #6977, .T. ) ;
#1048 = FACE_OUTER_BOUND ( 'NONE', #7877, .T. ) ;
#1049 = VERTEX_POINT ( 'NONE', #12036 ) ;
#1050 = FACE_OUTER_BOUND ( 'NONE', #5131, .T. ) ;
#1051 = SURFACE_SIDE_STYLE ('',( #10140 ) ) ;
#1052 = CARTESIAN_POINT ( 'NONE',  ( -3.432161706211294572, 2.899999999999999911, 1.932161706211294794 ) ) ;
#1053 = DIRECTION ( 'NONE',  ( 1.000000000000000000, -0.000000000000000000, 0.000000000000000000 ) ) ;
#1054 = CARTESIAN_POINT ( 'NONE',  ( 3.810000000000000941, -3.719604614807106024, 8.890000000000000568 ) ) ;
#1055 = CARTESIAN_POINT ( 'NONE',  ( 6.985000000000000320, 0.000000000000000000, -0.1397000000000004072 ) ) ;
#1056 = CARTESIAN_POINT ( 'NONE',  ( -1.835769684305115002, 1.550000000000000044, 0.1945532402683884943 ) ) ;
#1057 = CARTESIAN_POINT ( 'NONE',  ( 6.985000000000000320, -0.1000000000000000056, -0.3174999999999996714 ) ) ;
#1058 = EDGE_CURVE ( 'NONE', #2905, #6599, #4446, .T. ) ;
#1059 = EDGE_LOOP ( 'NONE', ( #12593, #3457, #7247, #8464 ) ) ;
#1060 = AXIS2_PLACEMENT_3D ( 'NONE', #1165, #5060, #10951 ) ;
#1061 = CARTESIAN_POINT ( 'NONE',  ( 3.350000000000000089, 0.3499999999999999778, -1.199999999999999956 ) ) ;
#1062 = LINE ( 'NONE', #3786, #9675 ) ;
#1063 = VECTOR ( 'NONE', #1825, 1000.000000000000000 ) ;
#1064 = VERTEX_POINT ( 'NONE', #9104 ) ;
#1065 = ORIENTED_EDGE ( 'NONE', *, *, #5492, .T. ) ;
#1066 = VERTEX_POINT ( 'NONE', #3147 ) ;
#1067 = AXIS2_PLACEMENT_3D ( 'NONE', #2133, #10385, #4853 ) ;
#1068 = FACE_OUTER_BOUND ( 'NONE', #1714, .T. ) ;
#1069 = ORIENTED_EDGE ( 'NONE', *, *, #1438, .T. ) ;
#1070 = DIRECTION ( 'NONE',  ( 0.000000000000000000, 1.000000000000000000, 0.000000000000000000 ) ) ;
#1071 = CARTESIAN_POINT ( 'NONE',  ( 2.979883736647867654, 0.000000000000000000, 0.1650000000000001188 ) ) ;
#1072 = VECTOR ( 'NONE', #1566, 1000.000000000000000 ) ;
#1073 = MECHANICAL_DESIGN_GEOMETRIC_PRESENTATION_REPRESENTATION (  '', ( #7316 ), #1483 ) ;
#1074 = VECTOR ( 'NONE', #349, 1000.000000000000000 ) ;
#1075 = ORIENTED_EDGE ( 'NONE', *, *, #2304, .T. ) ;
#1076 = AXIS2_PLACEMENT_3D ( 'NONE', #8478, #1487, #4754 ) ;
#1077 = FACE_OUTER_BOUND ( 'NONE', #10010, .T. ) ;
#1078 = CARTESIAN_POINT ( 'NONE',  ( 4.209999999999999076, 0.3499999999999999778, 0.1650000000000001188 ) ) ;
#1079 =( GEOMETRIC_REPRESENTATION_CONTEXT ( 3 ) GLOBAL_UNCERTAINTY_ASSIGNED_CONTEXT ( ( #8615 ) ) GLOBAL_UNIT_ASSIGNED_CONTEXT ( ( #4745, #1626, #7680 ) ) REPRESENTATION_CONTEXT ( 'NONE', 'WORKASPACE' ) );
#1080 = LINE ( 'NONE', #4051, #5281 ) ;
#1081 = CARTESIAN_POINT ( 'NONE',  ( -1.269999999999999352, 0.000000000000000000, 8.890000000000000568 ) ) ;
#1082 =( BOUNDED_CURVE ( )  B_SPLINE_CURVE ( 3, ( #4458, #9615, #5478, #6253 ),
 .UNSPECIFIED., .F., .F. ) 
 B_SPLINE_CURVE_WITH_KNOTS ( ( 4, 4 ),
 ( 1.570796326794895004, 3.141592653589750039 ),
 .UNSPECIFIED. ) 
 CURVE ( )  GEOMETRIC_REPRESENTATION_ITEM ( )  RATIONAL_B_SPLINE_CURVE ( ( 1.000000000000000000, 0.8047378541243749295, 0.8047378541243749295, 1.000000000000000000 ) ) 
 REPRESENTATION_ITEM ( '' )  );
#1083 = CARTESIAN_POINT ( 'NONE',  ( 5.714999999999999858, -1.519903165712366722, 0.4952999999999994074 ) ) ;
#1084 = CARTESIAN_POINT ( 'NONE',  ( -1.750000000000000000, 0.2999999999999999889, 1.750000000000000000 ) ) ;
#1085 = CARTESIAN_POINT ( 'NONE',  ( 3.409999999999998810, 0.3500000000000000333, -0.08499999999999986733 ) ) ;
#1086 = VERTEX_POINT ( 'NONE', #7110 ) ;
#1087 =( REPRESENTATION_RELATIONSHIP ('NONE','NONE', #1862, #10807 ) REPRESENTATION_RELATIONSHIP_WITH_TRANSFORMATION ( #10911 )SHAPE_REPRESENTATION_RELATIONSHIP( ) );
#1088 = CLOSED_SHELL ( 'NONE', ( #6375, #3021, #8124, #2733, #5489, #10667 ) ) ;
#1089 = ORIENTED_EDGE ( 'NONE', *, *, #2875, .T. ) ;
#1090 = VECTOR ( 'NONE', #7296, 1000.000000000000000 ) ;
#1091 = EDGE_LOOP ( 'NONE', ( #4397, #10985, #7614, #12346 ) ) ;
#1092 = FACE_BOUND ( 'NONE', #11716, .T. ) ;
#1093 = AXIS2_PLACEMENT_3D ( 'NONE', #10172, #477, #10994 ) ;
#1094 = DIRECTION ( 'NONE',  ( 0.000000000000000000, 0.000000000000000000, 1.000000000000000000 ) ) ;
#1095 = CARTESIAN_POINT ( 'NONE',  ( -1.430000000000000160, 1.399999999999999911, 0.000000000000000000 ) ) ;
#1096 = SURFACE_SIDE_STYLE ('',( #5531 ) ) ;
#1097 = ORIENTED_EDGE ( 'NONE', *, *, #892, .F. ) ;
#1098 = AXIS2_PLACEMENT_3D ( 'NONE', #3366, #2452, #2538 ) ;
#1099 = FACE_OUTER_BOUND ( 'NONE', #9447, .T. ) ;
#1100 = VECTOR ( 'NONE', #10883, 1000.000000000000000 ) ;
#1101 = AXIS2_PLACEMENT_3D ( 'NONE', #4611, #6307, #7268 ) ;
#1102 = ORIENTED_EDGE ( 'NONE', *, *, #2720, .T. ) ;
#1103 = CARTESIAN_POINT ( 'NONE',  ( -0.8050000000000000488, 0.000000000000000000, -1.000000000000000000 ) ) ;
#1104 = CARTESIAN_POINT ( 'NONE',  ( 1.270000000000000240, -1.570000000000000062, 8.890000000000000568 ) ) ;
#1105 = DIRECTION ( 'NONE',  ( 0.000000000000000000, 0.000000000000000000, 1.000000000000000000 ) ) ;
#1106 = EDGE_LOOP ( 'NONE', ( #12557, #12397, #12261, #6700 ) ) ;
#1107 = PLANE ( 'NONE',  #12197 ) ;
#1108 = ADVANCED_FACE ( 'NONE', ( #4427 ), #5129, .F. ) ;
#1109 = EDGE_LOOP ( 'NONE', ( #8752, #7883, #1976, #1995 ) ) ;
#1110 = ORIENTED_EDGE ( 'NONE', *, *, #4638, .F. ) ;
#1111 = CARTESIAN_POINT ( 'NONE',  ( 0.8050000000000000488, 0.1000000000000000056, -1.000000000000000000 ) ) ;
#1112 = CARTESIAN_POINT ( 'NONE',  ( 0.8699999999999997735, 0.3100000000000000533, -1.185000000000000053 ) ) ;
#1113 = CARTESIAN_POINT ( 'NONE',  ( 0.4398837366478682287, 0.000000000000000000, -0.08499999999999968692 ) ) ;
#1114 = FACE_OUTER_BOUND ( 'NONE', #81, .T. ) ;
#1115 = DIRECTION ( 'NONE',  ( 1.000000000000000000, 0.000000000000000000, -0.000000000000000000 ) ) ;
#1116 = DIRECTION ( 'NONE',  ( 0.000000000000000000, -1.000000000000000000, 0.000000000000000000 ) ) ;
#1117 = ORIENTED_EDGE ( 'NONE', *, *, #6778, .T. ) ;
#1118 = VECTOR ( 'NONE', #5323, 1000.000000000000000 ) ;
#1119 = DIRECTION ( 'NONE',  ( 0.000000000000000000, 0.000000000000000000, 1.000000000000000000 ) ) ;
#1120 = DIRECTION ( 'NONE',  ( 0.000000000000000000, 0.000000000000000000, 1.000000000000000000 ) ) ;
#1121 = LINE ( 'NONE', #6133, #1290 ) ;
#1122 = CARTESIAN_POINT ( 'NONE',  ( 0.4398837366478682287, 0.04000000000000000083, -1.394999999999999574 ) ) ;
#1123 = ORIENTED_EDGE ( 'NONE', *, *, #1505, .F. ) ;
#1124 = ORIENTED_EDGE ( 'NONE', *, *, #6367, .F. ) ;
#1125 = ORIENTED_EDGE ( 'NONE', *, *, #2895, .F. ) ;
#1126 = MANIFOLD_SOLID_BREP ( 'NONE', #3729 ) ;
#1127 = ORIENTED_EDGE ( 'NONE', *, *, #11861, .T. ) ;
#1128 = EDGE_CURVE ( 'NONE', #1654, #11272, #8795, .T. ) ;
#1129 = VECTOR ( 'NONE', #5434, 1000.000000000000000 ) ;
#1130 = PLANE ( 'NONE',  #4773 ) ;
#1131 = ADVANCED_FACE ( 'NONE', ( #146 ), #8244, .T. ) ;
#1132 =( NAMED_UNIT ( * ) SI_UNIT ( $, .STERADIAN. ) SOLID_ANGLE_UNIT ( ) );
#1133 = DIRECTION ( 'NONE',  ( -0.000000000000000000, 1.000000000000000000, -0.000000000000000000 ) ) ;
#1134 = SURFACE_STYLE_FILL_AREA ( #10734 ) ;
#1135 = CARTESIAN_POINT ( 'NONE',  ( -1.814999999999999947, 0.000000000000000000, 1.000000000000000000 ) ) ;
#1136 = EDGE_CURVE ( 'NONE', #978, #11899, #412, .T. ) ;
#1137 = DIRECTION ( 'NONE',  ( -0.000000000000000000, 1.000000000000000000, -0.000000000000000000 ) ) ;
#1138 = VERTEX_POINT ( 'NONE', #2339 ) ;
#1139 = DIRECTION ( 'NONE',  ( 0.000000000000000000, 0.000000000000000000, 1.000000000000000000 ) ) ;
#1140 = FACE_OUTER_BOUND ( 'NONE', #10555, .T. ) ;
#1141 = DIRECTION ( 'NONE',  ( -0.000000000000000000, -1.000000000000000000, -0.000000000000000000 ) ) ;
#1142 = AXIS2_PLACEMENT_3D ( 'NONE', #2504, #2753, #11175 ) ;
#1143 = VECTOR ( 'NONE', #6345, 1000.000000000000000 ) ;
#1144 = VERTEX_POINT ( 'NONE', #3335 ) ;
#1145 = DIRECTION ( 'NONE',  ( 0.000000000000000000, -1.000000000000000000, 0.000000000000000000 ) ) ;
#1146 = ORIENTED_EDGE ( 'NONE', *, *, #6815, .F. ) ;
#1147 = ORIENTED_EDGE ( 'NONE', *, *, #11712, .T. ) ;
#1148 = VECTOR ( 'NONE', #4927, 1000.000000000000000 ) ;
#1149 = ORIENTED_EDGE ( 'NONE', *, *, #5838, .T. ) ;
#1150 = DIRECTION ( 'NONE',  ( 1.000000000000000000, 0.000000000000000000, -1.100712865467517941E-16 ) ) ;
#1151 = DIRECTION ( 'NONE',  ( 0.000000000000000000, -0.000000000000000000, -1.000000000000000000 ) ) ;
#1152 = LINE ( 'NONE', #3563, #5298 ) ;
#1153 = EDGE_CURVE ( 'NONE', #10583, #4111, #243, .T. ) ;
#1154 = AXIS2_PLACEMENT_3D ( 'NONE', #2555, #629, #4416 ) ;
#1155 = FACE_OUTER_BOUND ( 'NONE', #783, .T. ) ;
#1156 = ORIENTED_EDGE ( 'NONE', *, *, #4644, .F. ) ;
#1157 = ADVANCED_FACE ( 'NONE', ( #83 ), #9026, .F. ) ;
#1158 = CARTESIAN_POINT ( 'NONE',  ( -1.605662432702595011, 0.05000000000000000278, 1.605662432702595011 ) ) ;
#1159 = CARTESIAN_POINT ( 'NONE',  ( 3.409999999999998810, 0.3499999999999999778, 0.1650000000000001465 ) ) ;
#1160 = CARTESIAN_POINT ( 'NONE',  ( 0.4398837366478682287, 0.3500000000000000333, -0.08499999999999965916 ) ) ;
#1161 = CARTESIAN_POINT ( 'NONE',  ( 0.8699999999999997735, 0.3500000000000000333, -0.08499999999999965916 ) ) ;
#1162 = CARTESIAN_POINT ( 'NONE',  ( 5.714999999999999858, 0.000000000000000000, -0.1397000000000006292 ) ) ;
#1163 = DIRECTION ( 'NONE',  ( -1.000000000000000000, 0.000000000000000000, 3.491481338843133355E-15 ) ) ;
#1164 = EDGE_CURVE ( 'NONE', #11600, #3478, #525, .T. ) ;
#1165 = CARTESIAN_POINT ( 'NONE',  ( -1.814999999999999947, 0.000000000000000000, -1.000000000000000000 ) ) ;
#1166 = ORIENTED_EDGE ( 'NONE', *, *, #5573, .F. ) ;
#1167 = STYLED_ITEM ( 'NONE', ( #1685 ), #1700 ) ;
#1168 = VERTEX_POINT ( 'NONE', #4625 ) ;
#1169 = ORIENTED_EDGE ( 'NONE', *, *, #5445, .F. ) ;
#1170 = VECTOR ( 'NONE', #11799, 1000.000000000000000 ) ;
#1171 = CLOSED_SHELL ( 'NONE', ( #5169, #9126, #6106, #7707, #2929, #7653 ) ) ;
#1172 = DIRECTION ( 'NONE',  ( 0.000000000000000000, 0.000000000000000000, 1.000000000000000000 ) ) ;
#1173 = LINE ( 'NONE', #8114, #9333 ) ;
#1174 = CARTESIAN_POINT ( 'NONE',  ( 0.000000000000000000, 0.1000000000000000056, 0.000000000000000000 ) ) ;
#1175 = DIRECTION ( 'NONE',  ( -1.000000000000000000, 0.000000000000000000, 0.000000000000000000 ) ) ;
#1176 = VECTOR ( 'NONE', #5849, 1000.000000000000000 ) ;
#1177 = ORIENTED_EDGE ( 'NONE', *, *, #6370, .F. ) ;
#1178 = LINE ( 'NONE', #6992, #5383 ) ;
#1179 = UNCERTAINTY_MEASURE_WITH_UNIT (LENGTH_MEASURE( 1.000000000000000082E-05 ), #5261, 'distance_accuracy_value', 'NONE');
#1180 = EDGE_CURVE ( 'NONE', #4242, #6732, #4294, .T. ) ;
#1181 = EDGE_CURVE ( 'NONE', #11403, #7139, #4468, .T. ) ;
#1182 = VECTOR ( 'NONE', #2829, 1000.000000000000000 ) ;
#1183 = ORIENTED_EDGE ( 'NONE', *, *, #3188, .F. ) ;
#1184 = CARTESIAN_POINT ( 'NONE',  ( -1.214999999999999858, 0.000000000000000000, -1.000000000000000000 ) ) ;
#1185 = DIRECTION ( 'NONE',  ( 0.000000000000000000, 0.000000000000000000, -1.000000000000000000 ) ) ;
#1186 = CARTESIAN_POINT ( 'NONE',  ( -1.920000000000000151, 1.550000000000000044, 1.129999999999999893 ) ) ;
#1187 = EDGE_LOOP ( 'NONE', ( #9518, #9500, #6787, #3111 ) ) ;
#1188 = ORIENTED_EDGE ( 'NONE', *, *, #2441, .F. ) ;
#1189 = EDGE_LOOP ( 'NONE', ( #12249, #12477, #7082, #8304 ) ) ;
#1190 = DIRECTION ( 'NONE',  ( -1.162683294890621812E-16, 0.000000000000000000, -1.000000000000000000 ) ) ;
#1191 = DIRECTION ( 'NONE',  ( 1.000000000000000000, 0.000000000000000000, -4.517509052022940401E-16 ) ) ;
#1192 = CARTESIAN_POINT ( 'NONE',  ( -3.074323956622009746, 0.2999999999999999889, 1.974323956622009879 ) ) ;
#1193 = FILL_AREA_STYLE ('',( #4633 ) ) ;
#1194 = VECTOR ( 'NONE', #11060, 1000.000000000000000 ) ;
#1195 = CARTESIAN_POINT ( 'NONE',  ( -1.214999999999999858, 0.000000000000000000, -1.000000000000000000 ) ) ;
#1196 = CARTESIAN_POINT ( 'NONE',  ( -0.8050000000000000488, 0.1000000000000000056, -0.4000000000000000222 ) ) ;
#1197 = VECTOR ( 'NONE', #5000, 1000.000000000000000 ) ;
#1198 = AXIS2_PLACEMENT_3D ( 'NONE', #2191, #7813, #4791 ) ;
#1199 = VERTEX_POINT ( 'NONE', #2505 ) ;
#1200 = LINE ( 'NONE', #6736, #9337 ) ;
#1201 = DIRECTION ( 'NONE',  ( 0.000000000000000000, 0.000000000000000000, 1.000000000000000000 ) ) ;
#1202 = CARTESIAN_POINT ( 'NONE',  ( 1.814999999999999947, 0.1000000000000000056, -0.4000000000000000222 ) ) ;
#1203 = FACE_OUTER_BOUND ( 'NONE', #11053, .T. ) ;
#1204 = VECTOR ( 'NONE', #1972, 1000.000000000000000 ) ;
#1205 = CARTESIAN_POINT ( 'NONE',  ( 4.610000000000000320, 0.000000000000000000, -2.775000000000002576 ) ) ;
#1206 = ORIENTED_EDGE ( 'NONE', *, *, #4814, .T. ) ;
#1207 = EDGE_CURVE ( 'NONE', #9112, #5368, #8573, .T. ) ;
#1208 = ADVANCED_FACE ( 'NONE', ( #123 ), #4540, .T. ) ;
#1209 = ORIENTED_EDGE ( 'NONE', *, *, #553, .F. ) ;
#1210 = LINE ( 'NONE', #4726, #763 ) ;
#1211 = ORIENTED_EDGE ( 'NONE', *, *, #5446, .F. ) ;
#1212 = EDGE_CURVE ( 'NONE', #11867, #11155, #4357, .T. ) ;
#1213 = AXIS2_PLACEMENT_3D ( 'NONE', #4823, #10281, #11195 ) ;
#1214 = LINE ( 'NONE', #10900, #5420 ) ;
#1215 = CARTESIAN_POINT ( 'NONE',  ( 0.2049999999999999878, 0.1000000000000000056, -0.4000000000000000222 ) ) ;
#1216 = DIRECTION ( 'NONE',  ( 1.000000000000000000, 0.000000000000000000, 0.000000000000000000 ) ) ;
#1217 =( LENGTH_UNIT ( ) NAMED_UNIT ( * ) SI_UNIT ( .MILLI., .METRE. ) );
#1218 = ADVANCED_FACE ( 'NONE', ( #8598 ), #1603, .T. ) ;
#1219 = DIRECTION ( 'NONE',  ( -0.000000000000000000, 1.000000000000000000, 0.000000000000000000 ) ) ;
#1220 = DIRECTION ( 'NONE',  ( 0.000000000000000000, 1.000000000000000000, 0.000000000000000000 ) ) ;
#1221 = CARTESIAN_POINT ( 'NONE',  ( -6.349999999999999645, -1.570000000000000284, 9.650000000000000355 ) ) ;
#1222 = CARTESIAN_POINT ( 'NONE',  ( 1.270000000000000018, 1.399999999999999911, -0.5500000000000000444 ) ) ;
#1223 = LINE ( 'NONE', #2049, #1100 ) ;
#1224 = ORIENTED_EDGE ( 'NONE', *, *, #9387, .T. ) ;
#1225 = ORIENTED_EDGE ( 'NONE', *, *, #8089, .F. ) ;
#1226 = EDGE_LOOP ( 'NONE', ( #1069, #9053, #11178, #10857, #11610, #5209, #6809, #3319 ) ) ;
#1227 = AXIS2_PLACEMENT_3D ( 'NONE', #3852, #5900, #6797 ) ;
#1228 = AXIS2_PLACEMENT_3D ( 'NONE', #4634, #7295, #1903 ) ;
#1229 = VECTOR ( 'NONE', #10302, 1000.000000000000000 ) ;
#1230 = ADVANCED_FACE ( 'NONE', ( #57 ), #6262, .F. ) ;
#1231 = PRODUCT ( 'SEN-12787', 'SEN-12787', '', ( #650 ) ) ;
#1232 = LINE ( 'NONE', #4820, #1176 ) ;
#1233 = VECTOR ( 'NONE', #1571, 1000.000000000000000 ) ;
#1234 = SURFACE_STYLE_FILL_AREA ( #2291 ) ;
#1235 = FILL_AREA_STYLE ('',( #7206 ) ) ;
#1236 = DIRECTION ( 'NONE',  ( 1.000000000000000000, 0.000000000000000000, 0.000000000000000000 ) ) ;
#1237 = CARTESIAN_POINT ( 'NONE',  ( 5.714999999999999858, 0.000000000000000000, -0.3174999999999998934 ) ) ;
#1238 = CARTESIAN_POINT ( 'NONE',  ( -4.159999999999998366, 1.421954445729287864, -2.875000000000000000 ) ) ;
#1239 = DIRECTION ( 'NONE',  ( -1.000000000000000000, 0.000000000000000000, 0.000000000000000000 ) ) ;
#1240 = CARTESIAN_POINT ( 'NONE',  ( 1.669999999999999929, 0.04000000000000000083, -1.394999999999999574 ) ) ;
#1241 = LINE ( 'NONE', #9315, #5602 ) ;
#1242 = DIRECTION ( 'NONE',  ( 0.000000000000000000, 1.000000000000000000, 0.000000000000000000 ) ) ;
#1243 = ORIENTED_EDGE ( 'NONE', *, *, #11562, .T. ) ;
#1244 = ORIENTED_EDGE ( 'NONE', *, *, #9796, .F. ) ;
#1245 = CARTESIAN_POINT ( 'NONE',  ( 0.8699999999999997735, 0.3099999999999999978, -1.394999999999999574 ) ) ;
#1246 = ORIENTED_EDGE ( 'NONE', *, *, #9941, .T. ) ;
#1247 = DIRECTION ( 'NONE',  ( -1.122268564789513721E-16, 0.000000000000000000, -1.000000000000000000 ) ) ;
#1248 = EDGE_CURVE ( 'NONE', #7166, #7383, #4268, .T. ) ;
#1249 = CIRCLE ( 'NONE', #5999, 0.5500000000000000444 ) ;
#1250 = PLANE ( 'NONE',  #10037 ) ;
#1251 = DIRECTION ( 'NONE',  ( 0.000000000000000000, 0.000000000000000000, 1.000000000000000000 ) ) ;
#1252 = MECHANICAL_DESIGN_GEOMETRIC_PRESENTATION_REPRESENTATION (  '', ( #5362 ), #8665 ) ;
#1253 = CARTESIAN_POINT ( 'NONE',  ( -1.430000000000000160, 1.449999999999999956, -0.3699999999999999956 ) ) ;
#1254 = LINE ( 'NONE', #4223, #9584 ) ;
#1255 = ORIENTED_EDGE ( 'NONE', *, *, #8116, .F. ) ;
#1256 = PLANE ( 'NONE',  #1067 ) ;
#1257 = EDGE_CURVE ( 'NONE', #9873, #1296, #292, .T. ) ;
#1258 = DIRECTION ( 'NONE',  ( 0.000000000000000000, 1.000000000000000000, 0.000000000000000000 ) ) ;
#1259 = ORIENTED_EDGE ( 'NONE', *, *, #12232, .F. ) ;
#1260 = VECTOR ( 'NONE', #1981, 1000.000000000000000 ) ;
#1261 = ORIENTED_EDGE ( 'NONE', *, *, #4983, .F. ) ;
#1262 = DIRECTION ( 'NONE',  ( -1.000000000000000000, 0.000000000000000000, 0.000000000000000000 ) ) ;
#1263 = CARTESIAN_POINT ( 'NONE',  ( -1.269999999999999352, -1.570000000000000284, 8.380000000000000782 ) ) ;
#1264 = CARTESIAN_POINT ( 'NONE',  ( 3.810000000000000941, -1.570000000000000062, 8.890000000000000568 ) ) ;
#1265 = DIRECTION ( 'NONE',  ( 0.000000000000000000, 1.000000000000000000, 0.000000000000000000 ) ) ;
#1266 = CARTESIAN_POINT ( 'NONE',  ( 3.409999999999998810, 0.03999999999999999389, -1.185000000000000053 ) ) ;
#1267 = CARTESIAN_POINT ( 'NONE',  ( -1.814999999999999947, 0.000000000000000000, 0.4000000000000000222 ) ) ;
#1268 = COLOUR_RGB ( '',0.9960784313725490335, 0.8705882352941176627, 0.7607843137254901578 ) ;
#1269 = CARTESIAN_POINT ( 'NONE',  ( -1.805769684305110090, 1.449999999999999956, -0.1876090199250475266 ) ) ;
#1270 = EDGE_CURVE ( 'NONE', #11421, #4567, #8940, .T. ) ;
#1271 = FACE_OUTER_BOUND ( 'NONE', #11621, .T. ) ;
#1272 = CARTESIAN_POINT ( 'NONE',  ( -5.714999999999998970, 0.000000000000000000, -0.5406000000000004135 ) ) ;
#1273 = CARTESIAN_POINT ( 'NONE',  ( -0.8050000000000000488, 0.000000000000000000, -1.000000000000000000 ) ) ;
#1274 = ORIENTED_EDGE ( 'NONE', *, *, #5767, .F. ) ;
#1275 = VERTEX_POINT ( 'NONE', #428 ) ;
#1276 = EDGE_LOOP ( 'NONE', ( #11055, #2542, #251, #4478 ) ) ;
#1277 = EDGE_CURVE ( 'NONE', #2501, #918, #8705, .T. ) ;
#1278 = FACE_OUTER_BOUND ( 'NONE', #11396, .T. ) ;
#1279 = DIRECTION ( 'NONE',  ( 1.000000000000000000, 0.000000000000000000, 0.000000000000000000 ) ) ;
#1280 = CARTESIAN_POINT ( 'NONE',  ( 7.620000000000000995, 0.000000000000000000, 10.15999999999999837 ) ) ;
#1281 = CARTESIAN_POINT ( 'NONE',  ( 0.000000000000000000, 0.2999999999999999889, 0.000000000000000000 ) ) ;
#1282 = CARTESIAN_POINT ( 'NONE',  ( -1.805769684305110090, 1.449999999999999956, 0.1876090199250475266 ) ) ;
#1283 = DIRECTION ( 'NONE',  ( -1.000000000000000000, 0.000000000000000000, -1.707404996040164018E-16 ) ) ;
#1284 = CARTESIAN_POINT ( 'NONE',  ( 1.270000000000000018, 1.550000000000000044, 0.000000000000000000 ) ) ;
#1285 = CARTESIAN_POINT ( 'NONE',  ( 4.209999999999999076, 0.3099999999999999978, -1.185000000000000275 ) ) ;
#1286 = DIRECTION ( 'NONE',  ( 0.000000000000000000, 1.000000000000000000, 0.000000000000000000 ) ) ;
#1287 = AXIS2_PLACEMENT_3D ( 'NONE', #8797, #1258, #4995 ) ;
#1288 = FACE_OUTER_BOUND ( 'NONE', #2813, .T. ) ;
#1289 = CARTESIAN_POINT ( 'NONE',  ( 7.619999999999999218, -1.570000000000000062, -10.16000000000000192 ) ) ;
#1290 = VECTOR ( 'NONE', #3863, 1000.000000000000000 ) ;
#1291 = ORIENTED_EDGE ( 'NONE', *, *, #9913, .F. ) ;
#1292 = EDGE_CURVE ( 'NONE', #8126, #8279, #8823, .T. ) ;
#1293 = EDGE_LOOP ( 'NONE', ( #7083, #3139, #10453, #7637 ) ) ;
#1294 = AXIS2_PLACEMENT_3D ( 'NONE', #890, #10545, #5806 ) ;
#1295 = ADVANCED_FACE ( 'NONE', ( #338 ), #8273, .F. ) ;
#1296 = VERTEX_POINT ( 'NONE', #8087 ) ;
#1297 = VECTOR ( 'NONE', #9069, 1000.000000000000000 ) ;
#1298 = VERTEX_POINT ( 'NONE', #5240 ) ;
#1299 = ADVANCED_FACE ( 'NONE', ( #4601 ), #12332, .F. ) ;
#1300 = DIRECTION ( 'NONE',  ( -5.421010862427530059E-16, 1.000000000000000000, 0.000000000000000000 ) ) ;
#1301 = MANIFOLD_SOLID_BREP ( 'Boss-Extrude2[5]', #1821 ) ;
#1302 = CIRCLE ( 'NONE', #5327, 1.650000000000000355 ) ;
#1303 = EDGE_CURVE ( 'NONE', #4782, #6062, #632, .T. ) ;
#1304 = FACE_OUTER_BOUND ( 'NONE', #7530, .T. ) ;
#1305 = CARTESIAN_POINT ( 'NONE',  ( 1.814999999999999947, 0.000000000000000000, -1.000000000000000000 ) ) ;
#1306 = DIRECTION ( 'NONE',  ( 0.000000000000000000, 0.000000000000000000, 1.000000000000000000 ) ) ;
#1307 = DIRECTION ( 'NONE',  ( -1.000000000000000000, 0.000000000000000000, 0.000000000000000000 ) ) ;
#1308 = PLANE ( 'NONE',  #1343 ) ;
#1309 = CARTESIAN_POINT ( 'NONE',  ( -3.074323956622009746, 0.2999999999999999889, -2.149999999999999911 ) ) ;
#1310 = DIRECTION ( 'NONE',  ( 0.000000000000000000, -3.226792180016387497E-17, 1.000000000000000000 ) ) ;
#1311 = VERTEX_POINT ( 'NONE', #1622 ) ;
#1312 = EDGE_CURVE ( 'NONE', #2620, #5759, #5176, .T. ) ;
#1313 = CARTESIAN_POINT ( 'NONE',  ( 6.985000000000000320, 0.000000000000000000, -0.3174999999999996714 ) ) ;
#1314 = VECTOR ( 'NONE', #711, 1000.000000000000000 ) ;
#1315 = ADVANCED_FACE ( 'NONE', ( #4803 ), #12152, .F. ) ;
#1316 = CARTESIAN_POINT ( 'NONE',  ( 1.270000000000000240, -1.570000000000000284, 9.650000000000000355 ) ) ;
#1317 = EDGE_CURVE ( 'NONE', #3326, #170, #996, .T. ) ;
#1318 = UNCERTAINTY_MEASURE_WITH_UNIT (LENGTH_MEASURE( 1.000000000000000082E-05 ), #1661, 'distance_accuracy_value', 'NONE');
#1319 = EDGE_CURVE ( 'NONE', #7839, #6123, #5067, .T. ) ;
#1320 = ADVANCED_FACE ( 'NONE', ( #9388 ), #8269, .T. ) ;
#1321 = FILL_AREA_STYLE_COLOUR ( '', #9736 ) ;
#1322 = FACE_OUTER_BOUND ( 'NONE', #6005, .T. ) ;
#1323 = AXIS2_PLACEMENT_3D ( 'NONE', #2814, #11254, #2739 ) ;
#1324 = LINE ( 'NONE', #6050, #9733 ) ;
#1325 = DIRECTION ( 'NONE',  ( 8.537024980200820092E-17, 0.000000000000000000, -1.000000000000000000 ) ) ;
#1326 = ORIENTED_EDGE ( 'NONE', *, *, #25, .T. ) ;
#1327 = DIRECTION ( 'NONE',  ( 0.000000000000000000, 1.000000000000000000, 0.000000000000000000 ) ) ;
#1328 =( NAMED_UNIT ( * ) SI_UNIT ( $, .STERADIAN. ) SOLID_ANGLE_UNIT ( ) );
#1329 = VECTOR ( 'NONE', #156, 1000.000000000000000 ) ;
#1330 = DIRECTION ( 'NONE',  ( 0.000000000000000000, -0.000000000000000000, 1.000000000000000000 ) ) ;
#1331 = CARTESIAN_POINT ( 'NONE',  ( 6.350000000000001421, 0.000000000000000000, 9.650000000000000355 ) ) ;
#1332 = DIRECTION ( 'NONE',  ( 0.000000000000000000, 0.000000000000000000, 1.000000000000000000 ) ) ;
#1333 = PLANE ( 'NONE',  #5292 ) ;
#1334 = FACE_OUTER_BOUND ( 'NONE', #5014, .T. ) ;
#1335 = DIRECTION ( 'NONE',  ( 0.000000000000000000, 0.000000000000000000, 1.000000000000000000 ) ) ;
#1336 = DIRECTION ( 'NONE',  ( 1.000000000000000000, 0.000000000000000000, -0.000000000000000000 ) ) ;
#1337 = VECTOR ( 'NONE', #1191, 1000.000000000000000 ) ;
#1338 = EDGE_CURVE ( 'NONE', #961, #9738, #4984, .T. ) ;
#1339 = LINE ( 'NONE', #12244, #9750 ) ;
#1340 = ADVANCED_FACE ( 'NONE', ( #826 ), #9305, .F. ) ;
#1341 = EDGE_CURVE ( 'NONE', #1530, #4641, #5007, .T. ) ;
#1342 = DIRECTION ( 'NONE',  ( 0.000000000000000000, 1.000000000000000000, 0.000000000000000000 ) ) ;
#1343 = AXIS2_PLACEMENT_3D ( 'NONE', #1238, #2112, #134 ) ;
#1344 = DIRECTION ( 'NONE',  ( -1.000000000000000000, 0.000000000000000000, 0.000000000000000000 ) ) ;
#1345 = DIRECTION ( 'NONE',  ( 0.000000000000000000, 0.000000000000000000, -1.000000000000000000 ) ) ;
#1346 = CARTESIAN_POINT ( 'NONE',  ( 4.570000000000002061, 0.3099999999999999978, -2.344883736647871419 ) ) ;
#1347 = EDGE_LOOP ( 'NONE', ( #8824, #3893, #1188, #7200 ) ) ;
#1348 = EDGE_CURVE ( 'NONE', #6832, #12223, #932, .T. ) ;
#1349 = VECTOR ( 'NONE', #6818, 1000.000000000000000 ) ;
#1350 = AXIS2_PLACEMENT_3D ( 'NONE', #6986, #153, #4130 ) ;
#1351 = VECTOR ( 'NONE', #6688, 1000.000000000000000 ) ;
#1352 = PRODUCT_DEFINITION ( 'UNKNOWN', '', #11924, #5179 ) ;
#1353 = DIRECTION ( 'NONE',  ( 0.000000000000000000, -1.000000000000000000, 0.000000000000000000 ) ) ;
#1354 = DIRECTION ( 'NONE',  ( 1.000000000000000000, 0.000000000000000000, 0.000000000000000000 ) ) ;
#1355 = CARTESIAN_POINT ( 'NONE',  ( 6.350000000000001421, -1.570000000000000062, 8.890000000000000568 ) ) ;
#1356 = FACE_OUTER_BOUND ( 'NONE', #3412, .T. ) ;
#1357 = CARTESIAN_POINT ( 'NONE',  ( 3.250000000000000000, 1.149999999999999911, 1.199999999999999956 ) ) ;
#1358 = CARTESIAN_POINT ( 'NONE',  ( 3.810000000000000941, -1.570000000000000062, 8.130000000000000782 ) ) ;
#1359 = DIRECTION ( 'NONE',  ( -1.000000000000000000, 0.000000000000000000, 0.000000000000000000 ) ) ;
#1360 = MECHANICAL_DESIGN_GEOMETRIC_PRESENTATION_REPRESENTATION (  '', ( #10550 ), #8796 ) ;
#1361 = CARTESIAN_POINT ( 'NONE',  ( 6.985000000000000320, -0.1000000000000000056, -1.130299999999998972 ) ) ;
#1362 = LINE ( 'NONE', #10357, #5599 ) ;
#1363 = CARTESIAN_POINT ( 'NONE',  ( -2.232161706211294838, 2.899999999999999911, -1.932161706211289909 ) ) ;
#1364 =( GEOMETRIC_REPRESENTATION_CONTEXT ( 3 ) GLOBAL_UNCERTAINTY_ASSIGNED_CONTEXT ( ( #718 ) ) GLOBAL_UNIT_ASSIGNED_CONTEXT ( ( #10492, #1961, #2981 ) ) REPRESENTATION_CONTEXT ( 'NONE', 'WORKASPACE' ) );
#1365 = FACE_OUTER_BOUND ( 'NONE', #3642, .T. ) ;
#1366 = AXIS2_PLACEMENT_3D ( 'NONE', #1807, #4790, #3848 ) ;
#1367 = ORIENTED_EDGE ( 'NONE', *, *, #11693, .F. ) ;
#1368 = ORIENTED_EDGE ( 'NONE', *, *, #10505, .T. ) ;
#1369 = FACE_OUTER_BOUND ( 'NONE', #7261, .T. ) ;
#1370 = DIRECTION ( 'NONE',  ( -1.000000000000000000, 0.000000000000000000, -1.707404996040164018E-16 ) ) ;
#1371 = DIRECTION ( 'NONE',  ( -1.000000000000000000, 0.000000000000000000, -8.537024980200820092E-17 ) ) ;
#1372 = VECTOR ( 'NONE', #8566, 1000.000000000000000 ) ;
#1373 = AXIS2_PLACEMENT_3D ( 'NONE', #2295, #157, #7150 ) ;
#1374 = VECTOR ( 'NONE', #11667, 1000.000000000000000 ) ;
#1375 = VECTOR ( 'NONE', #6070, 1000.000000000000000 ) ;
#1376 = DIRECTION ( 'NONE',  ( 0.000000000000000000, 1.000000000000000000, 0.000000000000000000 ) ) ;
#1377 =( NAMED_UNIT ( * ) SI_UNIT ( $, .STERADIAN. ) SOLID_ANGLE_UNIT ( ) );
#1378 = CARTESIAN_POINT ( 'NONE',  ( -2.232161706211294838, 3.100000000000000089, -1.932161706211289909 ) ) ;
#1379 =( NAMED_UNIT ( * ) SI_UNIT ( $, .STERADIAN. ) SOLID_ANGLE_UNIT ( ) );
#1380 = FILL_AREA_STYLE ('',( #9202 ) ) ;
#1381 = MANIFOLD_SOLID_BREP ( 'Sketch-Pattern1[1]', #10875 ) ;
#1382 = SURFACE_STYLE_USAGE ( .BOTH. , #11961 ) ;
#1383 = CARTESIAN_POINT ( 'NONE',  ( -3.210000000000000409, 0.5000000000000000000, -3.474999999999999645 ) ) ;
#1384 = CARTESIAN_POINT ( 'NONE',  ( -1.430000000000000160, 1.449999999999999956, -0.4200000000000000400 ) ) ;
#1385 = CARTESIAN_POINT ( 'NONE',  ( 1.669999999999999929, 0.3099999999999999978, -1.185000000000000053 ) ) ;
#1386 = CARTESIAN_POINT ( 'NONE',  ( -1.214999999999999858, 0.000000000000000000, -1.000000000000000000 ) ) ;
#1387 = ORIENTED_EDGE ( 'NONE', *, *, #3616, .T. ) ;
#1388 = ORIENTED_EDGE ( 'NONE', *, *, #1465, .T. ) ;
#1389 = AXIS2_PLACEMENT_3D ( 'NONE', #476, #10171, #7263 ) ;
#1390 = ADVANCED_FACE ( 'NONE', ( #5090 ), #5063, .F. ) ;
#1391 = LINE ( 'NONE', #2838, #1529 ) ;
#1392 = ADVANCED_FACE ( 'NONE', ( #9302 ), #977, .F. ) ;
#1393 = EDGE_CURVE ( 'NONE', #3058, #150, #2137, .T. ) ;
#1394 = VECTOR ( 'NONE', #5802, 1000.000000000000000 ) ;
#1395 = DIRECTION ( 'NONE',  ( 1.000000000000000000, 0.000000000000000000, 0.000000000000000000 ) ) ;
#1396 = CIRCLE ( 'NONE', #1076, 0.7600000000000002309 ) ;
#1397 = CIRCLE ( 'NONE', #9488, 1.650000000000000355 ) ;
#1398 = EDGE_CURVE ( 'NONE', #2760, #275, #9141, .T. ) ;
#1399 =( BOUNDED_CURVE ( )  B_SPLINE_CURVE ( 3, ( #4769, #4861, #8021, #8112 ),
 .UNSPECIFIED., .F., .F. ) 
 B_SPLINE_CURVE_WITH_KNOTS ( ( 4, 4 ),
 ( 0.000000000000000000, 1.570796326794895004 ),
 .UNSPECIFIED. ) 
 CURVE ( )  GEOMETRIC_REPRESENTATION_ITEM ( )  RATIONAL_B_SPLINE_CURVE ( ( 1.000000000000000000, 0.8047378541243649375, 0.8047378541243649375, 1.000000000000000000 ) ) 
 REPRESENTATION_ITEM ( '' )  );
#1400 = FACE_OUTER_BOUND ( 'NONE', #4714, .T. ) ;
#1401 = VECTOR ( 'NONE', #10060, 1000.000000000000000 ) ;
#1402 = VERTEX_POINT ( 'NONE', #2272 ) ;
#1403 = DIRECTION ( 'NONE',  ( 0.000000000000000000, 1.000000000000000000, 0.000000000000000000 ) ) ;
#1404 = DIRECTION ( 'NONE',  ( -1.000000000000000000, 0.000000000000000000, -0.000000000000000000 ) ) ;
#1405 = CARTESIAN_POINT ( 'NONE',  ( -6.984999999999999432, 0.000000000000000000, -0.7293999999999991601 ) ) ;
#1406 = FACE_OUTER_BOUND ( 'NONE', #12590, .T. ) ;
#1407 = DIRECTION ( 'NONE',  ( -0.000000000000000000, -3.226792180016387497E-17, 1.000000000000000000 ) ) ;
#1408 = CARTESIAN_POINT ( 'NONE',  ( 3.649999999999999911, 1.149999999999999911, -1.199999999999999956 ) ) ;
#1409 = CARTESIAN_POINT ( 'NONE',  ( 3.010000000000002451, 0.000000000000000000, -2.344883736647865646 ) ) ;
#1410 = PLANE ( 'NONE',  #11597 ) ;
#1411 = CARTESIAN_POINT ( 'NONE',  ( 6.985000000000000320, 0.000000000000000000, -1.130299999999998972 ) ) ;
#1412 = VECTOR ( 'NONE', #8657, 1000.000000000000000 ) ;
#1413 = ADVANCED_FACE ( 'NONE', ( #4756 ), #5146, .F. ) ;
#1414 = DIRECTION ( 'NONE',  ( -0.000000000000000000, 1.000000000000000000, -0.000000000000000000 ) ) ;
#1415 = DIRECTION ( 'NONE',  ( 0.000000000000000000, 1.000000000000000000, 0.000000000000000000 ) ) ;
#1416 = AXIS2_PLACEMENT_3D ( 'NONE', #1684, #1760, #2693 ) ;
#1417 = CARTESIAN_POINT ( 'NONE',  ( 0.8050000000000000488, 0.000000000000000000, 1.000000000000000000 ) ) ;
#1418 = VECTOR ( 'NONE', #6523, 1000.000000000000000 ) ;
#1419 = AXIS2_PLACEMENT_3D ( 'NONE', #1174, #2045, #4031 ) ;
#1420 = VECTOR ( 'NONE', #5779, 1000.000000000000000 ) ;
#1421 = CARTESIAN_POINT ( 'NONE',  ( -7.620000000000000995, -1.570000000000000062, -10.16000000000000192 ) ) ;
#1422 = DIRECTION ( 'NONE',  ( -0.000000000000000000, -1.000000000000000000, -0.000000000000000000 ) ) ;
#1423 = LINE ( 'NONE', #2075, #5678 ) ;
#1424 = EDGE_CURVE ( 'NONE', #5021, #5259, #9186, .T. ) ;
#1425 = CARTESIAN_POINT ( 'NONE',  ( 2.979883736647867654, 0.000000000000000000, -1.434999999999999831 ) ) ;
#1426 = FILL_AREA_STYLE_COLOUR ( '', #3954 ) ;
#1427 = VERTEX_POINT ( 'NONE', #3595 ) ;
#1428 = AXIS2_PLACEMENT_3D ( 'NONE', #3870, #2060, #8015 ) ;
#1429 = LINE ( 'NONE', #1783, #1394 ) ;
#1430 = CARTESIAN_POINT ( 'NONE',  ( 3.260000000000000231, 0.3499999999999997002, -2.774999999999998135 ) ) ;
#1431 = PRODUCT_CONTEXT ( 'NONE', #560, 'mechanical' ) ;
#1432 = CARTESIAN_POINT ( 'NONE',  ( 0.2049999999999999878, 0.1000000000000000056, -1.000000000000000000 ) ) ;
#1433 = FACE_OUTER_BOUND ( 'NONE', #7028, .T. ) ;
#1434 = CARTESIAN_POINT ( 'NONE',  ( 5.714999999999999858, -0.1000000000000000472, 0.4952999999999994074 ) ) ;
#1435 = CARTESIAN_POINT ( 'NONE',  ( 3.409999999999998810, 0.000000000000000000, 0.1650000000000001188 ) ) ;
#1436 = CARTESIAN_POINT ( 'NONE',  ( -0.2049999999999999878, 0.000000000000000000, 0.4000000000000000222 ) ) ;
#1437 = DIRECTION ( 'NONE',  ( 1.000000000000000000, 0.000000000000000000, -3.491481338843133355E-15 ) ) ;
#1438 = EDGE_CURVE ( 'NONE', #8919, #1550, #9319, .T. ) ;
#1439 = CARTESIAN_POINT ( 'NONE',  ( 6.350000000000001421, 0.000000000000000000, 8.890000000000000568 ) ) ;
#1440 = ADVANCED_FACE ( 'NONE', ( #9281 ), #5610, .F. ) ;
#1441 = CYLINDRICAL_SURFACE ( 'NONE', #3973, 0.5100000000000000089 ) ;
#1442 = EDGE_CURVE ( 'NONE', #12013, #528, #719, .T. ) ;
#1443 = EDGE_LOOP ( 'NONE', ( #10811, #8648, #11044, #3830 ) ) ;
#1444 = VERTEX_POINT ( 'NONE', #2042 ) ;
#1445 = EDGE_CURVE ( 'NONE', #6978, #7550, #755, .T. ) ;
#1446 = EDGE_CURVE ( 'NONE', #4758, #2958, #9047, .T. ) ;
#1447 = FACE_OUTER_BOUND ( 'NONE', #10989, .T. ) ;
#1448 = LINE ( 'NONE', #12000, #9600 ) ;
#1449 = AXIS2_PLACEMENT_3D ( 'NONE', #1541, #8352, #4552 ) ;
#1450 = LINE ( 'NONE', #11904, #5675 ) ;
#1451 = FILL_AREA_STYLE ('',( #12047 ) ) ;
#1452 = CARTESIAN_POINT ( 'NONE',  ( -1.269999999999999352, -3.719604614807106024, 8.130000000000000782 ) ) ;
#1453 = DIRECTION ( 'NONE',  ( 1.000000000000000000, 0.000000000000000000, 0.000000000000000000 ) ) ;
#1454 = ADVANCED_FACE ( 'NONE', ( #4919 ), #4890, .T. ) ;
#1455 = CARTESIAN_POINT ( 'NONE',  ( -2.232161706211294838, 2.899999999999999911, 1.932161706211294794 ) ) ;
#1456 = EDGE_CURVE ( 'NONE', #12176, #7059, #9228, .T. ) ;
#1457 = DIRECTION ( 'NONE',  ( 1.000000000000000000, 0.000000000000000000, 0.000000000000000000 ) ) ;
#1458 =( NAMED_UNIT ( * ) PLANE_ANGLE_UNIT ( ) SI_UNIT ( $, .RADIAN. ) );
#1459 = DIRECTION ( 'NONE',  ( -4.517509052022940401E-16, 0.000000000000000000, -1.000000000000000000 ) ) ;
#1460 = LINE ( 'NONE', #3718, #10234 ) ;
#1461 = CARTESIAN_POINT ( 'NONE',  ( 6.350000000000001421, -1.570000000000000284, 8.890000000000000568 ) ) ;
#1462 = CARTESIAN_POINT ( 'NONE',  ( 2.979883736647867654, 0.3500000000000000333, -0.08499999999999986733 ) ) ;
#1463 = UNCERTAINTY_MEASURE_WITH_UNIT (LENGTH_MEASURE( 1.000000000000000082E-05 ), #3496, 'distance_accuracy_value', 'NONE');
#1464 = EDGE_LOOP ( 'NONE', ( #11926, #5501, #6853, #5418 ) ) ;
#1465 = EDGE_CURVE ( 'NONE', #12061, #9544, #604, .T. ) ;
#1466 = ORIENTED_EDGE ( 'NONE', *, *, #295, .T. ) ;
#1467 = DIRECTION ( 'NONE',  ( 0.000000000000000000, 0.000000000000000000, 1.000000000000000000 ) ) ;
#1468 = LINE ( 'NONE', #1018, #9790 ) ;
#1469 = EDGE_CURVE ( 'NONE', #589, #1044, #800, .T. ) ;
#1470 = AXIS2_PLACEMENT_3D ( 'NONE', #1856, #8744, #5732 ) ;
#1471 = ORIENTED_EDGE ( 'NONE', *, *, #1719, .T. ) ;
#1472 = VECTOR ( 'NONE', #1935, 1000.000000000000000 ) ;
#1473 = CARTESIAN_POINT ( 'NONE',  ( -5.714999999999998970, -1.519903165712366722, -1.364399999999998947 ) ) ;
#1474 = VERTEX_POINT ( 'NONE', #4213 ) ;
#1475 = DIRECTION ( 'NONE',  ( 0.000000000000000000, 0.000000000000000000, -1.000000000000000000 ) ) ;
#1476 = CARTESIAN_POINT ( 'NONE',  ( 5.079999999999999183, -1.570000000000000062, -7.620000000000000107 ) ) ;
#1477 = VECTOR ( 'NONE', #9502, 1000.000000000000000 ) ;
#1478 = LINE ( 'NONE', #8018, #5765 ) ;
#1479 = VECTOR ( 'NONE', #4140, 1000.000000000000000 ) ;
#1480 = FACE_OUTER_BOUND ( 'NONE', #9328, .T. ) ;
#1481 = ORIENTED_EDGE ( 'NONE', *, *, #10747, .F. ) ;
#1482 = ORIENTED_EDGE ( 'NONE', *, *, #6675, .T. ) ;
#1483 =( GEOMETRIC_REPRESENTATION_CONTEXT ( 3 ) GLOBAL_UNCERTAINTY_ASSIGNED_CONTEXT ( ( #8275 ) ) GLOBAL_UNIT_ASSIGNED_CONTEXT ( ( #7052, #687, #9127 ) ) REPRESENTATION_CONTEXT ( 'NONE', 'WORKASPACE' ) );
#1484 = ADVANCED_FACE ( 'NONE', ( #5046 ), #1015, .F. ) ;
#1485 = DIRECTION ( 'NONE',  ( 0.000000000000000000, 0.000000000000000000, 1.000000000000000000 ) ) ;
#1486 = VECTOR ( 'NONE', #6138, 1000.000000000000000 ) ;
#1487 = DIRECTION ( 'NONE',  ( 0.000000000000000000, 1.000000000000000000, 0.000000000000000000 ) ) ;
#1488 = DIRECTION ( 'NONE',  ( -1.362997016838921353E-15, -1.000000000000000000, 4.758878649191953708E-30 ) ) ;
#1489 = DIRECTION ( 'NONE',  ( 0.000000000000000000, 0.000000000000000000, 1.000000000000000000 ) ) ;
#1490 = DIRECTION ( 'NONE',  ( -3.614007241618350250E-16, 0.000000000000000000, 1.000000000000000000 ) ) ;
#1491 = ORIENTED_EDGE ( 'NONE', *, *, #1842, .T. ) ;
#1492 = STYLED_ITEM ( 'NONE', ( #519 ), #9793 ) ;
#1493 = VECTOR ( 'NONE', #4674, 1000.000000000000000 ) ;
#1494 = DIRECTION ( 'NONE',  ( 0.000000000000000000, -1.000000000000000000, 0.000000000000000000 ) ) ;
#1495 = ORIENTED_EDGE ( 'NONE', *, *, #5472, .T. ) ;
#1496 = LINE ( 'NONE', #6282, #1418 ) ;
#1497 = DIRECTION ( 'NONE',  ( -1.016439536705159026E-15, 1.000000000000000000, 3.548879674468422491E-30 ) ) ;
#1498 = LINE ( 'NONE', #11559, #5961 ) ;
#1499 = CARTESIAN_POINT ( 'NONE',  ( -1.214999999999999858, 0.1000000000000000056, -0.4000000000000000222 ) ) ;
#1500 = DIRECTION ( 'NONE',  ( 0.000000000000000000, 0.000000000000000000, 1.000000000000000000 ) ) ;
#1501 = VERTEX_POINT ( 'NONE', #8698 ) ;
#1502 = VERTEX_POINT ( 'NONE', #7742 ) ;
#1503 = LINE ( 'NONE', #10970, #1329 ) ;
#1504 = AXIS2_PLACEMENT_3D ( 'NONE', #495, #12132, #4361 ) ;
#1505 = EDGE_CURVE ( 'NONE', #8334, #4254, #9699, .T. ) ;
#1506 = VERTEX_POINT ( 'NONE', #2125 ) ;
#1507 = LINE ( 'NONE', #1435, #9965 ) ;
#1508 = ORIENTED_EDGE ( 'NONE', *, *, #668, .F. ) ;
#1509 = DIRECTION ( 'NONE',  ( -0.000000000000000000, 1.000000000000000000, 0.000000000000000000 ) ) ;
#1510 = PRODUCT_CONTEXT ( 'NONE', #6236, 'mechanical' ) ;
#1511 = ADVANCED_FACE ( 'NONE', ( #9662 ), #6807, .T. ) ;
#1512 = AXIS2_PLACEMENT_3D ( 'NONE', #2034, #2815, #5973 ) ;
#1513 = DIRECTION ( 'NONE',  ( 0.000000000000000000, 0.000000000000000000, -1.000000000000000000 ) ) ;
#1514 = LINE ( 'NONE', #11405, #10013 ) ;
#1515 = DIRECTION ( 'NONE',  ( -0.1378445374916290045, 0.9808148484639889197, -0.1378445374916290045 ) ) ;
#1516 = DIRECTION ( 'NONE',  ( -0.000000000000000000, 1.000000000000000000, 0.000000000000000000 ) ) ;
#1517 = LINE ( 'NONE', #7338, #9957 ) ;
#1518 = CARTESIAN_POINT ( 'NONE',  ( 4.209999999999999076, 0.3099999999999999978, -1.394999999999999796 ) ) ;
#1519 = CARTESIAN_POINT ( 'NONE',  ( -1.814999999999999947, 0.1000000000000000056, -0.4000000000000000222 ) ) ;
#1520 = CARTESIAN_POINT ( 'NONE',  ( 0.8699999999999997735, 0.000000000000000000, 0.1650000000000003131 ) ) ;
#1521 = DIRECTION ( 'NONE',  ( 0.000000000000000000, -0.000000000000000000, 1.000000000000000000 ) ) ;
#1522 = EDGE_CURVE ( 'NONE', #2840, #5294, #9782, .T. ) ;
#1523 = VECTOR ( 'NONE', #2522, 1000.000000000000000 ) ;
#1524 = CARTESIAN_POINT ( 'NONE',  ( 6.985000000000000320, -0.1000000000000000056, -0.1397000000000004072 ) ) ;
#1525 = LINE ( 'NONE', #5017, #10139 ) ;
#1526 = ORIENTED_EDGE ( 'NONE', *, *, #6537, .T. ) ;
#1527 = ORIENTED_EDGE ( 'NONE', *, *, #11221, .F. ) ;
#1528 = DIRECTION ( 'NONE',  ( -0.000000000000000000, 1.000000000000000000, -0.000000000000000000 ) ) ;
#1529 = VECTOR ( 'NONE', #8889, 1000.000000000000000 ) ;
#1530 = VERTEX_POINT ( 'NONE', #5246 ) ;
#1531 = LINE ( 'NONE', #9917, #5760 ) ;
#1532 = ORIENTED_EDGE ( 'NONE', *, *, #5472, .F. ) ;
#1533 = FACE_OUTER_BOUND ( 'NONE', #8350, .T. ) ;
#1534 = MANIFOLD_SOLID_BREP ( 'NONE', #8032 ) ;
#1535 = COLOUR_RGB ( '',0.9960784313725490335, 0.8705882352941176627, 0.7607843137254901578 ) ;
#1536 = CARTESIAN_POINT ( 'NONE',  ( -1.969999999999999973, 1.500000000000000000, -1.180000000000000160 ) ) ;
#1537 = DIRECTION ( 'NONE',  ( -1.000000000000000000, 0.000000000000000000, -1.707404996040164018E-16 ) ) ;
#1538 = CARTESIAN_POINT ( 'NONE',  ( -3.250000000000000000, 1.250000000000000000, -1.199999999999999956 ) ) ;
#1539 = DIRECTION ( 'NONE',  ( -1.000000000000000000, 0.000000000000000000, -0.000000000000000000 ) ) ;
#1540 = CARTESIAN_POINT ( 'NONE',  ( 2.979883736647867654, 0.3499999999999999778, -1.434999999999999831 ) ) ;
#1541 = CARTESIAN_POINT ( 'NONE',  ( 0.8699999999999997735, 0.3499999999999999778, 0.1650000000000003131 ) ) ;
#1542 = FILL_AREA_STYLE ('',( #4198 ) ) ;
#1543 = ORIENTED_EDGE ( 'NONE', *, *, #6393, .F. ) ;
#1544 = DIRECTION ( 'NONE',  ( 1.000000000000000000, 0.000000000000000000, 0.000000000000000000 ) ) ;
#1545 = LINE ( 'NONE', #3101, #1349 ) ;
#1546 = CARTESIAN_POINT ( 'NONE',  ( 1.669999999999999929, 0.3099999999999999978, 0.1250000000000003331 ) ) ;
#1547 = ORIENTED_EDGE ( 'NONE', *, *, #5291, .F. ) ;
#1548 = LINE ( 'NONE', #2868, #5686 ) ;
#1549 = DIRECTION ( 'NONE',  ( 0.000000000000000000, -1.000000000000000000, 0.000000000000000000 ) ) ;
#1550 = VERTEX_POINT ( 'NONE', #3182 ) ;
#1551 = AXIS2_PLACEMENT_3D ( 'NONE', #6453, #3481, #5521 ) ;
#1552 = DIRECTION ( 'NONE',  ( 0.000000000000000000, 0.000000000000000000, -1.000000000000000000 ) ) ;
#1553 = LINE ( 'NONE', #7870, #9914 ) ;
#1554 = LINE ( 'NONE', #7242, #1233 ) ;
#1555 = DIRECTION ( 'NONE',  ( 0.000000000000000000, -1.000000000000000000, 0.000000000000000000 ) ) ;
#1556 = LINE ( 'NONE', #9466, #1523 ) ;
#1557 = ADVANCED_FACE ( 'NONE', ( #5619 ), #5911, .F. ) ;
#1558 = EDGE_CURVE ( 'NONE', #4017, #6994, #5244, .T. ) ;
#1559 = ORIENTED_EDGE ( 'NONE', *, *, #4768, .F. ) ;
#1560 = AXIS2_PLACEMENT_3D ( 'NONE', #10848, #4351, #10926 ) ;
#1561 = DIRECTION ( 'NONE',  ( 1.000000000000000000, 0.000000000000000000, 0.000000000000000000 ) ) ;
#1562 = CARTESIAN_POINT ( 'NONE',  ( 6.985000000000000320, -1.519903165712366722, -0.3174999999999996714 ) ) ;
#1563 = DIRECTION ( 'NONE',  ( 0.000000000000000000, 0.000000000000000000, -1.000000000000000000 ) ) ;
#1564 = DIRECTION ( 'NONE',  ( 0.000000000000000000, 0.000000000000000000, 1.000000000000000000 ) ) ;
#1565 = CARTESIAN_POINT ( 'NONE',  ( -5.714999999999998970, -0.1000000000000000056, -0.7293999999999989381 ) ) ;
#1566 = DIRECTION ( 'NONE',  ( 0.000000000000000000, -1.000000000000000000, -0.000000000000000000 ) ) ;
#1567 = ORIENTED_EDGE ( 'NONE', *, *, #5842, .F. ) ;
#1568 = LINE ( 'NONE', #11488, #1472 ) ;
#1569 = SURFACE_STYLE_USAGE ( .BOTH. , #12453 ) ;
#1570 = ORIENTED_EDGE ( 'NONE', *, *, #7108, .F. ) ;
#1571 = DIRECTION ( 'NONE',  ( 1.000000000000000000, 0.000000000000000000, -4.517509052022940401E-16 ) ) ;
#1572 = EDGE_CURVE ( 'NONE', #8942, #518, #5217, .T. ) ;
#1573 =( NAMED_UNIT ( * ) PLANE_ANGLE_UNIT ( ) SI_UNIT ( $, .RADIAN. ) );
#1574 = CYLINDRICAL_SURFACE ( 'NONE', #6707, 0.3500000000000000333 ) ;
#1575 = EDGE_CURVE ( 'NONE', #12068, #8097, #1121, .T. ) ;
#1576 = MECHANICAL_DESIGN_GEOMETRIC_PRESENTATION_REPRESENTATION (  '', ( #7740 ), #1009 ) ;
#1577 = VECTOR ( 'NONE', #2065, 1000.000000000000000 ) ;
#1578 = CARTESIAN_POINT ( 'NONE',  ( 1.969999999999999973, 0.2000000000000000111, -1.180000000000000160 ) ) ;
#1579 = PLANE ( 'NONE',  #2915 ) ;
#1580 = EDGE_CURVE ( 'NONE', #1427, #1530, #9532, .T. ) ;
#1581 = ORIENTED_EDGE ( 'NONE', *, *, #1505, .T. ) ;
#1582 = FACE_OUTER_BOUND ( 'NONE', #102, .T. ) ;
#1583 = ADVANCED_FACE ( 'NONE', ( #1365 ), #8881, .F. ) ;
#1584 = EDGE_CURVE ( 'NONE', #4055, #2832, #9767, .T. ) ;
#1585 = ORIENTED_EDGE ( 'NONE', *, *, #9088, .F. ) ;
#1586 = VECTOR ( 'NONE', #6529, 1000.000000000000000 ) ;
#1587 = EDGE_CURVE ( 'NONE', #8912, #11654, #1223, .T. ) ;
#1588 = VERTEX_POINT ( 'NONE', #4035 ) ;
#1589 = CARTESIAN_POINT ( 'NONE',  ( -3.649999999999999911, 1.550000000000000044, 2.149999999999999911 ) ) ;
#1590 = EDGE_CURVE ( 'NONE', #3980, #7649, #7003, .T. ) ;
#1591 = CARTESIAN_POINT ( 'NONE',  ( -5.080000000000000071, -1.570000000000000062, -7.620000000000000107 ) ) ;
#1592 = CARTESIAN_POINT ( 'NONE',  ( 0.4398837366478682287, 0.04000000000000000083, 0.1250000000000003331 ) ) ;
#1593 = DIRECTION ( 'NONE',  ( 1.000000000000000000, 0.000000000000000000, -0.000000000000000000 ) ) ;
#1594 = FILL_AREA_STYLE_COLOUR ( '', #8115 ) ;
#1595 = DIRECTION ( 'NONE',  ( 0.000000000000000000, 1.000000000000000000, 0.000000000000000000 ) ) ;
#1596 = CARTESIAN_POINT ( 'NONE',  ( 4.610000000000000320, 0.3099999999999999978, -2.775000000000002576 ) ) ;
#1597 = EDGE_CURVE ( 'NONE', #3146, #6181, #9623, .T. ) ;
#1598 =( NAMED_UNIT ( * ) PLANE_ANGLE_UNIT ( ) SI_UNIT ( $, .RADIAN. ) );
#1599 = CARTESIAN_POINT ( 'NONE',  ( 3.250000000000000000, 1.550000000000000044, 1.199999999999999956 ) ) ;
#1600 = EDGE_CURVE ( 'NONE', #9665, #5270, #5286, .T. ) ;
#1601 = CARTESIAN_POINT ( 'NONE',  ( -6.349999999999999645, 0.000000000000000000, 8.890000000000000568 ) ) ;
#1602 = PRESENTATION_STYLE_ASSIGNMENT (( #2213 ) ) ;
#1603 = PLANE ( 'NONE',  #1888 ) ;
#1604 = VERTEX_POINT ( 'NONE', #2619 ) ;
#1605 = LINE ( 'NONE', #1358, #9911 ) ;
#1606 = ORIENTED_EDGE ( 'NONE', *, *, #3128, .T. ) ;
#1607 = ADVANCED_FACE ( 'NONE', ( #1271 ), #522, .T. ) ;
#1608 = LINE ( 'NONE', #6436, #5650 ) ;
#1609 = EDGE_CURVE ( 'NONE', #3486, #2507, #5331, .T. ) ;
#1610 = LINE ( 'NONE', #11548, #1577 ) ;
#1611 = FILL_AREA_STYLE ('',( #317 ) ) ;
#1612 = AXIS2_PLACEMENT_3D ( 'NONE', #4376, #7998, #2270 ) ;
#1613 = DIRECTION ( 'NONE',  ( 0.000000000000000000, 1.084202172485506209E-15, -1.000000000000000000 ) ) ;
#1614 = DIRECTION ( 'NONE',  ( 0.000000000000000000, 1.000000000000000000, 0.000000000000000000 ) ) ;
#1615 = SURFACE_SIDE_STYLE ('',( #4599 ) ) ;
#1616 = PLANE ( 'NONE',  #3073 ) ;
#1617 = DIRECTION ( 'NONE',  ( 1.000000000000000000, 0.000000000000000000, 0.000000000000000000 ) ) ;
#1618 = CARTESIAN_POINT ( 'NONE',  ( 4.209999999999999076, 0.3499999999999999778, -1.434999999999999831 ) ) ;
#1619 = ORIENTED_EDGE ( 'NONE', *, *, #1801, .T. ) ;
#1620 = SURFACE_STYLE_USAGE ( .BOTH. , #12246 ) ;
#1621 = LINE ( 'NONE', #3728, #10079 ) ;
#1622 = CARTESIAN_POINT ( 'NONE',  ( -0.9700000000000001954, 0.000000000000000000, -0.9849999999999993205 ) ) ;
#1623 = ORIENTED_EDGE ( 'NONE', *, *, #1865, .T. ) ;
#1624 = VECTOR ( 'NONE', #5954, 1000.000000000000000 ) ;
#1625 = ORIENTED_EDGE ( 'NONE', *, *, #2435, .T. ) ;
#1626 =( NAMED_UNIT ( * ) PLANE_ANGLE_UNIT ( ) SI_UNIT ( $, .RADIAN. ) );
#1627 = FILL_AREA_STYLE_COLOUR ( '', #6120 ) ;
#1628 = LINE ( 'NONE', #6091, #5563 ) ;
#1629 = CARTESIAN_POINT ( 'NONE',  ( 3.649999999999999911, 1.149999999999999911, -1.199999999999999956 ) ) ;
#1630 = CIRCLE ( 'NONE', #2310, 0.5100000000000000089 ) ;
#1631 = AXIS2_PLACEMENT_3D ( 'NONE', #1637, #4669, #3463 ) ;
#1632 = AXIS2_PLACEMENT_3D ( 'NONE', #6651, #10430, #5770 ) ;
#1633 = CLOSED_SHELL ( 'NONE', ( #4426, #2120, #11803, #9181, #8384, #3459 ) ) ;
#1634 = DIRECTION ( 'NONE',  ( -3.226792180016381951E-17, 1.000000000000000000, 1.126628468085215119E-31 ) ) ;
#1635 = PLANE ( 'NONE',  #3904 ) ;
#1636 = CARTESIAN_POINT ( 'NONE',  ( -3.460000000000000409, 0.5000000000000000000, -2.875000000000000000 ) ) ;
#1637 = CARTESIAN_POINT ( 'NONE',  ( -1.430000000000000160, 1.449999999999999956, 0.3699999999999999956 ) ) ;
#1638 = DIRECTION ( 'NONE',  ( -1.000000000000000000, 1.362997016838921353E-15, 3.491481338843133355E-15 ) ) ;
#1639 = DIRECTION ( 'NONE',  ( -1.016439536705159026E-15, 1.000000000000000000, 3.548879674468422491E-30 ) ) ;
#1640 = DIRECTION ( 'NONE',  ( 1.000000000000000000, 0.000000000000000000, 1.707404996040164018E-16 ) ) ;
#1641 = CARTESIAN_POINT ( 'NONE',  ( 1.243805537978294113E-16, 1.500000000000000000, 1.129999999999999893 ) ) ;
#1642 = ORIENTED_EDGE ( 'NONE', *, *, #2158, .F. ) ;
#1643 = LINE ( 'NONE', #1808, #6036 ) ;
#1644 = FILL_AREA_STYLE_COLOUR ( '', #11216 ) ;
#1645 = ORIENTED_EDGE ( 'NONE', *, *, #5447, .T. ) ;
#1646 = CARTESIAN_POINT ( 'NONE',  ( 4.209999999999999076, 0.04000000000000000083, 0.1250000000000001110 ) ) ;
#1647 =( GEOMETRIC_REPRESENTATION_CONTEXT ( 3 ) GLOBAL_UNCERTAINTY_ASSIGNED_CONTEXT ( ( #12317 ) ) GLOBAL_UNIT_ASSIGNED_CONTEXT ( ( #10762, #3038, #1132 ) ) REPRESENTATION_CONTEXT ( 'NONE', 'WORKASPACE' ) );
#1648 = VECTOR ( 'NONE', #7302, 1000.000000000000000 ) ;
#1649 = CARTESIAN_POINT ( 'NONE',  ( 4.360000000000002096, 0.3099999999999999978, -2.344883736647870531 ) ) ;
#1650 = ADVANCED_FACE ( 'NONE', ( #5513 ), #9223, .T. ) ;
#1651 = AXIS2_PLACEMENT_3D ( 'NONE', #9593, #10705, #5137 ) ;
#1652 = LINE ( 'NONE', #10376, #5938 ) ;
#1653 = EDGE_CURVE ( 'NONE', #1604, #6320, #1241, .T. ) ;
#1654 = VERTEX_POINT ( 'NONE', #11300 ) ;
#1655 = FACE_OUTER_BOUND ( 'NONE', #11556, .T. ) ;
#1656 = ORIENTED_EDGE ( 'NONE', *, *, #11626, .T. ) ;
#1657 = CARTESIAN_POINT ( 'NONE',  ( 1.270000000000000240, 0.000000000000000000, 9.400000000000000355 ) ) ;
#1658 = PLANE ( 'NONE',  #10799 ) ;
#1659 = FACE_OUTER_BOUND ( 'NONE', #3228, .T. ) ;
#1660 = CARTESIAN_POINT ( 'NONE',  ( 7.619999999999999218, -1.570000000000000062, -10.16000000000000192 ) ) ;
#1661 =( LENGTH_UNIT ( ) NAMED_UNIT ( * ) SI_UNIT ( .MILLI., .METRE. ) );
#1662 = PLANE ( 'NONE',  #9109 ) ;
#1663 = CARTESIAN_POINT ( 'NONE',  ( -5.714999999999998970, 0.000000000000000000, -0.7293999999999989381 ) ) ;
#1664 = CARTESIAN_POINT ( 'NONE',  ( 0.2049999999999999878, 0.000000000000000000, -0.4000000000000000222 ) ) ;
#1665 = CARTESIAN_POINT ( 'NONE',  ( -0.2049999999999999878, 0.000000000000000000, 0.4000000000000000222 ) ) ;
#1666 = EDGE_LOOP ( 'NONE', ( #4158, #5903 ) ) ;
#1667 = ADVANCED_FACE ( 'NONE', ( #9714 ), #3448, .F. ) ;
#1668 = DIRECTION ( 'NONE',  ( 0.000000000000000000, -1.000000000000000000, 0.000000000000000000 ) ) ;
#1669 = ADVANCED_FACE ( 'NONE', ( #9427 ), #9859, .F. ) ;
#1670 = DIRECTION ( 'NONE',  ( 0.000000000000000000, 0.000000000000000000, 1.000000000000000000 ) ) ;
#1671 = ORIENTED_EDGE ( 'NONE', *, *, #1990, .T. ) ;
#1672 = FACE_BOUND ( 'NONE', #10879, .T. ) ;
#1673 = ORIENTED_EDGE ( 'NONE', *, *, #11534, .F. ) ;
#1674 = EDGE_CURVE ( 'NONE', #150, #11767, #1914, .T. ) ;
#1675 = LINE ( 'NONE', #11485, #1374 ) ;
#1676 = LINE ( 'NONE', #4733, #9858 ) ;
#1677 = CARTESIAN_POINT ( 'NONE',  ( -3.210000000000000409, 0.5000000000000000000, -3.474999999999999645 ) ) ;
#1678 = CARTESIAN_POINT ( 'NONE',  ( 1.214999999999999858, 0.000000000000000000, 0.4000000000000000222 ) ) ;
#1679 = CARTESIAN_POINT ( 'NONE',  ( 1.669999999999999929, 0.3500000000000000333, -0.08499999999999965916 ) ) ;
#1680 = DIRECTION ( 'NONE',  ( -0.000000000000000000, -0.000000000000000000, 1.000000000000000000 ) ) ;
#1681 = DIRECTION ( 'NONE',  ( 0.000000000000000000, 0.000000000000000000, 1.000000000000000000 ) ) ;
#1682 = AXIS2_PLACEMENT_3D ( 'NONE', #7474, #584, #12323 ) ;
#1683 = EDGE_LOOP ( 'NONE', ( #404, #8365, #4366, #9316 ) ) ;
#1684 = CARTESIAN_POINT ( 'NONE',  ( -0.8050000000000000488, 0.000000000000000000, 1.000000000000000000 ) ) ;
#1685 = PRESENTATION_STYLE_ASSIGNMENT (( #8366 ) ) ;
#1686 = VECTOR ( 'NONE', #3374, 1000.000000000000000 ) ;
#1687 = CARTESIAN_POINT ( 'NONE',  ( 0.8050000000000000488, 0.1000000000000000056, 1.000000000000000000 ) ) ;
#1688 = VERTEX_POINT ( 'NONE', #9480 ) ;
#1689 = ORIENTED_EDGE ( 'NONE', *, *, #4812, .T. ) ;
#1690 = LINE ( 'NONE', #5974, #5904 ) ;
#1691 = DIRECTION ( 'NONE',  ( 0.000000000000000000, 0.000000000000000000, 1.000000000000000000 ) ) ;
#1692 = EDGE_LOOP ( 'NONE', ( #10751, #12448, #12062, #10197 ) ) ;
#1693 = AXIS2_PLACEMENT_3D ( 'NONE', #6053, #595, #3175 ) ;
#1694 = CARTESIAN_POINT ( 'NONE',  ( 0.4398837366478682287, 0.3099999999999999978, -0.08499999999999961753 ) ) ;
#1695 = VECTOR ( 'NONE', #6680, 1000.000000000000000 ) ;
#1696 = EDGE_CURVE ( 'NONE', #12277, #4360, #5641, .T. ) ;
#1697 = PRESENTATION_LAYER_ASSIGNMENT (  '', '', ( #7405 ) ) ;
#1698 = DIRECTION ( 'NONE',  ( 0.000000000000000000, -0.1391731009600658819, -0.9902680687415703620 ) ) ;
#1699 = VECTOR ( 'NONE', #8535, 1000.000000000000000 ) ;
#1700 = MANIFOLD_SOLID_BREP ( 'NONE', #6808 ) ;
#1701 = VERTEX_POINT ( 'NONE', #4390 ) ;
#1702 = EDGE_CURVE ( 'NONE', #8715, #7691, #10341, .T. ) ;
#1703 = LINE ( 'NONE', #8545, #10218 ) ;
#1704 = VECTOR ( 'NONE', #7231, 1000.000000000000000 ) ;
#1705 = CARTESIAN_POINT ( 'NONE',  ( -5.714999999999998970, -0.1000000000000000472, 0.09439999999999956759 ) ) ;
#1706 = DIRECTION ( 'NONE',  ( 0.000000000000000000, 0.000000000000000000, -1.000000000000000000 ) ) ;
#1707 = ORIENTED_EDGE ( 'NONE', *, *, #1292, .T. ) ;
#1708 = DIRECTION ( 'NONE',  ( 1.000000000000000000, 0.000000000000000000, 0.000000000000000000 ) ) ;
#1709 = CARTESIAN_POINT ( 'NONE',  ( 1.864999999999999991, 0.000000000000000000, 1.050000000000000044 ) ) ;
#1710 = DIRECTION ( 'NONE',  ( 0.000000000000000000, -0.000000000000000000, 1.000000000000000000 ) ) ;
#1711 = CARTESIAN_POINT ( 'NONE',  ( -3.432161706211294572, 2.899999999999999911, -1.932161706211289909 ) ) ;
#1712 = ORIENTED_EDGE ( 'NONE', *, *, #8263, .F. ) ;
#1713 = CARTESIAN_POINT ( 'NONE',  ( 0.000000000000000000, 0.1000000000000000056, 0.000000000000000000 ) ) ;
#1714 = EDGE_LOOP ( 'NONE', ( #3552, #8300, #7120, #12138 ) ) ;
#1715 = CARTESIAN_POINT ( 'NONE',  ( 3.010000000000000675, 0.3499999999999999778, -2.774999999999997247 ) ) ;
#1716 = CARTESIAN_POINT ( 'NONE',  ( 1.214999999999999858, 0.000000000000000000, 0.4000000000000000222 ) ) ;
#1717 = VECTOR ( 'NONE', #160, 1000.000000000000000 ) ;
#1718 =( LENGTH_UNIT ( ) NAMED_UNIT ( * ) SI_UNIT ( .MILLI., .METRE. ) );
#1719 = EDGE_CURVE ( 'NONE', #11863, #10678, #1970, .T. ) ;
#1720 = SURFACE_SIDE_STYLE ('',( #12069 ) ) ;
#1721 = CARTESIAN_POINT ( 'NONE',  ( -1.805769684305110090, 1.500000000000000000, -0.1876090199250475266 ) ) ;
#1722 = ORIENTED_EDGE ( 'NONE', *, *, #6347, .T. ) ;
#1723 = EDGE_CURVE ( 'NONE', #10858, #10625, #1703, .T. ) ;
#1724 = EDGE_CURVE ( 'NONE', #7921, #7276, #10289, .T. ) ;
#1725 = CARTESIAN_POINT ( 'NONE',  ( 6.985000000000000320, -0.1000000000000000056, -0.1397000000000004072 ) ) ;
#1726 = VECTOR ( 'NONE', #9320, 1000.000000000000000 ) ;
#1727 = AXIS2_PLACEMENT_3D ( 'NONE', #8483, #9652, #11490 ) ;
#1728 = ORIENTED_EDGE ( 'NONE', *, *, #4808, .T. ) ;
#1729 = ORIENTED_EDGE ( 'NONE', *, *, #4621, .T. ) ;
#1730 = VECTOR ( 'NONE', #5682, 1000.000000000000000 ) ;
#1731 = VERTEX_POINT ( 'NONE', #5789 ) ;
#1732 = UNCERTAINTY_MEASURE_WITH_UNIT (LENGTH_MEASURE( 1.000000000000000082E-05 ), #12257, 'distance_accuracy_value', 'NONE');
#1733 = DIRECTION ( 'NONE',  ( -0.000000000000000000, 1.000000000000000000, -0.000000000000000000 ) ) ;
#1734 = CARTESIAN_POINT ( 'NONE',  ( 1.270000000000000018, 1.399999999999999911, -0.5500000000000000444 ) ) ;
#1735 = SURFACE_STYLE_FILL_AREA ( #5366 ) ;
#1736 = CARTESIAN_POINT ( 'NONE',  ( -6.984999999999999432, -1.519903165712366722, -1.364399999999999169 ) ) ;
#1737 = CARTESIAN_POINT ( 'NONE',  ( 3.810000000000000941, 0.000000000000000000, 9.650000000000000355 ) ) ;
#1738 = CARTESIAN_POINT ( 'NONE',  ( -1.805769684305110090, 1.449999999999999956, 0.1876090199250475266 ) ) ;
#1739 = CARTESIAN_POINT ( 'NONE',  ( -0.6949999999999999512, 1.550000000000000044, 1.129999999999999893 ) ) ;
#1740 = CYLINDRICAL_SURFACE ( 'NONE', #4677, 0.7600000000000002309 ) ;
#1741 = EDGE_CURVE ( 'NONE', #3841, #8212, #1836, .T. ) ;
#1742 = ADVANCED_FACE ( 'NONE', ( #1480 ), #2782, .F. ) ;
#1743 = ORIENTED_EDGE ( 'NONE', *, *, #4465, .T. ) ;
#1744 = DIRECTION ( 'NONE',  ( 1.000000000000000000, 0.000000000000000000, 1.707404996040164018E-16 ) ) ;
#1745 = VECTOR ( 'NONE', #172, 1000.000000000000000 ) ;
#1746 = ORIENTED_EDGE ( 'NONE', *, *, #8406, .F. ) ;
#1747 = ORIENTED_EDGE ( 'NONE', *, *, #60, .F. ) ;
#1748 = EDGE_CURVE ( 'NONE', #11112, #7455, #9821, .T. ) ;
#1749 = STYLED_ITEM ( 'NONE', ( #9318 ), #9879 ) ;
#1750 = FACE_BOUND ( 'NONE', #7626, .T. ) ;
#1751 = VERTEX_POINT ( 'NONE', #1922 ) ;
#1752 = VECTOR ( 'NONE', #1133, 1000.000000000000000 ) ;
#1753 = DIRECTION ( 'NONE',  ( -1.000000000000000000, 0.000000000000000000, -0.000000000000000000 ) ) ;
#1754 = DIRECTION ( 'NONE',  ( -1.000000000000000000, 0.000000000000000000, 3.491481338843133355E-15 ) ) ;
#1755 = SURFACE_SIDE_STYLE ('',( #9192 ) ) ;
#1756 =( NAMED_UNIT ( * ) PLANE_ANGLE_UNIT ( ) SI_UNIT ( $, .RADIAN. ) );
#1757 = CARTESIAN_POINT ( 'NONE',  ( -4.159999999999998366, 0.5000000000000000000, -2.875000000000000000 ) ) ;
#1758 = CARTESIAN_POINT ( 'NONE',  ( 3.432161706211294572, 3.100000000000000089, 2.149999999999999911 ) ) ;
#1759 = ORIENTED_EDGE ( 'NONE', *, *, #7293, .F. ) ;
#1760 = DIRECTION ( 'NONE',  ( 1.000000000000000000, 0.000000000000000000, 0.000000000000000000 ) ) ;
#1761 = VECTOR ( 'NONE', #4845, 1000.000000000000000 ) ;
#1762 = ADVANCED_FACE ( 'NONE', ( #1895 ), #1847, .F. ) ;
#1763 = PLANE ( 'NONE',  #5544 ) ;
#1764 = ORIENTED_EDGE ( 'NONE', *, *, #82, .T. ) ;
#1765 = EDGE_LOOP ( 'NONE', ( #12533, #4433, #6833, #8784 ) ) ;
#1766 = CARTESIAN_POINT ( 'NONE',  ( 0.8050000000000000488, 0.1000000000000000056, -0.4000000000000000222 ) ) ;
#1767 = ORIENTED_EDGE ( 'NONE', *, *, #5370, .F. ) ;
#1768 = AXIS2_PLACEMENT_3D ( 'NONE', #3011, #9073, #3199 ) ;
#1769 = EDGE_CURVE ( 'NONE', #3680, #1654, #9900, .T. ) ;
#1770 = AXIS2_PLACEMENT_3D ( 'NONE', #5111, #3226, #9175 ) ;
#1771 = CARTESIAN_POINT ( 'NONE',  ( -4.159999999999998366, 0.000000000000000000, -2.875000000000000000 ) ) ;
#1772 = CARTESIAN_POINT ( 'NONE',  ( 1.270000000000000018, 1.399999999999999911, 0.000000000000000000 ) ) ;
#1773 = CYLINDRICAL_SURFACE ( 'NONE', #10388, 0.7600000000000002309 ) ;
#1774 = EDGE_LOOP ( 'NONE', ( #8206, #5074, #4699, #12498 ) ) ;
#1775 = DIRECTION ( 'NONE',  ( 1.707404996040164018E-16, 0.000000000000000000, -1.000000000000000000 ) ) ;
#1776 = LINE ( 'NONE', #9776, #5993 ) ;
#1777 = VECTOR ( 'NONE', #4937, 1000.000000000000000 ) ;
#1778 = CARTESIAN_POINT ( 'NONE',  ( -1.430000000000000160, 1.399999999999999911, 0.4200000000000000400 ) ) ;
#1779 = CARTESIAN_POINT ( 'NONE',  ( 3.350000000000000089, 0.3499999999999999778, 1.199999999999999956 ) ) ;
#1780 = ORIENTED_EDGE ( 'NONE', *, *, #12563, .F. ) ;
#1781 =( NAMED_UNIT ( * ) PLANE_ANGLE_UNIT ( ) SI_UNIT ( $, .RADIAN. ) );
#1782 = DIRECTION ( 'NONE',  ( 0.000000000000000000, -1.000000000000000000, 0.000000000000000000 ) ) ;
#1783 = CARTESIAN_POINT ( 'NONE',  ( 0.8699999999999997735, 0.3500000000000000333, -0.08499999999999965916 ) ) ;
#1784 = PLANE ( 'NONE',  #8092 ) ;
#1785 = ORIENTED_EDGE ( 'NONE', *, *, #10798, .T. ) ;
#1786 = PLANE ( 'NONE',  #5940 ) ;
#1787 = ORIENTED_EDGE ( 'NONE', *, *, #3557, .T. ) ;
#1788 = CARTESIAN_POINT ( 'NONE',  ( 1.669999999999999929, 0.3499999999999999778, 0.1650000000000003131 ) ) ;
#1789 = ADVANCED_FACE ( 'NONE', ( #6051 ), #3887, .F. ) ;
#1790 = EDGE_CURVE ( 'NONE', #11550, #7597, #10156, .T. ) ;
#1791 = CARTESIAN_POINT ( 'NONE',  ( 0.000000000000000000, 0.000000000000000000, 0.000000000000000000 ) ) ;
#1792 = STYLED_ITEM ( 'NONE', ( #12382 ), #7427 ) ;
#1793 = FACE_OUTER_BOUND ( 'NONE', #7729, .T. ) ;
#1794 = DIRECTION ( 'NONE',  ( 0.000000000000000000, -0.000000000000000000, -1.000000000000000000 ) ) ;
#1795 = CARTESIAN_POINT ( 'NONE',  ( -2.350000000000000089, 0.2999999999999999889, 1.199999999999999956 ) ) ;
#1796 = CARTESIAN_POINT ( 'NONE',  ( -5.714999999999998970, -0.1000000000000000056, -0.7293999999999989381 ) ) ;
#1797 = PLANE ( 'NONE',  #5753 ) ;
#1798 = ORIENTED_EDGE ( 'NONE', *, *, #12100, .F. ) ;
#1799 = VECTOR ( 'NONE', #11207, 1000.000000000000000 ) ;
#1800 = COLOUR_RGB ( '',0.7921568627450980005, 0.8196078431372548767, 0.9333333333333333481 ) ;
#1801 = EDGE_CURVE ( 'NONE', #744, #6418, #6160, .T. ) ;
#1802 = ORIENTED_EDGE ( 'NONE', *, *, #4966, .F. ) ;
#1803 = ORIENTED_EDGE ( 'NONE', *, *, #8267, .T. ) ;
#1804 = LINE ( 'NONE', #5056, #6108 ) ;
#1805 = ORIENTED_EDGE ( 'NONE', *, *, #7436, .F. ) ;
#1806 = CARTESIAN_POINT ( 'NONE',  ( -5.714999999999998970, -0.1000000000000000056, -0.5406000000000004135 ) ) ;
#1807 = CARTESIAN_POINT ( 'NONE',  ( 6.350000000000001421, 0.000000000000000000, 8.890000000000000568 ) ) ;
#1808 = CARTESIAN_POINT ( 'NONE',  ( 6.985000000000000320, 0.000000000000000000, -1.130299999999998972 ) ) ;
#1809 =( NAMED_UNIT ( * ) SI_UNIT ( $, .STERADIAN. ) SOLID_ANGLE_UNIT ( ) );
#1810 = PLANE ( 'NONE',  #6521 ) ;
#1811 = VECTOR ( 'NONE', #8480, 1000.000000000000000 ) ;
#1812 = EDGE_CURVE ( 'NONE', #2478, #10585, #10249, .T. ) ;
#1813 = ORIENTED_EDGE ( 'NONE', *, *, #236, .F. ) ;
#1814 = DIRECTION ( 'NONE',  ( 0.000000000000000000, -0.000000000000000000, -1.000000000000000000 ) ) ;
#1815 = LINE ( 'NONE', #9855, #10195 ) ;
#1816 = PRESENTATION_STYLE_ASSIGNMENT (( #966 ) ) ;
#1817 = ORIENTED_EDGE ( 'NONE', *, *, #4966, .T. ) ;
#1818 = AXIS2_PLACEMENT_3D ( 'NONE', #11580, #11856, #2014 ) ;
#1819 = ORIENTED_EDGE ( 'NONE', *, *, #2124, .T. ) ;
#1820 = FACE_BOUND ( 'NONE', #1932, .T. ) ;
#1821 = CLOSED_SHELL ( 'NONE', ( #5089, #3800, #5512, #8412, #2318, #4008 ) ) ;
#1822 = SURFACE_STYLE_FILL_AREA ( #3983 ) ;
#1823 =( GEOMETRIC_REPRESENTATION_CONTEXT ( 3 ) GLOBAL_UNCERTAINTY_ASSIGNED_CONTEXT ( ( #2773 ) ) GLOBAL_UNIT_ASSIGNED_CONTEXT ( ( #330, #5402, #3441 ) ) REPRESENTATION_CONTEXT ( 'NONE', 'WORKASPACE' ) );
#1824 = FACE_OUTER_BOUND ( 'NONE', #11213, .T. ) ;
#1825 = DIRECTION ( 'NONE',  ( 1.000000000000000000, 0.000000000000000000, 0.000000000000000000 ) ) ;
#1826 = CARTESIAN_POINT ( 'NONE',  ( 3.409999999999998810, 0.3499999999999999778, -1.434999999999999831 ) ) ;
#1827 = CARTESIAN_POINT ( 'NONE',  ( 3.259999999999997122, -3.407492542097300425E-16, -3.574999999999998401 ) ) ;
#1828 = ADVANCED_FACE ( 'NONE', ( #10114 ), #1441, .F. ) ;
#1829 = AXIS2_PLACEMENT_3D ( 'NONE', #10588, #6575, #6324 ) ;
#1830 = CARTESIAN_POINT ( 'NONE',  ( -7.620000000000000995, 0.000000000000000000, -10.16000000000000192 ) ) ;
#1831 = CARTESIAN_POINT ( 'NONE',  ( 6.350000000000001421, -3.719604614807106024, 8.380000000000000782 ) ) ;
#1832 = DIRECTION ( 'NONE',  ( 0.000000000000000000, 1.000000000000000000, -0.000000000000000000 ) ) ;
#1833 = DIRECTION ( 'NONE',  ( -3.491481338843133355E-15, 0.000000000000000000, -1.000000000000000000 ) ) ;
#1834 = VERTEX_POINT ( 'NONE', #8731 ) ;
#1835 = AXIS2_PLACEMENT_3D ( 'NONE', #1476, #690, #8091 ) ;
#1836 = LINE ( 'NONE', #87, #1949 ) ;
#1837 = EDGE_CURVE ( 'NONE', #5985, #7745, #1423, .T. ) ;
#1838 = LINE ( 'NONE', #10144, #1704 ) ;
#1839 = AXIS2_PLACEMENT_3D ( 'NONE', #12607, #10361, #686 ) ;
#1840 = CARTESIAN_POINT ( 'NONE',  ( 6.985000000000000320, 0.000000000000000000, -0.1397000000000004072 ) ) ;
#1841 = ORIENTED_EDGE ( 'NONE', *, *, #7954, .F. ) ;
#1842 = EDGE_CURVE ( 'NONE', #7016, #2808, #1525, .T. ) ;
#1843 = ORIENTED_EDGE ( 'NONE', *, *, #5872, .F. ) ;
#1844 = VECTOR ( 'NONE', #7361, 1000.000000000000000 ) ;
#1845 = DIRECTION ( 'NONE',  ( 0.000000000000000000, 1.000000000000000000, -0.000000000000000000 ) ) ;
#1846 = ORIENTED_EDGE ( 'NONE', *, *, #7463, .F. ) ;
#1847 = PLANE ( 'NONE',  #6799 ) ;
#1848 = EDGE_CURVE ( 'NONE', #2169, #3487, #9880, .T. ) ;
#1849 = VERTEX_POINT ( 'NONE', #1771 ) ;
#1850 = CARTESIAN_POINT ( 'NONE',  ( 6.985000000000000320, -1.519903165712366722, -1.765299999999998981 ) ) ;
#1851 = VECTOR ( 'NONE', #5717, 1000.000000000000000 ) ;
#1852 = EDGE_CURVE ( 'NONE', #214, #2027, #1498, .T. ) ;
#1853 = DIRECTION ( 'NONE',  ( 0.000000000000000000, -1.000000000000000000, 0.000000000000000000 ) ) ;
#1854 = ADVANCED_FACE ( 'NONE', ( #9845 ), #10176, .F. ) ;
#1855 = ORIENTED_EDGE ( 'NONE', *, *, #11042, .T. ) ;
#1856 = CARTESIAN_POINT ( 'NONE',  ( 0.2049999999999999878, 0.000000000000000000, 0.4000000000000000222 ) ) ;
#1857 = DIRECTION ( 'NONE',  ( 0.000000000000000000, 0.000000000000000000, -1.000000000000000000 ) ) ;
#1858 = CARTESIAN_POINT ( 'NONE',  ( 0.8699999999999997735, 0.3099999999999999978, 0.1250000000000003331 ) ) ;
#1859 = CARTESIAN_POINT ( 'NONE',  ( 0.2049999999999999878, 0.1000000000000000056, -1.000000000000000000 ) ) ;
#1860 = ORIENTED_EDGE ( 'NONE', *, *, #10208, .F. ) ;
#1861 = SURFACE_STYLE_FILL_AREA ( #4435 ) ;
#1862 = SHAPE_REPRESENTATION ( 'SEN-12787', ( #3741, #4377, #1093, #4209 ), #9121 ) ;
#1863 = PLANE ( 'NONE',  #3475 ) ;
#1864 = ORIENTED_EDGE ( 'NONE', *, *, #1600, .T. ) ;
#1865 = EDGE_CURVE ( 'NONE', #1168, #2705, #1776, .T. ) ;
#1866 = DIRECTION ( 'NONE',  ( 0.000000000000000000, 0.000000000000000000, -1.000000000000000000 ) ) ;
#1867 = EDGE_CURVE ( 'NONE', #11967, #7007, #1815, .T. ) ;
#1868 = EDGE_CURVE ( 'NONE', #11600, #7042, #1460, .T. ) ;
#1869 = VECTOR ( 'NONE', #4405, 1000.000000000000000 ) ;
#1870 = AXIS2_PLACEMENT_3D ( 'NONE', #8443, #6325, #10201 ) ;
#1871 = DIRECTION ( 'NONE',  ( 0.000000000000000000, 0.000000000000000000, -1.000000000000000000 ) ) ;
#1872 = CARTESIAN_POINT ( 'NONE',  ( -3.250000000000000000, 1.250000000000000000, 1.199999999999999956 ) ) ;
#1873 = UNCERTAINTY_MEASURE_WITH_UNIT (LENGTH_MEASURE( 1.000000000000000082E-05 ), #7264, 'distance_accuracy_value', 'NONE');
#1874 = UNCERTAINTY_MEASURE_WITH_UNIT (LENGTH_MEASURE( 1.000000000000000082E-05 ), #5069, 'distance_accuracy_value', 'NONE');
#1875 = ORIENTED_EDGE ( 'NONE', *, *, #11158, .F. ) ;
#1876 = LINE ( 'NONE', #4665, #1726 ) ;
#1877 = ORIENTED_EDGE ( 'NONE', *, *, #9835, .F. ) ;
#1878 = AXIS2_PLACEMENT_3D ( 'NONE', #3927, #6046, #3762 ) ;
#1879 = VERTEX_POINT ( 'NONE', #10745 ) ;
#1880 = ORIENTED_EDGE ( 'NONE', *, *, #5825, .T. ) ;
#1881 = FILL_AREA_STYLE ('',( #5752 ) ) ;
#1882 = ADVANCED_FACE ( 'NONE', ( #10394 ), #2699, .F. ) ;
#1883 = DIRECTION ( 'NONE',  ( -0.000000000000000000, -1.000000000000000000, -0.000000000000000000 ) ) ;
#1884 = CARTESIAN_POINT ( 'NONE',  ( -0.7449999999999999956, 1.399999999999999911, 1.180000000000000160 ) ) ;
#1885 = DIRECTION ( 'NONE',  ( 0.000000000000000000, 1.000000000000000000, 0.000000000000000000 ) ) ;
#1886 = DIRECTION ( 'NONE',  ( 0.000000000000000000, 0.000000000000000000, 1.000000000000000000 ) ) ;
#1887 = CARTESIAN_POINT ( 'NONE',  ( -0.2049999999999999878, 0.1000000000000000056, 1.000000000000000000 ) ) ;
#1888 = AXIS2_PLACEMENT_3D ( 'NONE', #2358, #3357, #10211 ) ;
#1889 = LINE ( 'NONE', #11993, #6009 ) ;
#1890 = EDGE_CURVE ( 'NONE', #3535, #12037, #6225, .T. ) ;
#1891 = AXIS2_PLACEMENT_3D ( 'NONE', #1083, #11792, #6964 ) ;
#1892 =( NAMED_UNIT ( * ) SI_UNIT ( $, .STERADIAN. ) SOLID_ANGLE_UNIT ( ) );
#1893 = ORIENTED_EDGE ( 'NONE', *, *, #3017, .T. ) ;
#1894 = CARTESIAN_POINT ( 'NONE',  ( -1.430000000000000160, 1.399999999999999911, 0.000000000000000000 ) ) ;
#1895 = FACE_OUTER_BOUND ( 'NONE', #3253, .T. ) ;
#1896 = EDGE_CURVE ( 'NONE', #6928, #9112, #6313, .T. ) ;
#1897 = DIRECTION ( 'NONE',  ( -1.000000000000000000, 0.000000000000000000, 0.000000000000000000 ) ) ;
#1898 = ORIENTED_EDGE ( 'NONE', *, *, #10133, .T. ) ;
#1899 = EDGE_LOOP ( 'NONE', ( #1291, #10604, #12285, #3524 ) ) ;
#1900 = ORIENTED_EDGE ( 'NONE', *, *, #2465, .F. ) ;
#1901 = AXIS2_PLACEMENT_3D ( 'NONE', #9863, #4166, #8928 ) ;
#1902 = LINE ( 'NONE', #1409, #10210 ) ;
#1903 = DIRECTION ( 'NONE',  ( 0.000000000000000000, -0.000000000000000000, 1.000000000000000000 ) ) ;
#1904 = DIRECTION ( 'NONE',  ( -1.100712865467517572E-16, 0.000000000000000000, -1.000000000000000000 ) ) ;
#1905 = DIRECTION ( 'NONE',  ( 0.000000000000000000, 0.000000000000000000, -1.000000000000000000 ) ) ;
#1906 = EDGE_CURVE ( 'NONE', #3122, #4055, #6516, .T. ) ;
#1907 = CARTESIAN_POINT ( 'NONE',  ( -1.570000000000000062, 0.5000000000000000000, -0.9849999999999993205 ) ) ;
#1908 = DIRECTION ( 'NONE',  ( 1.000000000000000000, -0.000000000000000000, 0.000000000000000000 ) ) ;
#1909 = PLANE ( 'NONE',  #12545 ) ;
#1910 = STYLED_ITEM ( 'NONE', ( #5235 ), #12302 ) ;
#1911 = ORIENTED_EDGE ( 'NONE', *, *, #6029, .F. ) ;
#1912 = STYLED_ITEM ( 'NONE', ( #9875 ), #8816 ) ;
#1913 = CARTESIAN_POINT ( 'NONE',  ( -1.214999999999999858, 0.000000000000000000, -0.4000000000000000222 ) ) ;
#1914 = LINE ( 'NONE', #6267, #6083 ) ;
#1915 = FACE_OUTER_BOUND ( 'NONE', #3594, .T. ) ;
#1916 = CARTESIAN_POINT ( 'NONE',  ( 0.000000000000000000, 1.550000000000000044, 0.000000000000000000 ) ) ;
#1917 = ORIENTED_EDGE ( 'NONE', *, *, #7257, .T. ) ;
#1918 = CLOSED_SHELL ( 'NONE', ( #10190, #815, #8949, #9995, #7510, #3356, #2898, #5305, #3824, #9317 ) ) ;
#1919 = FACE_BOUND ( 'NONE', #10755, .T. ) ;
#1920 = ORIENTED_EDGE ( 'NONE', *, *, #7132, .F. ) ;
#1921 = CARTESIAN_POINT ( 'NONE',  ( 6.985000000000000320, -1.519903165712366722, -1.130299999999998972 ) ) ;
#1922 = CARTESIAN_POINT ( 'NONE',  ( 3.810000000000000941, -1.570000000000000284, 8.380000000000000782 ) ) ;
#1923 = CARTESIAN_POINT ( 'NONE',  ( 4.209999999999999076, 0.04000000000000000083, 0.1250000000000001110 ) ) ;
#1924 = VECTOR ( 'NONE', #6142, 1000.000000000000000 ) ;
#1925 = ADVANCED_FACE ( 'NONE', ( #2024 ), #8999, .T. ) ;
#1926 = VERTEX_POINT ( 'NONE', #6155 ) ;
#1927 = CARTESIAN_POINT ( 'NONE',  ( 0.2049999999999999878, 0.000000000000000000, 0.4000000000000000222 ) ) ;
#1928 = FACE_OUTER_BOUND ( 'NONE', #10118, .T. ) ;
#1929 = DIRECTION ( 'NONE',  ( -0.8660254037844384856, -0.5000000000000003331, 0.000000000000000000 ) ) ;
#1930 =( NAMED_UNIT ( * ) PLANE_ANGLE_UNIT ( ) SI_UNIT ( $, .RADIAN. ) );
#1931 = AXIS2_PLACEMENT_3D ( 'NONE', #10509, #6004, #7471 ) ;
#1932 = EDGE_LOOP ( 'NONE', ( #8596, #4364, #11338, #8649 ) ) ;
#1933 = DIRECTION ( 'NONE',  ( 0.000000000000000000, 1.000000000000000000, 0.000000000000000000 ) ) ;
#1934 = CARTESIAN_POINT ( 'NONE',  ( 2.979883736647867654, 0.3499999999999999778, 0.1650000000000001188 ) ) ;
#1935 = DIRECTION ( 'NONE',  ( 0.000000000000000000, 0.000000000000000000, -1.000000000000000000 ) ) ;
#1936 = CARTESIAN_POINT ( 'NONE',  ( -7.620000000000000995, -1.570000000000000062, -10.16000000000000192 ) ) ;
#1937 = ORIENTED_EDGE ( 'NONE', *, *, #6105, .F. ) ;
#1938 = CARTESIAN_POINT ( 'NONE',  ( 0.8050000000000000488, 0.000000000000000000, 1.000000000000000000 ) ) ;
#1939 = DIRECTION ( 'NONE',  ( 0.000000000000000000, 0.000000000000000000, 1.000000000000000000 ) ) ;
#1940 = ORIENTED_EDGE ( 'NONE', *, *, #5499, .T. ) ;
#1941 = CARTESIAN_POINT ( 'NONE',  ( -0.7449999999999999956, 1.500000000000000000, -1.180000000000000160 ) ) ;
#1942 = EDGE_CURVE ( 'NONE', #3478, #342, #6176, .T. ) ;
#1943 = PLANE ( 'NONE',  #11665 ) ;
#1944 = DIRECTION ( 'NONE',  ( -1.000000000000000000, 0.000000000000000000, -4.517509052022940401E-16 ) ) ;
#1946 = STYLED_ITEM ( 'NONE', ( #4901 ), #5638 ) ;
#1945 = DIRECTION ( 'NONE',  ( 0.000000000000000000, 0.000000000000000000, 1.000000000000000000 ) ) ;
#1947 = VERTEX_POINT ( 'NONE', #4418 ) ;
#1948 = ADVANCED_FACE ( 'NONE', ( #6496 ), #365, .T. ) ;
#1949 = VECTOR ( 'NONE', #2933, 1000.000000000000000 ) ;
#1950 = LINE ( 'NONE', #11570, #10005 ) ;
#1951 = ADVANCED_FACE ( 'NONE', ( #10598 ), #9934, .F. ) ;
#1952 = ORIENTED_EDGE ( 'NONE', *, *, #4841, .T. ) ;
#1953 = ORIENTED_EDGE ( 'NONE', *, *, #1181, .F. ) ;
#1954 = VERTEX_POINT ( 'NONE', #4151 ) ;
#1955 = EDGE_CURVE ( 'NONE', #11637, #12401, #2143, .T. ) ;
#1956 = CARTESIAN_POINT ( 'NONE',  ( -0.7449999999999999956, 1.399999999999999911, 1.180000000000000160 ) ) ;
#1957 = DIRECTION ( 'NONE',  ( 0.000000000000000000, -0.000000000000000000, 1.000000000000000000 ) ) ;
#1958 = CARTESIAN_POINT ( 'NONE',  ( -6.984999999999999432, -0.1000000000000000056, -0.7293999999999991601 ) ) ;
#1959 = PLANE ( 'NONE',  #9707 ) ;
#1960 = DIRECTION ( 'NONE',  ( 0.000000000000000000, -0.5000000000000003331, 0.8660254037844384856 ) ) ;
#1961 =( NAMED_UNIT ( * ) PLANE_ANGLE_UNIT ( ) SI_UNIT ( $, .RADIAN. ) );
#1962 = AXIS2_PLACEMENT_3D ( 'NONE', #2688, #6580, #11547 ) ;
#1963 = CYLINDRICAL_SURFACE ( 'NONE', #6691, 0.5100000000000000089 ) ;
#1964 = AXIS2_PLACEMENT_3D ( 'NONE', #7576, #1345, #7676 ) ;
#1965 = CARTESIAN_POINT ( 'NONE',  ( -0.8950000000000000178, 1.550000000000000044, 1.129999999999999893 ) ) ;
#1966 = ORIENTED_EDGE ( 'NONE', *, *, #1723, .T. ) ;
#1967 = EDGE_CURVE ( 'NONE', #10259, #1506, #2182, .T. ) ;
#1968 = CARTESIAN_POINT ( 'NONE',  ( -1.570000000000000062, 0.000000000000000000, -0.2850000000000003642 ) ) ;
#1969 = PRESENTATION_LAYER_ASSIGNMENT (  '', '', ( #7740 ) ) ;
#1970 = LINE ( 'NONE', #10288, #1799 ) ;
#1971 = FACE_OUTER_BOUND ( 'NONE', #3333, .T. ) ;
#1972 = DIRECTION ( 'NONE',  ( 0.000000000000000000, 1.000000000000000000, 0.000000000000000000 ) ) ;
#1973 = ORIENTED_EDGE ( 'NONE', *, *, #2720, .F. ) ;
#1974 = ORIENTED_EDGE ( 'NONE', *, *, #869, .T. ) ;
#1975 = LINE ( 'NONE', #3498, #6127 ) ;
#1976 = ORIENTED_EDGE ( 'NONE', *, *, #4936, .F. ) ;
#1977 = AXIS2_PLACEMENT_3D ( 'NONE', #8925, #7687, #11400 ) ;
#1978 = FACE_OUTER_BOUND ( 'NONE', #2516, .T. ) ;
#1979 = CARTESIAN_POINT ( 'NONE',  ( 0.000000000000000000, 3.100000000000000089, 0.000000000000000000 ) ) ;
#1980 = DIRECTION ( 'NONE',  ( -0.000000000000000000, -1.000000000000000000, -0.000000000000000000 ) ) ;
#1981 = DIRECTION ( 'NONE',  ( -1.000000000000000000, -0.000000000000000000, -0.000000000000000000 ) ) ;
#1982 = EDGE_CURVE ( 'NONE', #2905, #8806, #10746, .T. ) ;
#1983 = CARTESIAN_POINT ( 'NONE',  ( -1.269999999999999352, 0.000000000000000000, 8.890000000000000568 ) ) ;
#1984 = DIRECTION ( 'NONE',  ( 1.000000000000000000, 0.000000000000000000, -0.000000000000000000 ) ) ;
#1985 = CARTESIAN_POINT ( 'NONE',  ( 2.979883736647867654, 0.3099999999999999978, 0.1250000000000001110 ) ) ;
#1986 = DIRECTION ( 'NONE',  ( 0.000000000000000000, 1.000000000000000000, 0.000000000000000000 ) ) ;
#1987 = ORIENTED_EDGE ( 'NONE', *, *, #5883, .F. ) ;
#1988 = VECTOR ( 'NONE', #3297, 1000.000000000000000 ) ;
#1989 = FACE_OUTER_BOUND ( 'NONE', #695, .T. ) ;
#1990 = EDGE_CURVE ( 'NONE', #2189, #5249, #4581, .T. ) ;
#1991 = DIRECTION ( 'NONE',  ( 0.000000000000000000, 0.000000000000000000, 1.000000000000000000 ) ) ;
#1992 = ORIENTED_EDGE ( 'NONE', *, *, #6194, .T. ) ;
#1993 = EDGE_CURVE ( 'NONE', #9070, #6178, #6331, .T. ) ;
#1994 = ORIENTED_EDGE ( 'NONE', *, *, #7734, .F. ) ;
#1995 = ORIENTED_EDGE ( 'NONE', *, *, #3669, .F. ) ;
#1996 = DIRECTION ( 'NONE',  ( 0.000000000000000000, 0.000000000000000000, 1.000000000000000000 ) ) ;
#1997 = CARTESIAN_POINT ( 'NONE',  ( 5.079999999999999183, -1.570000000000000062, -5.969999999999999751 ) ) ;
#1998 = AXIS2_PLACEMENT_3D ( 'NONE', #6115, #11960, #3254 ) ;
#1999 = LINE ( 'NONE', #5171, #10297 ) ;
#2000 = AXIS2_PLACEMENT_3D ( 'NONE', #4436, #7540, #10251 ) ;
#2001 = EDGE_CURVE ( 'NONE', #6399, #6110, #2340, .T. ) ;
#2002 = EDGE_LOOP ( 'NONE', ( #7177, #10991, #8701, #12209 ) ) ;
#2003 = DIRECTION ( 'NONE',  ( 0.000000000000000000, -1.000000000000000000, 0.000000000000000000 ) ) ;
#2004 = VECTOR ( 'NONE', #5272, 1000.000000000000000 ) ;
#2005 = VECTOR ( 'NONE', #12484, 1000.000000000000000 ) ;
#2006 = DIRECTION ( 'NONE',  ( 0.000000000000000000, 0.000000000000000000, -1.000000000000000000 ) ) ;
#2007 = EDGE_CURVE ( 'NONE', #4055, #11887, #10771, .T. ) ;
#2008 = VERTEX_POINT ( 'NONE', #12099 ) ;
#2009 = DIRECTION ( 'NONE',  ( 0.000000000000000000, 0.000000000000000000, 1.000000000000000000 ) ) ;
#2010 = CARTESIAN_POINT ( 'NONE',  ( -1.570000000000000062, 0.000000000000000000, -0.03499999999999965639 ) ) ;
#2011 = ORIENTED_EDGE ( 'NONE', *, *, #9310, .T. ) ;
#2012 = MECHANICAL_DESIGN_GEOMETRIC_PRESENTATION_REPRESENTATION (  '', ( #5991 ), #10240 ) ;
#2013 = FACE_OUTER_BOUND ( 'NONE', #10083, .T. ) ;
#2014 = DIRECTION ( 'NONE',  ( -1.000000000000000000, 0.000000000000000000, -0.000000000000000000 ) ) ;
#2015 = EDGE_LOOP ( 'NONE', ( #10774, #3606, #4288, #11094 ) ) ;
#2016 = DIRECTION ( 'NONE',  ( -3.614007241618350250E-16, 0.000000000000000000, 1.000000000000000000 ) ) ;
#2017 = ORIENTED_EDGE ( 'NONE', *, *, #4983, .T. ) ;
#2018 = CARTESIAN_POINT ( 'NONE',  ( 3.259999999999997122, 0.3099999999999999978, -3.574999999999998401 ) ) ;
#2019 = ADVANCED_FACE ( 'NONE', ( #10691 ), #6432, .F. ) ;
#2020 = MANIFOLD_SOLID_BREP ( 'Boss-Extrude6[2]', #7558 ) ;
#2021 = DIRECTION ( 'NONE',  ( -0.000000000000000000, -1.000000000000000000, -0.000000000000000000 ) ) ;
#2022 = CARTESIAN_POINT ( 'NONE',  ( -1.814999999999999947, 0.000000000000000000, -1.000000000000000000 ) ) ;
#2023 = ORIENTED_EDGE ( 'NONE', *, *, #10133, .F. ) ;
#2024 = FACE_OUTER_BOUND ( 'NONE', #7399, .T. ) ;
#2025 = VECTOR ( 'NONE', #4793, 1000.000000000000000 ) ;
#2026 = EDGE_LOOP ( 'NONE', ( #9667, #3531, #848, #845 ) ) ;
#2027 = VERTEX_POINT ( 'NONE', #8398 ) ;
#2028 = LINE ( 'NONE', #8681, #6285 ) ;
#2029 = ORIENTED_EDGE ( 'NONE', *, *, #11366, .T. ) ;
#2030 = CARTESIAN_POINT ( 'NONE',  ( -1.814999999999999947, 0.000000000000000000, -1.000000000000000000 ) ) ;
#2031 = STYLED_ITEM ( 'NONE', ( #4245 ), #9478 ) ;
#2032 = DIRECTION ( 'NONE',  ( 1.000000000000000000, -0.000000000000000000, 0.000000000000000000 ) ) ;
#2033 = VERTEX_POINT ( 'NONE', #2881 ) ;
#2034 = CARTESIAN_POINT ( 'NONE',  ( 3.409999999999998810, 0.3499999999999999778, 0.1650000000000001188 ) ) ;
#2035 = DIRECTION ( 'NONE',  ( -0.1391731009600654378, 0.9902680687415703620, 0.000000000000000000 ) ) ;
#2036 = DIRECTION ( 'NONE',  ( 0.000000000000000000, 0.000000000000000000, 1.000000000000000000 ) ) ;
#2037 = CARTESIAN_POINT ( 'NONE',  ( 0.8699999999999997735, 0.3099999999999999978, 0.1650000000000003131 ) ) ;
#2038 = CARTESIAN_POINT ( 'NONE',  ( -1.430000000000000160, 1.500000000000000000, 0.000000000000000000 ) ) ;
#2039 = CARTESIAN_POINT ( 'NONE',  ( 1.814999999999999947, 0.000000000000000000, -0.4000000000000000222 ) ) ;
#2040 = LINE ( 'NONE', #621, #6203 ) ;
#2041 = EDGE_CURVE ( 'NONE', #434, #5266, #2161, .T. ) ;
#2042 = CARTESIAN_POINT ( 'NONE',  ( 0.8699999999999997735, 0.04000000000000000083, -1.394999999999999574 ) ) ;
#2043 = ADVANCED_FACE ( 'NONE', ( #10582 ), #8574, .T. ) ;
#2044 = PRODUCT_DEFINITION ( 'UNKNOWN', '', #11275, #6152 ) ;
#2045 = DIRECTION ( 'NONE',  ( 0.000000000000000000, -1.000000000000000000, 0.000000000000000000 ) ) ;
#2046 = VECTOR ( 'NONE', #2893, 1000.000000000000000 ) ;
#2047 = ADVANCED_FACE ( 'NONE', ( #2200 ), #9421, .F. ) ;
#2048 = FILL_AREA_STYLE ('',( #11978 ) ) ;
#2049 = CARTESIAN_POINT ( 'NONE',  ( 4.209999999999999076, 0.000000000000000000, -1.434999999999999831 ) ) ;
#2050 = ORIENTED_EDGE ( 'NONE', *, *, #6227, .T. ) ;
#2051 = VERTEX_POINT ( 'NONE', #9583 ) ;
#2052 = AXIS2_PLACEMENT_3D ( 'NONE', #8290, #7325, #8381 ) ;
#2053 = VECTOR ( 'NONE', #10566, 1000.000000000000000 ) ;
#2054 = EDGE_LOOP ( 'NONE', ( #6983, #10470, #7382, #2987 ) ) ;
#2055 = ORIENTED_EDGE ( 'NONE', *, *, #7228, .T. ) ;
#2056 = PRESENTATION_LAYER_ASSIGNMENT (  '', '', ( #4221 ) ) ;
#2057 = FACE_OUTER_BOUND ( 'NONE', #4855, .T. ) ;
#2058 = PLANE ( 'NONE',  #4036 ) ;
#2059 = DIRECTION ( 'NONE',  ( 0.000000000000000000, 0.000000000000000000, -1.000000000000000000 ) ) ;
#2060 = DIRECTION ( 'NONE',  ( 0.000000000000000000, 1.000000000000000000, 0.000000000000000000 ) ) ;
#2061 = EDGE_CURVE ( 'NONE', #10739, #8437, #6391, .T. ) ;
#2062 = CARTESIAN_POINT ( 'NONE',  ( -3.250000000000000000, 1.550000000000000044, 1.199999999999999956 ) ) ;
#2063 = DIRECTION ( 'NONE',  ( 0.000000000000000000, 0.000000000000000000, 1.000000000000000000 ) ) ;
#2064 = DIRECTION ( 'NONE',  ( -1.000000000000000000, 0.000000000000000000, 0.000000000000000000 ) ) ;
#2065 = DIRECTION ( 'NONE',  ( 0.000000000000000000, 1.000000000000000000, 0.000000000000000000 ) ) ;
#2066 = CARTESIAN_POINT ( 'NONE',  ( -7.619999999999999218, -1.570000000000000062, 10.15999999999999837 ) ) ;
#2067 = CARTESIAN_POINT ( 'NONE',  ( -3.250000000000000000, 1.250000000000000000, -1.199999999999999956 ) ) ;
#2068 = COLOUR_RGB ( '',0.9960784313725490335, 0.8705882352941176627, 0.7607843137254901578 ) ;
#2069 = LINE ( 'NONE', #4105, #6332 ) ;
#2070 = PLANE ( 'NONE',  #12581 ) ;
#2071 = ORIENTED_EDGE ( 'NONE', *, *, #10812, .F. ) ;
#2072 = ORIENTED_EDGE ( 'NONE', *, *, #10584, .T. ) ;
#2073 = ORIENTED_EDGE ( 'NONE', *, *, #945, .T. ) ;
#2074 = PLANE ( 'NONE',  #9964 ) ;
#2075 = CARTESIAN_POINT ( 'NONE',  ( -6.984999999999999432, -0.1000000000000000472, -0.5406000000000005246 ) ) ;
#2076 = ORIENTED_EDGE ( 'NONE', *, *, #5699, .F. ) ;
#2077 = CARTESIAN_POINT ( 'NONE',  ( -0.8050000000000000488, 0.1000000000000000056, 0.4000000000000000222 ) ) ;
#2078 = DIRECTION ( 'NONE',  ( 1.000000000000000000, 0.000000000000000000, 0.000000000000000000 ) ) ;
#2079 = VECTOR ( 'NONE', #3985, 1000.000000000000000 ) ;
#2080 = SHAPE_REPRESENTATION ( '100UF-10V-10%(TANT)_100UF-10V-10%(TANT)', ( #1901 ), #469 ) ;
#2081 =( LENGTH_UNIT ( ) NAMED_UNIT ( * ) SI_UNIT ( .MILLI., .METRE. ) );
#2082 = LINE ( 'NONE', #10789, #6581 ) ;
#2083 = CARTESIAN_POINT ( 'NONE',  ( -6.984999999999999432, -0.1000000000000000472, -1.364399999999999169 ) ) ;
#2084 = ORIENTED_EDGE ( 'NONE', *, *, #4668, .T. ) ;
#2085 = DIRECTION ( 'NONE',  ( 0.000000000000000000, 0.000000000000000000, -1.000000000000000000 ) ) ;
#2086 = CARTESIAN_POINT ( 'NONE',  ( -3.460000000000000409, 0.000000000000000000, -2.875000000000000000 ) ) ;
#2087 = CARTESIAN_POINT ( 'NONE',  ( 0.2049999999999999878, 0.000000000000000000, -1.000000000000000000 ) ) ;
#2088 = EDGE_CURVE ( 'NONE', #2495, #6123, #2234, .T. ) ;
#2089 = PLANE ( 'NONE',  #8809 ) ;
#2090 = EDGE_LOOP ( 'NONE', ( #458, #7499, #3032, #5157 ) ) ;
#2091 = CARTESIAN_POINT ( 'NONE',  ( 0.2049999999999999878, 0.000000000000000000, -1.000000000000000000 ) ) ;
#2092 = ORIENTED_EDGE ( 'NONE', *, *, #10887, .T. ) ;
#2093 = CARTESIAN_POINT ( 'NONE',  ( -0.2049999999999999878, 0.1000000000000000056, 0.4000000000000000222 ) ) ;
#2094 = COLOUR_RGB ( '',0.7921568627450980005, 0.8196078431372548767, 0.9333333333333333481 ) ;
#2095 = ORIENTED_EDGE ( 'NONE', *, *, #4703, .T. ) ;
#2096 = SURFACE_STYLE_FILL_AREA ( #5345 ) ;
#2097 = DIRECTION ( 'NONE',  ( -0.000000000000000000, 1.000000000000000000, 0.000000000000000000 ) ) ;
#2098 = EDGE_CURVE ( 'NONE', #8212, #6843, #2277, .T. ) ;
#2099 = B_SPLINE_CURVE_WITH_KNOTS ( 'NONE', 3,
 ( #1738, #4526, #9524, #9441, #2663, #9598, #12295, #2580, #10839, #3592, #10412, #11846, #4614, #737, #281, #2160, #5608, #3130, #4162 ),
 .UNSPECIFIED., .F., .F.,
 ( 4, 3, 3, 3, 3, 3, 4 ),
 ( 0.000000000000000000, 1.645078282440099859E-05, 3.288990960504555087E-05, 4.951209161010499619E-05, 6.656239885197090479E-05, 7.721550441472989986E-05, 7.926974144299310499E-05 ),
 .UNSPECIFIED. ) ;
#2100 = VECTOR ( 'NONE', #10329, 1000.000000000000000 ) ;
#2101 = AXIS2_PLACEMENT_3D ( 'NONE', #951, #3713, #859 ) ;
#2102 = ORIENTED_EDGE ( 'NONE', *, *, #11040, .T. ) ;
#2103 = ORIENTED_EDGE ( 'NONE', *, *, #7378, .T. ) ;
#2104 = ORIENTED_EDGE ( 'NONE', *, *, #5659, .F. ) ;
#2105 = AXIS2_PLACEMENT_3D ( 'NONE', #7308, #6424, #7398 ) ;
#2106 = DIRECTION ( 'NONE',  ( 0.000000000000000000, 1.000000000000000000, 0.000000000000000000 ) ) ;
#2107 = SURFACE_STYLE_USAGE ( .BOTH. , #318 ) ;
#2108 = CARTESIAN_POINT ( 'NONE',  ( -2.232161706211294838, 2.899999999999999911, -1.932161706211289909 ) ) ;
#2109 = VERTEX_POINT ( 'NONE', #12553 ) ;
#2110 = SURFACE_SIDE_STYLE ('',( #7488 ) ) ;
#2111 = CARTESIAN_POINT ( 'NONE',  ( 4.209999999999999076, -3.407492542097300425E-16, -1.185000000000000053 ) ) ;
#2112 = DIRECTION ( 'NONE',  ( 1.000000000000000000, -0.000000000000000000, 0.000000000000000000 ) ) ;
#2113 = PLANE ( 'NONE',  #10081 ) ;
#2114 = CARTESIAN_POINT ( 'NONE',  ( 1.814999999999999947, 0.1000000000000000056, 0.4000000000000000222 ) ) ;
#2115 = EDGE_CURVE ( 'NONE', #1701, #7343, #6840, .T. ) ;
#2116 = PRESENTATION_LAYER_ASSIGNMENT (  '', '', ( #10054 ) ) ;
#2117 = LINE ( 'NONE', #2371, #1924 ) ;
#2118 = ADVANCED_FACE ( 'NONE', ( #2468 ), #1943, .T. ) ;
#2119 = FILL_AREA_STYLE_COLOUR ( '', #4848 ) ;
#2120 = ADVANCED_FACE ( 'NONE', ( #10965 ), #6676, .T. ) ;
#2121 = CARTESIAN_POINT ( 'NONE',  ( -6.349999999999999645, -1.570000000000000062, 8.130000000000000782 ) ) ;
#2122 = CARTESIAN_POINT ( 'NONE',  ( 5.079999999999999183, 0.000000000000000000, -7.620000000000000107 ) ) ;
#2124 = EDGE_CURVE ( 'NONE', #4609, #3080, #11017, .T. ) ;
#2123 = CIRCLE ( 'NONE', #3206, 0.7600000000000002309 ) ;
#2125 = CARTESIAN_POINT ( 'NONE',  ( 5.714999999999999858, 0.000000000000000000, 0.4952999999999994074 ) ) ;
#2126 = EDGE_LOOP ( 'NONE', ( #3975, #4247, #10932, #12447 ) ) ;
#2127 = ORIENTED_EDGE ( 'NONE', *, *, #3036, .T. ) ;
#2128 = LINE ( 'NONE', #197, #6623 ) ;
#2129 = ORIENTED_EDGE ( 'NONE', *, *, #4811, .F. ) ;
#2130 = EDGE_CURVE ( 'NONE', #11592, #7442, #11127, .T. ) ;
#2131 = VECTOR ( 'NONE', #12426, 1000.000000000000000 ) ;
#2132 = ORIENTED_EDGE ( 'NONE', *, *, #3415, .F. ) ;
#2133 = CARTESIAN_POINT ( 'NONE',  ( 4.209999999999999076, 0.000000000000000000, -2.168404344971008868E-16 ) ) ;
#2134 = EDGE_CURVE ( 'NONE', #11637, #12334, #11065, .T. ) ;
#2135 = SURFACE_SIDE_STYLE ('',( #1234 ) ) ;
#2136 = CARTESIAN_POINT ( 'NONE',  ( -1.864999999999999991, 0.000000000000000000, -1.050000000000000044 ) ) ;
#2137 =( BOUNDED_CURVE ( )  B_SPLINE_CURVE ( 3, ( #10132, #11118, #11032, #5565 ),
 .UNSPECIFIED., .F., .F. ) 
 B_SPLINE_CURVE_WITH_KNOTS ( ( 4, 4 ),
 ( 3.141592653589795336, 4.712388980384689674 ),
 .UNSPECIFIED. ) 
 CURVE ( )  GEOMETRIC_REPRESENTATION_ITEM ( )  RATIONAL_B_SPLINE_CURVE ( ( 1.000000000000000000, 0.8047378541243649375, 0.8047378541243649375, 1.000000000000000000 ) ) 
 REPRESENTATION_ITEM ( '' )  );
#2138 = CARTESIAN_POINT ( 'NONE',  ( -3.649999999999999911, 1.550000000000000044, -2.149999999999999911 ) ) ;
#2139 = DIRECTION ( 'NONE',  ( 0.000000000000000000, 0.000000000000000000, 1.000000000000000000 ) ) ;
#2140 = CARTESIAN_POINT ( 'NONE',  ( 3.409999999999998810, 0.3100000000000000533, -1.185000000000000275 ) ) ;
#2141 = ADVANCED_FACE ( 'NONE', ( #2617 ), #11085, .T. ) ;
#2142 = CARTESIAN_POINT ( 'NONE',  ( 3.049999999999998046, 0.3099999999999999978, -3.574999999999997513 ) ) ;
#2143 = LINE ( 'NONE', #10084, #6543 ) ;
#2144 = FACE_OUTER_BOUND ( 'NONE', #10253, .T. ) ;
#2145 = ADVANCED_FACE ( 'NONE', ( #6699 ), #10885, .F. ) ;
#2146 = CARTESIAN_POINT ( 'NONE',  ( 6.985000000000000320, 0.000000000000000000, -0.1397000000000004072 ) ) ;
#2147 = EDGE_LOOP ( 'NONE', ( #11010, #667, #8585, #10802 ) ) ;
#2148 = EDGE_CURVE ( 'NONE', #5213, #7909, #6801, .T. ) ;
#2149 = ORIENTED_EDGE ( 'NONE', *, *, #8528, .T. ) ;
#2150 = LINE ( 'NONE', #6027, #10574 ) ;
#2151 = EDGE_LOOP ( 'NONE', ( #2741, #247, #4921, #569 ) ) ;
#2152 = DIRECTION ( 'NONE',  ( 0.000000000000000000, 0.000000000000000000, -1.000000000000000000 ) ) ;
#2153 = DIRECTION ( 'NONE',  ( 0.000000000000000000, 1.000000000000000000, 0.000000000000000000 ) ) ;
#2154 = ORIENTED_EDGE ( 'NONE', *, *, #8408, .F. ) ;
#2155 = DIRECTION ( 'NONE',  ( 0.000000000000000000, 1.000000000000000000, 0.000000000000000000 ) ) ;
#2156 = DIRECTION ( 'NONE',  ( 0.000000000000000000, 0.1391731009600656321, -0.9902680687415703620 ) ) ;
#2157 = VECTOR ( 'NONE', #5026, 1000.000000000000000 ) ;
#2158 = EDGE_CURVE ( 'NONE', #10852, #10275, #2755, .T. ) ;
#2159 = AXIS2_PLACEMENT_3D ( 'NONE', #7329, #1488, #1638 ) ;
#2160 = CARTESIAN_POINT ( 'NONE',  ( -1.757761381954934921, 1.499960315657124177, 0.1759269724841905080 ) ) ;
#2161 = LINE ( 'NONE', #2804, #10673 ) ;
#2162 = VECTOR ( 'NONE', #11257, 1000.000000000000000 ) ;
#2163 = CARTESIAN_POINT ( 'NONE',  ( -3.809999999999999609, -1.570000000000000284, 9.650000000000000355 ) ) ;
#2164 = ORIENTED_EDGE ( 'NONE', *, *, #775, .F. ) ;
#2165 = DIRECTION ( 'NONE',  ( 0.000000000000000000, 1.000000000000000000, 0.000000000000000000 ) ) ;
#2166 = DIRECTION ( 'NONE',  ( 1.000000000000000000, 0.000000000000000000, 0.000000000000000000 ) ) ;
#2167 = DIRECTION ( 'NONE',  ( 0.000000000000000000, 1.000000000000000000, 0.000000000000000000 ) ) ;
#2168 = CARTESIAN_POINT ( 'NONE',  ( -0.8950000000000000178, 1.399999999999999911, 1.180000000000000160 ) ) ;
#2169 = VERTEX_POINT ( 'NONE', #10776 ) ;
#2170 = LINE ( 'NONE', #9017, #11156 ) ;
#2171 = CARTESIAN_POINT ( 'NONE',  ( 2.979883736647867654, 0.3499999999999997002, -1.185000000000000275 ) ) ;
#2172 = ORIENTED_EDGE ( 'NONE', *, *, #9939, .F. ) ;
#2173 = ADVANCED_FACE ( 'NONE', ( #10945 ), #6859, .F. ) ;
#2174 = VECTOR ( 'NONE', #2851, 1000.000000000000000 ) ;
#2175 = VERTEX_POINT ( 'NONE', #2018 ) ;
#2176 = LINE ( 'NONE', #4705, #6365 ) ;
#2177 = EDGE_CURVE ( 'NONE', #8632, #11892, #2596, .T. ) ;
#2178 = DIRECTION ( 'NONE',  ( 0.000000000000000000, -1.000000000000000000, 3.226792180016381951E-17 ) ) ;
#2179 = AXIS2_PLACEMENT_3D ( 'NONE', #3257, #591, #9206 ) ;
#2180 = EDGE_CURVE ( 'NONE', #6832, #6320, #6721, .T. ) ;
#2181 = AXIS2_PLACEMENT_3D ( 'NONE', #1071, #118, #1151 ) ;
#2182 = LINE ( 'NONE', #7010, #10446 ) ;
#2183 = LINE ( 'NONE', #8865, #2025 ) ;
#2184 = ORIENTED_EDGE ( 'NONE', *, *, #556, .F. ) ;
#2185 = ORIENTED_EDGE ( 'NONE', *, *, #8903, .T. ) ;
#2186 = ORIENTED_EDGE ( 'NONE', *, *, #9528, .T. ) ;
#2187 = DIRECTION ( 'NONE',  ( -0.000000000000000000, 0.000000000000000000, -1.000000000000000000 ) ) ;
#2188 = DIRECTION ( 'NONE',  ( -0.000000000000000000, 1.000000000000000000, 0.000000000000000000 ) ) ;
#2189 = VERTEX_POINT ( 'NONE', #7941 ) ;
#2190 = CARTESIAN_POINT ( 'NONE',  ( 6.350000000000001421, 0.000000000000000000, 8.130000000000000782 ) ) ;
#2191 = CARTESIAN_POINT ( 'NONE',  ( 1.270000000000000240, 0.000000000000000000, 8.890000000000000568 ) ) ;
#2192 = DIRECTION ( 'NONE',  ( 1.000000000000000000, 0.000000000000000000, 0.000000000000000000 ) ) ;
#2193 = DIRECTION ( 'NONE',  ( 0.000000000000000000, 0.000000000000000000, -1.000000000000000000 ) ) ;
#2194 = DIRECTION ( 'NONE',  ( -0.000000000000000000, -1.000000000000000000, -0.000000000000000000 ) ) ;
#2195 = PRESENTATION_LAYER_ASSIGNMENT (  '', '', ( #11594 ) ) ;
#2196 = LINE ( 'NONE', #5288, #2250 ) ;
#2197 = CARTESIAN_POINT ( 'NONE',  ( -3.250000000000000000, 1.149999999999999911, 1.199999999999999956 ) ) ;
#2198 = MANIFOLD_SOLID_BREP ( 'NONE', #5897 ) ;
#2199 = CARTESIAN_POINT ( 'NONE',  ( 5.714999999999999858, -0.1000000000000000472, -0.3174999999999998934 ) ) ;
#2200 = FACE_OUTER_BOUND ( 'NONE', #9371, .T. ) ;
#2201 = VECTOR ( 'NONE', #9042, 1000.000000000000000 ) ;
#2202 = AXIS2_PLACEMENT_3D ( 'NONE', #10405, #9520, #11343 ) ;
#2203 = CARTESIAN_POINT ( 'NONE',  ( 0.000000000000000000, 2.899999999999999911, 0.000000000000000000 ) ) ;
#2204 = ORIENTED_EDGE ( 'NONE', *, *, #2560, .F. ) ;
#2205 = EDGE_LOOP ( 'NONE', ( #464, #408, #12253, #9884 ) ) ;
#2206 = FACE_OUTER_BOUND ( 'NONE', #12309, .T. ) ;
#2207 = VERTEX_POINT ( 'NONE', #1313 ) ;
#2208 = ORIENTED_EDGE ( 'NONE', *, *, #6943, .T. ) ;
#2209 = DIRECTION ( 'NONE',  ( -1.000000000000000000, 0.000000000000000000, -8.537024980200820092E-17 ) ) ;
#2210 = VECTOR ( 'NONE', #1513, 1000.000000000000000 ) ;
#2211 = DIRECTION ( 'NONE',  ( 1.000000000000000000, 0.000000000000000000, 1.707404996040164018E-16 ) ) ;
#2212 = EDGE_CURVE ( 'NONE', #486, #7952, #2778, .T. ) ;
#2213 = SURFACE_STYLE_USAGE ( .BOTH. , #11541 ) ;
#2214 = ADVANCED_FACE ( 'NONE', ( #11103 ), #6885, .F. ) ;
#2215 = CARTESIAN_POINT ( 'NONE',  ( 1.864999999999999991, 0.000000000000000000, 1.050000000000000044 ) ) ;
#2216 = CARTESIAN_POINT ( 'NONE',  ( -0.9700000000000001954, 0.5000000000000000000, -0.03499999999999965639 ) ) ;
#2217 = ADVANCED_FACE ( 'NONE', ( #10982 ), #6863, .T. ) ;
#2218 = DIRECTION ( 'NONE',  ( 0.000000000000000000, 1.362997016838921353E-15, -1.000000000000000000 ) ) ;
#2219 = DIRECTION ( 'NONE',  ( 0.000000000000000000, -1.000000000000000000, 0.000000000000000000 ) ) ;
#2220 = CARTESIAN_POINT ( 'NONE',  ( -1.214999999999999858, 0.1000000000000000056, 1.000000000000000000 ) ) ;
#2221 = VECTOR ( 'NONE', #10552, 1000.000000000000000 ) ;
#2222 = FACE_OUTER_BOUND ( 'NONE', #5104, .T. ) ;
#2223 = DIRECTION ( 'NONE',  ( -0.000000000000000000, 1.000000000000000000, -0.000000000000000000 ) ) ;
#2224 = ORIENTED_EDGE ( 'NONE', *, *, #10650, .F. ) ;
#2225 = ORIENTED_EDGE ( 'NONE', *, *, #5207, .F. ) ;
#2226 = ORIENTED_EDGE ( 'NONE', *, *, #12045, .F. ) ;
#2227 = CARTESIAN_POINT ( 'NONE',  ( -5.714999999999998970, -0.1000000000000000056, -1.364399999999998947 ) ) ;
#2228 = CARTESIAN_POINT ( 'NONE',  ( -1.755769684305005018, 1.500000000000000000, -0.1754255192035054922 ) ) ;
#2229 = ORIENTED_EDGE ( 'NONE', *, *, #10633, .F. ) ;
#2230 = DIRECTION ( 'NONE',  ( 1.000000000000000000, 0.000000000000000000, 0.000000000000000000 ) ) ;
#2231 = DIRECTION ( 'NONE',  ( -1.000000000000000000, 1.141265444721583757E-16, 0.000000000000000000 ) ) ;
#2232 = FACE_OUTER_BOUND ( 'NONE', #10642, .T. ) ;
#2233 = ADVANCED_FACE ( 'NONE', ( #2423 ), #11029, .T. ) ;
#2234 = CIRCLE ( 'NONE', #9506, 0.7600000000000002309 ) ;
#2235 = VECTOR ( 'NONE', #5106, 1000.000000000000000 ) ;
#2236 = MECHANICAL_DESIGN_GEOMETRIC_PRESENTATION_REPRESENTATION (  '', ( #8364 ), #5528 ) ;
#2237 = CARTESIAN_POINT ( 'NONE',  ( -3.460000000000000409, 0.5000000000000000000, -2.875000000000000000 ) ) ;
#2238 = DIRECTION ( 'NONE',  ( 1.000000000000000000, 0.000000000000000000, 0.000000000000000000 ) ) ;
#2239 = ADVANCED_FACE ( 'NONE', ( #2697 ), #9701, .F. ) ;
#2240 = ORIENTED_EDGE ( 'NONE', *, *, #6456, .F. ) ;
#2241 = DIRECTION ( 'NONE',  ( -6.324512672832110842E-16, 0.000000000000000000, 1.000000000000000000 ) ) ;
#2242 = DIRECTION ( 'NONE',  ( -0.000000000000000000, 1.000000000000000000, 0.000000000000000000 ) ) ;
#2243 = ORIENTED_EDGE ( 'NONE', *, *, #10997, .T. ) ;
#2244 = VECTOR ( 'NONE', #2035, 1000.000000000000114 ) ;
#2245 = CARTESIAN_POINT ( 'NONE',  ( 0.4398837366478682287, 0.3499999999999999778, 0.1650000000000003131 ) ) ;
#2246 = ORIENTED_EDGE ( 'NONE', *, *, #11862, .T. ) ;
#2247 = PLANE ( 'NONE',  #5256 ) ;
#2248 = CIRCLE ( 'NONE', #12486, 0.7600000000000002309 ) ;
#2249 = EDGE_LOOP ( 'NONE', ( #829, #4806, #1813, #11428 ) ) ;
#2250 = VECTOR ( 'NONE', #6933, 1000.000000000000000 ) ;
#2251 = PRESENTATION_LAYER_ASSIGNMENT (  '', '', ( #3805 ) ) ;
#2252 = DIRECTION ( 'NONE',  ( 1.000000000000000000, 0.000000000000000000, -1.162683294890621812E-16 ) ) ;
#2253 = EDGE_CURVE ( 'NONE', #4609, #5998, #6618, .T. ) ;
#2254 = PRESENTATION_STYLE_ASSIGNMENT (( #3912 ) ) ;
#2255 = FACE_OUTER_BOUND ( 'NONE', #3072, .T. ) ;
#2256 = ORIENTED_EDGE ( 'NONE', *, *, #10387, .T. ) ;
#2257 = AXIS2_PLACEMENT_3D ( 'NONE', #7886, #11776, #1145 ) ;
#2258 = ORIENTED_EDGE ( 'NONE', *, *, #11234, .T. ) ;
#2259 = VERTEX_POINT ( 'NONE', #5636 ) ;
#2260 = CARTESIAN_POINT ( 'NONE',  ( 4.209999999999999076, 0.3099999999999999978, -1.394999999999999796 ) ) ;
#2261 = ADVANCED_FACE ( 'NONE', ( #6567 ), #6500, .T. ) ;
#2262 = CARTESIAN_POINT ( 'NONE',  ( 1.814999999999999947, 0.000000000000000000, -0.4000000000000000222 ) ) ;
#2263 = SURFACE_STYLE_FILL_AREA ( #11078 ) ;
#2264 = ORIENTED_EDGE ( 'NONE', *, *, #3172, .T. ) ;
#2265 = PLANE ( 'NONE',  #11774 ) ;
#2266 =( LENGTH_UNIT ( ) NAMED_UNIT ( * ) SI_UNIT ( .MILLI., .METRE. ) );
#2267 = SURFACE_STYLE_USAGE ( .BOTH. , #423 ) ;
#2268 = CARTESIAN_POINT ( 'NONE',  ( 3.250000000000000000, 1.250000000000000000, -1.199999999999999956 ) ) ;
#2269 = DIRECTION ( 'NONE',  ( 0.000000000000000000, 0.000000000000000000, 1.000000000000000000 ) ) ;
#2270 = DIRECTION ( 'NONE',  ( 1.000000000000000000, 0.000000000000000000, -0.000000000000000000 ) ) ;
#2271 = LINE ( 'NONE', #9096, #10917 ) ;
#2272 = CARTESIAN_POINT ( 'NONE',  ( -6.984999999999999432, 0.000000000000000000, -1.364399999999999169 ) ) ;
#2273 = DIRECTION ( 'NONE',  ( 0.000000000000000000, 0.000000000000000000, 1.000000000000000000 ) ) ;
#2274 = EDGE_CURVE ( 'NONE', #11419, #10573, #2383, .T. ) ;
#2275 = DIRECTION ( 'NONE',  ( -1.000000000000000000, 0.000000000000000000, 3.491481338843133750E-15 ) ) ;
#2276 = EDGE_CURVE ( 'NONE', #3683, #7160, #10754, .T. ) ;
#2277 = LINE ( 'NONE', #11237, #6945 ) ;
#2278 = FACE_OUTER_BOUND ( 'NONE', #10292, .T. ) ;
#2279 = EDGE_CURVE ( 'NONE', #6319, #5939, #10419, .T. ) ;
#2280 = EDGE_CURVE ( 'NONE', #3391, #3535, #6483, .T. ) ;
#2281 =( NAMED_UNIT ( * ) PLANE_ANGLE_UNIT ( ) SI_UNIT ( $, .RADIAN. ) );
#2282 = ORIENTED_EDGE ( 'NONE', *, *, #4332, .F. ) ;
#2283 = EDGE_LOOP ( 'NONE', ( #10888, #2342, #11853, #12328, #11068, #2282, #7428, #3399, #3923, #8604, #11242 ) ) ;
#2284 = AXIS2_PLACEMENT_3D ( 'NONE', #1641, #6360, #7332 ) ;
#2285 = CYLINDRICAL_SURFACE ( 'NONE', #5237, 0.5100000000000000089 ) ;
#2286 = ORIENTED_EDGE ( 'NONE', *, *, #12072, .T. ) ;
#2287 = ADVANCED_FACE ( 'NONE', ( #6549 ), #5710, .T. ) ;
#2288 = EDGE_LOOP ( 'NONE', ( #149, #9718, #1559, #9051 ) ) ;
#2289 = MANIFOLD_SOLID_BREP ( 'Boss-Extrude2[1]', #940 ) ;
#2290 = VECTOR ( 'NONE', #6384, 1000.000000000000000 ) ;
#2291 = FILL_AREA_STYLE ('',( #9918 ) ) ;
#2292 = CARTESIAN_POINT ( 'NONE',  ( -5.714999999999998970, -0.1000000000000000056, -0.5406000000000004135 ) ) ;
#2293 = DIRECTION ( 'NONE',  ( 1.000000000000000000, 0.000000000000000000, 1.707404996040164018E-16 ) ) ;
#2294 = AXIS2_PLACEMENT_3D ( 'NONE', #9969, #5822, #7633 ) ;
#2295 = CARTESIAN_POINT ( 'NONE',  ( -3.250000000000000000, 1.149999999999999911, 1.199999999999999956 ) ) ;
#2296 =( LENGTH_UNIT ( ) NAMED_UNIT ( * ) SI_UNIT ( .MILLI., .METRE. ) );
#2297 = UNCERTAINTY_MEASURE_WITH_UNIT (LENGTH_MEASURE( 1.000000000000000082E-05 ), #2918, 'distance_accuracy_value', 'NONE');
#2298 = DIRECTION ( 'NONE',  ( 0.000000000000000000, -1.000000000000000000, 0.000000000000000000 ) ) ;
#2299 = SURFACE_STYLE_FILL_AREA ( #2565 ) ;
#2300 = LINE ( 'NONE', #8418, #6517 ) ;
#2301 = EDGE_CURVE ( 'NONE', #10753, #6434, #6401, .T. ) ;
#2302 = DIRECTION ( 'NONE',  ( 0.000000000000000000, 1.000000000000000000, 0.000000000000000000 ) ) ;
#2303 = ORIENTED_EDGE ( 'NONE', *, *, #369, .F. ) ;
#2304 = EDGE_CURVE ( 'NONE', #5759, #6599, #10518, .T. ) ;
#2305 = EDGE_LOOP ( 'NONE', ( #12440, #11954, #6781, #10929 ) ) ;
#2306 = FACE_OUTER_BOUND ( 'NONE', #2385, .T. ) ;
#2307 = ORIENTED_EDGE ( 'NONE', *, *, #3194, .T. ) ;
#2308 = EDGE_CURVE ( 'NONE', #3620, #6181, #2248, .T. ) ;
#2309 = PLANE ( 'NONE',  #614 ) ;
#2310 = AXIS2_PLACEMENT_3D ( 'NONE', #9698, #351, #1332 ) ;
#2311 = CARTESIAN_POINT ( 'NONE',  ( 0.8699999999999997735, 0.04000000000000000083, 0.1250000000000003331 ) ) ;
#2312 = ORIENTED_EDGE ( 'NONE', *, *, #1303, .T. ) ;
#2313 = ORIENTED_EDGE ( 'NONE', *, *, #5867, .F. ) ;
#2314 = PLANE ( 'NONE',  #10169 ) ;
#2315 = DIRECTION ( 'NONE',  ( 0.000000000000000000, 0.000000000000000000, 1.000000000000000000 ) ) ;
#2316 = FACE_OUTER_BOUND ( 'NONE', #4094, .T. ) ;
#2317 = ADVANCED_FACE ( 'NONE', ( #10679 ), #6634, .F. ) ;
#2318 = ADVANCED_FACE ( 'NONE', ( #6794 ), #9334, .T. ) ;
#2319 = LINE ( 'NONE', #7816, #6226 ) ;
#2320 = CARTESIAN_POINT ( 'NONE',  ( -3.432161706211294572, 2.899999999999999911, -1.932161706211289909 ) ) ;
#2321 = APPLICATION_PROTOCOL_DEFINITION ( 'draft international standard', 'automotive_design', 1998, #3492 ) ;
#2322 = ORIENTED_EDGE ( 'NONE', *, *, #295, .F. ) ;
#2323 = DIRECTION ( 'NONE',  ( 0.000000000000000000, -1.000000000000000000, 0.000000000000000000 ) ) ;
#2324 = DIRECTION ( 'NONE',  ( 0.000000000000000000, 1.000000000000000000, 0.000000000000000000 ) ) ;
#2325 = DIRECTION ( 'NONE',  ( 0.000000000000000000, 0.000000000000000000, 1.000000000000000000 ) ) ;
#2326 = CARTESIAN_POINT ( 'NONE',  ( 4.209999999999999076, 0.3099999999999999978, -1.394999999999999796 ) ) ;
#2327 = ORIENTED_EDGE ( 'NONE', *, *, #10208, .T. ) ;
#2328 = AXIS2_PLACEMENT_3D ( 'NONE', #9768, #12438, #10448 ) ;
#2329 = DIRECTION ( 'NONE',  ( 0.000000000000000000, 1.000000000000000000, 0.000000000000000000 ) ) ;
#2330 = EDGE_CURVE ( 'NONE', #10714, #2899, #10918, .T. ) ;
#2331 = ORIENTED_EDGE ( 'NONE', *, *, #2588, .F. ) ;
#2332 = DIRECTION ( 'NONE',  ( 0.000000000000000000, -0.000000000000000000, -1.000000000000000000 ) ) ;
#2333 = EDGE_CURVE ( 'NONE', #2259, #6752, #6836, .T. ) ;
#2334 = VERTEX_POINT ( 'NONE', #4559 ) ;
#2335 = AXIS2_PLACEMENT_3D ( 'NONE', #6689, #11768, #7965 ) ;
#2336 = ORIENTED_EDGE ( 'NONE', *, *, #10456, .T. ) ;
#2337 = STYLED_ITEM ( 'NONE', ( #8986 ), #8434 ) ;
#2338 = VECTOR ( 'NONE', #4347, 1000.000000000000000 ) ;
#2339 = CARTESIAN_POINT ( 'NONE',  ( 1.669999999999999929, 0.3099999999999999978, -1.394999999999999574 ) ) ;
#2340 = LINE ( 'NONE', #461, #6470 ) ;
#2341 = FACE_OUTER_BOUND ( 'NONE', #5744, .T. ) ;
#2342 = ORIENTED_EDGE ( 'NONE', *, *, #3780, .F. ) ;
#2343 = ORIENTED_EDGE ( 'NONE', *, *, #8921, .T. ) ;
#2344 = ORIENTED_EDGE ( 'NONE', *, *, #10495, .F. ) ;
#2345 = SURFACE_SIDE_STYLE ('',( #8002 ) ) ;
#2346 = VECTOR ( 'NONE', #8359, 1000.000000000000000 ) ;
#2347 = CARTESIAN_POINT ( 'NONE',  ( -0.8050000000000000488, 0.000000000000000000, -0.4000000000000000222 ) ) ;
#2348 = COLOUR_RGB ( '',0.7921568627450980005, 0.8196078431372548767, 0.9333333333333333481 ) ;
#2349 = ORIENTED_EDGE ( 'NONE', *, *, #2649, .F. ) ;
#2350 = PLANE ( 'NONE',  #7032 ) ;
#2351 = CARTESIAN_POINT ( 'NONE',  ( -1.570000000000000062, 0.000000000000000000, -0.03499999999999965639 ) ) ;
#2352 = CARTESIAN_POINT ( 'NONE',  ( -2.350000000000000089, -3.135336068297440409E-17, 1.199999999999999956 ) ) ;
#2354 = ORIENTED_EDGE ( 'NONE', *, *, #866, .F. ) ;
#2353 = DIRECTION ( 'NONE',  ( -1.000000000000000000, 0.000000000000000000, 0.000000000000000000 ) ) ;
#2355 = DIRECTION ( 'NONE',  ( 1.000000000000000000, 0.000000000000000000, 0.000000000000000000 ) ) ;
#2356 = VECTOR ( 'NONE', #10022, 1000.000000000000000 ) ;
#2357 =( GEOMETRIC_REPRESENTATION_CONTEXT ( 3 ) GLOBAL_UNCERTAINTY_ASSIGNED_CONTEXT ( ( #1030 ) ) GLOBAL_UNIT_ASSIGNED_CONTEXT ( ( #4368, #5388, #6251 ) ) REPRESENTATION_CONTEXT ( 'NONE', 'WORKASPACE' ) );
#2358 = CARTESIAN_POINT ( 'NONE',  ( 4.570000000000002061, 0.3099999999999999978, -2.344883736647871419 ) ) ;
#2359 = DIRECTION ( 'NONE',  ( 1.707404996040164018E-16, 0.000000000000000000, -1.000000000000000000 ) ) ;
#2360 = VECTOR ( 'NONE', #3406, 1000.000000000000000 ) ;
#2361 = DIRECTION ( 'NONE',  ( 0.000000000000000000, 0.000000000000000000, -1.000000000000000000 ) ) ;
#2362 = ORIENTED_EDGE ( 'NONE', *, *, #6675, .F. ) ;
#2363 = ORIENTED_EDGE ( 'NONE', *, *, #10506, .F. ) ;
#2364 = VERTEX_POINT ( 'NONE', #11293 ) ;
#2365 = SHAPE_DEFINITION_REPRESENTATION ( #5392, #12489 ) ;
#2366 = ORIENTED_EDGE ( 'NONE', *, *, #8120, .F. ) ;
#2367 = ORIENTED_EDGE ( 'NONE', *, *, #8424, .T. ) ;
#2368 = LINE ( 'NONE', #10541, #10882 ) ;
#2369 = CARTESIAN_POINT ( 'NONE',  ( -0.8950000000000000178, 1.399999999999999911, 1.180000000000000160 ) ) ;
#2370 = DIRECTION ( 'NONE',  ( 0.1378445374916290045, -0.9808148484639889197, -0.1378445374916290045 ) ) ;
#2371 = CARTESIAN_POINT ( 'NONE',  ( -1.969999999999999973, 0.2000000000000000111, 1.180000000000000160 ) ) ;
#2372 = CARTESIAN_POINT ( 'NONE',  ( -0.2049999999999999878, 0.1000000000000000056, -1.000000000000000000 ) ) ;
#2373 = CARTESIAN_POINT ( 'NONE',  ( 3.050000000000002487, 0.04000000000000000083, -2.344883736647865646 ) ) ;
#2374 = CARTESIAN_POINT ( 'NONE',  ( -3.299999999999999822, 0.3499999999999999778, -1.199999999999999956 ) ) ;
#2375 = FACE_OUTER_BOUND ( 'NONE', #8729, .T. ) ;
#2376 = DIRECTION ( 'NONE',  ( 0.000000000000000000, 1.000000000000000000, 0.000000000000000000 ) ) ;
#2377 = FILL_AREA_STYLE ('',( #7246 ) ) ;
#2378 = ORIENTED_EDGE ( 'NONE', *, *, #11537, .F. ) ;
#2379 = CLOSED_SHELL ( 'NONE', ( #12329, #8182, #4317, #1607, #3237, #202, #9023, #5485, #286, #12561 ) ) ;
#2380 = ORIENTED_EDGE ( 'NONE', *, *, #11064, .T. ) ;
#2381 = PLANE ( 'NONE',  #9564 ) ;
#2382 = CARTESIAN_POINT ( 'NONE',  ( -1.783305637430995239, 1.491734533487860004, -0.1822360024451334937 ) ) ;
#2383 = LINE ( 'NONE', #12516, #2346 ) ;
#2384 = ADVANCED_FACE ( 'NONE', ( #6963 ), #12424, .F. ) ;
#2385 = EDGE_LOOP ( 'NONE', ( #4652, #5218, #3891, #6107 ) ) ;
#2386 = ORIENTED_EDGE ( 'NONE', *, *, #1438, .F. ) ;
#2387 = EDGE_CURVE ( 'NONE', #7940, #7853, #6985, .T. ) ;
#2388 =( LENGTH_UNIT ( ) NAMED_UNIT ( * ) SI_UNIT ( .MILLI., .METRE. ) );
#2389 = CARTESIAN_POINT ( 'NONE',  ( 0.8699999999999997735, 0.3099999999999999978, -0.08499999999999961753 ) ) ;
#2390 = EDGE_CURVE ( 'NONE', #280, #11867, #10805, .T. ) ;
#2391 = AXIS2_PLACEMENT_3D ( 'NONE', #12058, #514, #1467 ) ;
#2392 = VECTOR ( 'NONE', #7598, 1000.000000000000000 ) ;
#2393 = AXIS2_PLACEMENT_3D ( 'NONE', #1850, #1775, #9783 ) ;
#2394 = VECTOR ( 'NONE', #9508, 1000.000000000000000 ) ;
#2396 = EDGE_CURVE ( 'NONE', #10775, #11421, #2792, .T. ) ;
#2395 = VECTOR ( 'NONE', #1279, 1000.000000000000000 ) ;
#2397 =( NAMED_UNIT ( * ) PLANE_ANGLE_UNIT ( ) SI_UNIT ( $, .RADIAN. ) );
#2398 = APPLICATION_PROTOCOL_DEFINITION ( 'draft international standard', 'automotive_design', 1998, #9351 ) ;
#2399 = EDGE_LOOP ( 'NONE', ( #2313, #4960 ) ) ;
#2400 = DIRECTION ( 'NONE',  ( 0.000000000000000000, 1.000000000000000000, 0.000000000000000000 ) ) ;
#2401 = DIRECTION ( 'NONE',  ( 1.000000000000000000, 0.000000000000000000, -4.517509052022940401E-16 ) ) ;
#2402 = EDGE_CURVE ( 'NONE', #5251, #877, #6858, .T. ) ;
#2403 = SURFACE_SIDE_STYLE ('',( #4039 ) ) ;
#2404 = PLANE ( 'NONE',  #5579 ) ;
#2405 = DIRECTION ( 'NONE',  ( 0.000000000000000000, 1.000000000000000000, 0.000000000000000000 ) ) ;
#2406 = ORIENTED_EDGE ( 'NONE', *, *, #4786, .F. ) ;
#2407 = PRESENTATION_STYLE_ASSIGNMENT (( #5318 ) ) ;
#2408 = CARTESIAN_POINT ( 'NONE',  ( -1.269999999999999352, -1.570000000000000062, 8.890000000000000568 ) ) ;
#2409 = ORIENTED_EDGE ( 'NONE', *, *, #10305, .T. ) ;
#2410 = EDGE_CURVE ( 'NONE', #676, #6949, #2692, .T. ) ;
#2411 = CARTESIAN_POINT ( 'NONE',  ( -3.568295198979989813, 2.131359867351195536, -2.068295198979989813 ) ) ;
#2412 = ORIENTED_EDGE ( 'NONE', *, *, #8360, .T. ) ;
#2413 = EDGE_CURVE ( 'NONE', #11613, #11710, #11274, .T. ) ;
#2414 = ORIENTED_EDGE ( 'NONE', *, *, #6186, .F. ) ;
#2415 = EDGE_CURVE ( 'NONE', #10625, #2789, #11323, .T. ) ;
#2416 = VECTOR ( 'NONE', #7, 1000.000000000000000 ) ;
#2417 = EDGE_CURVE ( 'NONE', #904, #11827, #2945, .T. ) ;
#2418 = ADVANCED_FACE ( 'NONE', ( #7147 ), #1763, .F. ) ;
#2419 = CARTESIAN_POINT ( 'NONE',  ( 5.714999999999999858, -0.1000000000000000056, -0.9524999999999999023 ) ) ;
#2420 = EDGE_CURVE ( 'NONE', #4833, #3081, #7278, .T. ) ;
#2421 = ADVANCED_FACE ( 'NONE', ( #3316 ), #10523, .F. ) ;
#2422 = CARTESIAN_POINT ( 'NONE',  ( -3.460000000000000409, 0.5000000000000000000, -3.474999999999999645 ) ) ;
#2423 = FACE_OUTER_BOUND ( 'NONE', #1464, .T. ) ;
#2424 = LINE ( 'NONE', #2980, #2005 ) ;
#2425 = ORIENTED_EDGE ( 'NONE', *, *, #3046, .T. ) ;
#2426 = EDGE_CURVE ( 'NONE', #10753, #1474, #3473, .T. ) ;
#2427 = ORIENTED_EDGE ( 'NONE', *, *, #5252, .F. ) ;
#2428 = EDGE_LOOP ( 'NONE', ( #6144, #2186, #3544, #6301 ) ) ;
#2429 = CARTESIAN_POINT ( 'NONE',  ( -3.250000000000000000, 1.550000000000000044, -2.149999999999999911 ) ) ;
#2430 = FILL_AREA_STYLE ('',( #3782 ) ) ;
#2431 = DIRECTION ( 'NONE',  ( 0.000000000000000000, 1.000000000000000000, 0.000000000000000000 ) ) ;
#2432 = LINE ( 'NONE', #9751, #12458 ) ;
#2433 = CLOSED_SHELL ( 'NONE', ( #2261, #167, #7369, #9645, #10758, #1413 ) ) ;
#2434 = PLANE ( 'NONE',  #779 ) ;
#2435 = EDGE_CURVE ( 'NONE', #9030, #8632, #11925, .T. ) ;
#2436 = FILL_AREA_STYLE_COLOUR ( '', #4291 ) ;
#2437 = DIRECTION ( 'NONE',  ( -0.000000000000000000, -1.000000000000000000, -0.000000000000000000 ) ) ;
#2439 = ORIENTED_EDGE ( 'NONE', *, *, #6626, .T. ) ;
#2438 = CARTESIAN_POINT ( 'NONE',  ( 4.360000000000001208, 0.000000000000000000, -2.775000000000001688 ) ) ;
#2440 = CARTESIAN_POINT ( 'NONE',  ( -1.570000000000000062, 0.000000000000000000, -0.2850000000000003642 ) ) ;
#2441 = EDGE_CURVE ( 'NONE', #1275, #5010, #3879, .T. ) ;
#2442 = CYLINDRICAL_SURFACE ( 'NONE', #8122, 0.7600000000000002309 ) ;
#2443 = AXIS2_PLACEMENT_3D ( 'NONE', #2514, #12413, #5698 ) ;
#2444 =( NAMED_UNIT ( * ) PLANE_ANGLE_UNIT ( ) SI_UNIT ( $, .RADIAN. ) );
#2445 = DIRECTION ( 'NONE',  ( 3.614007241618350250E-16, 0.000000000000000000, -1.000000000000000000 ) ) ;
#2446 = VECTOR ( 'NONE', #803, 1000.000000000000000 ) ;
#2447 = LINE ( 'NONE', #7299, #2469 ) ;
#2448 = DIRECTION ( 'NONE',  ( 0.000000000000000000, -0.000000000000000000, -1.000000000000000000 ) ) ;
#2449 = EDGE_LOOP ( 'NONE', ( #3071, #1645, #11719, #5887 ) ) ;
#2450 = EDGE_LOOP ( 'NONE', ( #6069, #4139, #220, #1712 ) ) ;
#2451 = CIRCLE ( 'NONE', #7895, 0.3500000000000000333 ) ;
#2452 = DIRECTION ( 'NONE',  ( 0.000000000000000000, 0.000000000000000000, 1.000000000000000000 ) ) ;
#2453 = PRESENTATION_LAYER_ASSIGNMENT (  '', '', ( #12213 ) ) ;
#2454 = ORIENTED_EDGE ( 'NONE', *, *, #5840, .T. ) ;
#2455 = EDGE_LOOP ( 'NONE', ( #11552, #8238, #12562, #11116 ) ) ;
#2456 = UNCERTAINTY_MEASURE_WITH_UNIT (LENGTH_MEASURE( 1.000000000000000082E-05 ), #8310, 'distance_accuracy_value', 'NONE');
#2457 = ORIENTED_EDGE ( 'NONE', *, *, #11454, .T. ) ;
#2458 = CARTESIAN_POINT ( 'NONE',  ( 2.979883736647867654, 0.3499999999999999778, 0.1650000000000001188 ) ) ;
#2459 = DIRECTION ( 'NONE',  ( 0.000000000000000000, 0.000000000000000000, -1.000000000000000000 ) ) ;
#2460 = DIRECTION ( 'NONE',  ( 0.000000000000000000, 1.000000000000000000, 0.000000000000000000 ) ) ;
#2461 = EDGE_CURVE ( 'NONE', #6501, #3081, #8256, .T. ) ;
#2462 = DIRECTION ( 'NONE',  ( 0.000000000000000000, -1.000000000000000000, 0.000000000000000000 ) ) ;
#2463 = CARTESIAN_POINT ( 'NONE',  ( 0.000000000000000000, 0.5000000000000000000, 0.000000000000000000 ) ) ;
#2464 = DIRECTION ( 'NONE',  ( 1.000000000000000000, 0.000000000000000000, 0.000000000000000000 ) ) ;
#2465 = EDGE_CURVE ( 'NONE', #3487, #11354, #8445, .T. ) ;
#2466 = AXIS2_PLACEMENT_3D ( 'NONE', #10636, #8683, #10568 ) ;
#2467 = DIRECTION ( 'NONE',  ( -0.000000000000000000, 1.000000000000000000, 0.000000000000000000 ) ) ;
#2468 = FACE_OUTER_BOUND ( 'NONE', #3217, .T. ) ;
#2469 = VECTOR ( 'NONE', #5396, 1000.000000000000000 ) ;
#2470 = EDGE_LOOP ( 'NONE', ( #8517, #1547, #5793, #12041 ) ) ;
#2471 = EDGE_CURVE ( 'NONE', #6565, #9152, #3793, .T. ) ;
#2472 = LINE ( 'NONE', #4464, #2536 ) ;
#2473 = FACE_OUTER_BOUND ( 'NONE', #3454, .T. ) ;
#2474 = ORIENTED_EDGE ( 'NONE', *, *, #2330, .T. ) ;
#2475 = DIRECTION ( 'NONE',  ( 0.000000000000000000, 1.000000000000000000, 0.000000000000000000 ) ) ;
#2476 = DIRECTION ( 'NONE',  ( 1.000000000000000000, 0.000000000000000000, 0.000000000000000000 ) ) ;
#2477 = EDGE_LOOP ( 'NONE', ( #5882, #10366, #1581, #9074 ) ) ;
#2478 = VERTEX_POINT ( 'NONE', #9930 ) ;
#2479 =( NAMED_UNIT ( * ) SI_UNIT ( $, .STERADIAN. ) SOLID_ANGLE_UNIT ( ) );
#2480 = DIRECTION ( 'NONE',  ( -0.000000000000000000, 0.000000000000000000, 1.000000000000000000 ) ) ;
#2481 = STYLED_ITEM ( 'NONE', ( #6040 ), #3308 ) ;
#2482 = AXIS2_PLACEMENT_3D ( 'NONE', #3009, #1022, #2841 ) ;
#2483 = EDGE_CURVE ( 'NONE', #9361, #8240, #8237, .T. ) ;
#2484 = EDGE_CURVE ( 'NONE', #8162, #6434, #7994, .T. ) ;
#2485 = CARTESIAN_POINT ( 'NONE',  ( 5.079999999999999183, 0.000000000000000000, -5.969999999999999751 ) ) ;
#2486 = APPLICATION_PROTOCOL_DEFINITION ( 'draft international standard', 'automotive_design', 1998, #8687 ) ;
#2487 = AXIS2_PLACEMENT_3D ( 'NONE', #4673, #12359, #793 ) ;
#2488 = VERTEX_POINT ( 'NONE', #950 ) ;
#2489 = DIRECTION ( 'NONE',  ( 0.000000000000000000, 0.000000000000000000, 1.000000000000000000 ) ) ;
#2490 = DIRECTION ( 'NONE',  ( 1.000000000000000000, 0.000000000000000000, 0.000000000000000000 ) ) ;
#2491 = DIRECTION ( 'NONE',  ( -3.491481338843133355E-15, 0.000000000000000000, -1.000000000000000000 ) ) ;
#2492 =( NAMED_UNIT ( * ) PLANE_ANGLE_UNIT ( ) SI_UNIT ( $, .RADIAN. ) );
#2493 = DIRECTION ( 'NONE',  ( 0.000000000000000000, 0.000000000000000000, 1.000000000000000000 ) ) ;
#2494 = DIRECTION ( 'NONE',  ( -0.000000000000000000, 3.226792180016381951E-17, 1.000000000000000000 ) ) ;
#2495 = VERTEX_POINT ( 'NONE', #3622 ) ;
#2496 = LINE ( 'NONE', #3135, #2859 ) ;
#2497 = DIRECTION ( 'NONE',  ( 1.000000000000000000, 0.000000000000000000, 0.000000000000000000 ) ) ;
#2498 = ORIENTED_EDGE ( 'NONE', *, *, #2588, .T. ) ;
#2499 = DIRECTION ( 'NONE',  ( 0.1391731009600654378, 0.9902680687415703620, 0.000000000000000000 ) ) ;
#2500 = ADVANCED_FACE ( 'NONE', ( #3810 ), #3836, .T. ) ;
#2501 = VERTEX_POINT ( 'NONE', #8638 ) ;
#2502 = ORIENTED_EDGE ( 'NONE', *, *, #5441, .T. ) ;
#2503 = LINE ( 'NONE', #4077, #2570 ) ;
#2504 = CARTESIAN_POINT ( 'NONE',  ( -3.809999999999999609, -3.719604614807106024, 8.890000000000000568 ) ) ;
#2505 = CARTESIAN_POINT ( 'NONE',  ( 1.669999999999999929, 0.3099999999999999978, 0.1250000000000003331 ) ) ;
#2506 = VERTEX_POINT ( 'NONE', #6667 ) ;
#2507 = VERTEX_POINT ( 'NONE', #9703 ) ;
#2508 = FACE_OUTER_BOUND ( 'NONE', #10952, .T. ) ;
#2509 =( GEOMETRIC_REPRESENTATION_CONTEXT ( 3 ) GLOBAL_UNCERTAINTY_ASSIGNED_CONTEXT ( ( #6494 ) ) GLOBAL_UNIT_ASSIGNED_CONTEXT ( ( #11099, #11014, #7041 ) ) REPRESENTATION_CONTEXT ( 'NONE', 'WORKASPACE' ) );
#2510 = ORIENTED_EDGE ( 'NONE', *, *, #9065, .F. ) ;
#2511 = SURFACE_SIDE_STYLE ('',( #147 ) ) ;
#2512 = DIRECTION ( 'NONE',  ( 0.000000000000000000, -1.000000000000000000, 0.000000000000000000 ) ) ;
#2513 = SURFACE_STYLE_USAGE ( .BOTH. , #1755 ) ;
#2514 = CARTESIAN_POINT ( 'NONE',  ( 0.2049999999999999878, 0.000000000000000000, 1.000000000000000000 ) ) ;
#2515 = SHAPE_DEFINITION_REPRESENTATION ( #5150, #10807 ) ;
#2516 = EDGE_LOOP ( 'NONE', ( #5719, #203, #10969, #4604 ) ) ;
#2517 = PLANE ( 'NONE',  #8979 ) ;
#2518 =( LENGTH_UNIT ( ) NAMED_UNIT ( * ) SI_UNIT ( .MILLI., .METRE. ) );
#2519 = CARTESIAN_POINT ( 'NONE',  ( -0.8050000000000000488, 0.1000000000000000056, 0.4000000000000000222 ) ) ;
#2520 = ORIENTED_EDGE ( 'NONE', *, *, #748, .F. ) ;
#2521 = CARTESIAN_POINT ( 'NONE',  ( 4.209999999999999076, 0.3500000000000000333, -0.08499999999999986733 ) ) ;
#2522 = DIRECTION ( 'NONE',  ( 1.000000000000000000, 0.000000000000000000, 0.000000000000000000 ) ) ;
#2523 = VECTOR ( 'NONE', #4849, 1000.000000000000000 ) ;
#2524 = ADVANCED_FACE ( 'NONE', ( #3938 ), #11553, .T. ) ;
#2525 = CARTESIAN_POINT ( 'NONE',  ( -0.8950000000000000178, 1.399999999999999911, -1.180000000000000160 ) ) ;
#2526 = EDGE_CURVE ( 'NONE', #6938, #4204, #8171, .T. ) ;
#2527 = ADVANCED_FACE ( 'NONE', ( #3979 ), #4004, .F. ) ;
#2528 = DIRECTION ( 'NONE',  ( -1.000000000000000000, 0.000000000000000000, 0.000000000000000000 ) ) ;
#2529 = PLANE ( 'NONE',  #6638 ) ;
#2530 = COLOUR_RGB ( '',0.2509803921568627416, 0.2509803921568627416, 0.2509803921568627416 ) ;
#2531 = VECTOR ( 'NONE', #8259, 1000.000000000000000 ) ;
#2532 = AXIS2_PLACEMENT_3D ( 'NONE', #5557, #5626, #1537 ) ;
#2533 = DIRECTION ( 'NONE',  ( 0.000000000000000000, 0.000000000000000000, 1.000000000000000000 ) ) ;
#2534 =( LENGTH_UNIT ( ) NAMED_UNIT ( * ) SI_UNIT ( .MILLI., .METRE. ) );
#2535 = VERTEX_POINT ( 'NONE', #1192 ) ;
#2536 = VECTOR ( 'NONE', #11110, 1000.000000000000000 ) ;
#2537 = LINE ( 'NONE', #6149, #6726 ) ;
#2538 = DIRECTION ( 'NONE',  ( 1.000000000000000000, 0.000000000000000000, -0.000000000000000000 ) ) ;
#2539 =( BOUNDED_CURVE ( )  B_SPLINE_CURVE ( 3, ( #8128, #12009, #3663, #11332 ),
 .UNSPECIFIED., .F., .F. ) 
 B_SPLINE_CURVE_WITH_KNOTS ( ( 4, 4 ),
 ( 1.570796326794895004, 3.141592653589750039 ),
 .UNSPECIFIED. ) 
 CURVE ( )  GEOMETRIC_REPRESENTATION_ITEM ( )  RATIONAL_B_SPLINE_CURVE ( ( 1.000000000000000000, 0.8047378541243749295, 0.8047378541243749295, 1.000000000000000000 ) ) 
 REPRESENTATION_ITEM ( '' )  );
#2540 = EDGE_LOOP ( 'NONE', ( #112, #2076 ) ) ;
#2541 = ORIENTED_EDGE ( 'NONE', *, *, #9528, .F. ) ;
#2542 = ORIENTED_EDGE ( 'NONE', *, *, #7666, .T. ) ;
#2543 = EDGE_CURVE ( 'NONE', #8555, #5095, #8213, .T. ) ;
#2544 = AXIS2_PLACEMENT_3D ( 'NONE', #9840, #1832, #8895 ) ;
#2545 = CARTESIAN_POINT ( 'NONE',  ( -0.2049999999999999878, 0.1000000000000000056, -0.4000000000000000222 ) ) ;
#2546 = DIRECTION ( 'NONE',  ( 0.000000000000000000, 1.000000000000000000, 0.000000000000000000 ) ) ;
#2547 = DIRECTION ( 'NONE',  ( 0.000000000000000000, 0.000000000000000000, -1.000000000000000000 ) ) ;
#2548 = CARTESIAN_POINT ( 'NONE',  ( -5.714999999999998970, 0.000000000000000000, -1.364399999999998947 ) ) ;
#2549 = DIRECTION ( 'NONE',  ( -3.491481338843133355E-15, 0.000000000000000000, -1.000000000000000000 ) ) ;
#2550 = CARTESIAN_POINT ( 'NONE',  ( 0.4398837366478682287, -3.407492542097300425E-16, -1.184999999999999831 ) ) ;
#2551 = CARTESIAN_POINT ( 'NONE',  ( -5.080000000000000071, 0.000000000000000000, -7.620000000000000107 ) ) ;
#2552 = CARTESIAN_POINT ( 'NONE',  ( 0.000000000000000000, 0.1000000000000000056, 0.000000000000000000 ) ) ;
#2553 = SURFACE_STYLE_FILL_AREA ( #2377 ) ;
#2554 = LINE ( 'NONE', #2352, #10827 ) ;
#2555 = CARTESIAN_POINT ( 'NONE',  ( 1.214999999999999858, 0.000000000000000000, -1.000000000000000000 ) ) ;
#2556 = ADVANCED_FACE ( 'NONE', ( #4029 ), #5705, .F. ) ;
#2557 = EDGE_CURVE ( 'NONE', #8630, #7684, #4584, .T. ) ;
#2558 = CARTESIAN_POINT ( 'NONE',  ( -3.432161706211294572, 3.100000000000000089, -1.932161706211289909 ) ) ;
#2559 = EDGE_LOOP ( 'NONE', ( #7249, #3012, #7167, #11179 ) ) ;
#2560 = EDGE_CURVE ( 'NONE', #5939, #8126, #8766, .T. ) ;
#2561 = AXIS2_PLACEMENT_3D ( 'NONE', #898, #3828, #1871 ) ;
#2562 = ORIENTED_EDGE ( 'NONE', *, *, #11833, .T. ) ;
#2563 = VECTOR ( 'NONE', #10645, 1000.000000000000000 ) ;
#2564 = VERTEX_POINT ( 'NONE', #2845 ) ;
#2565 = FILL_AREA_STYLE ('',( #5811 ) ) ;
#2566 = ORIENTED_EDGE ( 'NONE', *, *, #8926, .T. ) ;
#2567 = ORIENTED_EDGE ( 'NONE', *, *, #6207, .T. ) ;
#2568 = DIRECTION ( 'NONE',  ( 3.491481338843133355E-15, 0.000000000000000000, 1.000000000000000000 ) ) ;
#2569 = PLANE ( 'NONE',  #935 ) ;
#2570 = VECTOR ( 'NONE', #4757, 1000.000000000000000 ) ;
#2571 = EDGE_CURVE ( 'NONE', #2862, #499, #4908, .T. ) ;
#2572 = EDGE_CURVE ( 'NONE', #5740, #6320, #516, .T. ) ;
#2573 = FACE_OUTER_BOUND ( 'NONE', #3839, .T. ) ;
#2574 = SURFACE_STYLE_USAGE ( .BOTH. , #5529 ) ;
#2575 =( LENGTH_UNIT ( ) NAMED_UNIT ( * ) SI_UNIT ( .MILLI., .METRE. ) );
#2576 = EDGE_CURVE ( 'NONE', #9567, #7139, #8789, .T. ) ;
#2577 = EDGE_LOOP ( 'NONE', ( #5926, #11843 ) ) ;
#2578 = DIRECTION ( 'NONE',  ( 0.000000000000000000, 0.000000000000000000, 1.000000000000000000 ) ) ;
#2579 = CARTESIAN_POINT ( 'NONE',  ( 2.350000000000000089, 0.2999999999999999889, 1.199999999999999956 ) ) ;
#2580 = CARTESIAN_POINT ( 'NONE',  ( -1.791956935478445034, 1.484936639087749866, 0.1843255355160584863 ) ) ;
#2581 = CARTESIAN_POINT ( 'NONE',  ( -1.430000000000000160, 1.500000000000000000, 0.000000000000000000 ) ) ;
#2582 = ORIENTED_EDGE ( 'NONE', *, *, #11384, .F. ) ;
#2583 = EDGE_CURVE ( 'NONE', #7940, #11554, #472, .T. ) ;
#2584 = LINE ( 'NONE', #51, #6784 ) ;
#2585 = DIRECTION ( 'NONE',  ( -0.000000000000000000, -1.362997016838921353E-15, 1.000000000000000000 ) ) ;
#2586 = ORIENTED_EDGE ( 'NONE', *, *, #5578, .F. ) ;
#2587 = DIRECTION ( 'NONE',  ( 1.000000000000000000, 0.000000000000000000, 1.707404996040164018E-16 ) ) ;
#2588 = EDGE_CURVE ( 'NONE', #2806, #8555, #446, .T. ) ;
#2589 = ORIENTED_EDGE ( 'NONE', *, *, #6778, .F. ) ;
#2590 = VERTEX_POINT ( 'NONE', #3877 ) ;
#2591 = LINE ( 'NONE', #10323, #11123 ) ;
#2592 = CARTESIAN_POINT ( 'NONE',  ( -1.805769684305110090, 1.399999999999999911, -0.1876090199250475266 ) ) ;
#2593 = AXIS2_PLACEMENT_3D ( 'NONE', #12241, #590, #9383 ) ;
#2594 = CARTESIAN_POINT ( 'NONE',  ( -5.714999999999998970, 0.000000000000000000, -0.7293999999999989381 ) ) ;
#2595 = DIRECTION ( 'NONE',  ( 0.000000000000000000, 0.000000000000000000, -1.000000000000000000 ) ) ;
#2596 = LINE ( 'NONE', #2965, #6908 ) ;
#2597 = ORIENTED_EDGE ( 'NONE', *, *, #2807, .F. ) ;
#2598 = EDGE_CURVE ( 'NONE', #4254, #981, #555, .T. ) ;
#2599 = EDGE_CURVE ( 'NONE', #10029, #7906, #4712, .T. ) ;
#2600 = VECTOR ( 'NONE', #8622, 1000.000000000000000 ) ;
#2601 = VERTEX_POINT ( 'NONE', #1112 ) ;
#2602 = CARTESIAN_POINT ( 'NONE',  ( 3.649999999999999911, 0.3499999999999999778, 1.199999999999999956 ) ) ;
#2603 = EDGE_CURVE ( 'NONE', #12582, #6891, #8974, .T. ) ;
#2604 = AXIS2_PLACEMENT_3D ( 'NONE', #10000, #9075, #2139 ) ;
#2605 = DIRECTION ( 'NONE',  ( 0.000000000000000000, -1.000000000000000000, 0.000000000000000000 ) ) ;
#2606 = CARTESIAN_POINT ( 'NONE',  ( 4.360000000000001208, 0.03999999999999999389, -2.775000000000001688 ) ) ;
#2607 = ADVANCED_FACE ( 'NONE', ( #4932 ), #8714, .T. ) ;
#2608 = EDGE_LOOP ( 'NONE', ( #4022, #4805, #1274, #933 ) ) ;
#2609 = DIRECTION ( 'NONE',  ( -0.000000000000000000, 1.000000000000000000, -1.016439536705159026E-15 ) ) ;
#2610 = DIRECTION ( 'NONE',  ( 0.000000000000000000, 0.000000000000000000, -1.000000000000000000 ) ) ;
#2612 = EDGE_LOOP ( 'NONE', ( #6358, #8129, #11030, #3398 ) ) ;
#2611 = CARTESIAN_POINT ( 'NONE',  ( 1.920000000000000151, 1.550000000000000044, 1.129999999999999893 ) ) ;
#2613 = DIRECTION ( 'NONE',  ( 0.1378445374916290045, -0.9808148484639889197, 0.1378445374916290045 ) ) ;
#2614 = DIRECTION ( 'NONE',  ( -1.000000000000000000, 0.000000000000000000, 8.537024980200821325E-17 ) ) ;
#2615 = CYLINDRICAL_SURFACE ( 'NONE', #245, 0.04999999999999991257 ) ;
#2616 = AXIS2_PLACEMENT_3D ( 'NONE', #11142, #6064, #9831 ) ;
#2617 = FACE_OUTER_BOUND ( 'NONE', #505, .T. ) ;
#2618 = LINE ( 'NONE', #7390, #6619 ) ;
#2619 = CARTESIAN_POINT ( 'NONE',  ( -3.210000000000000409, 0.000000000000000000, -3.474999999999999645 ) ) ;
#2620 = VERTEX_POINT ( 'NONE', #8629 ) ;
#2621 = ORIENTED_EDGE ( 'NONE', *, *, #410, .F. ) ;
#2622 = DIRECTION ( 'NONE',  ( 0.000000000000000000, 1.000000000000000000, 0.000000000000000000 ) ) ;
#2623 = VERTEX_POINT ( 'NONE', #10661 ) ;
#2624 = VERTEX_POINT ( 'NONE', #159 ) ;
#2625 = AXIS2_PLACEMENT_3D ( 'NONE', #12417, #9696, #9549 ) ;
#2626 = ORIENTED_EDGE ( 'NONE', *, *, #5817, .F. ) ;
#2627 = PRESENTATION_LAYER_ASSIGNMENT (  '', '', ( #2031 ) ) ;
#2628 = LINE ( 'NONE', #1678, #2730 ) ;
#2629 = CARTESIAN_POINT ( 'NONE',  ( -0.2049999999999999878, 0.000000000000000000, 1.000000000000000000 ) ) ;
#2630 = ADVANCED_FACE ( 'NONE', ( #576 ), #1029, .F. ) ;
#2631 = DIRECTION ( 'NONE',  ( -0.000000000000000000, -1.000000000000000000, -0.000000000000000000 ) ) ;
#2632 = CARTESIAN_POINT ( 'NONE',  ( -1.835769684305115002, 1.399999999999999911, -0.1945532402683884943 ) ) ;
#2633 = CARTESIAN_POINT ( 'NONE',  ( 3.409999999999998810, 0.3500000000000000333, -0.08499999999999986733 ) ) ;
#2634 = ADVANCED_FACE ( 'NONE', ( #4817 ), #10592, .T. ) ;
#2635 = CARTESIAN_POINT ( 'NONE',  ( -1.269999999999999352, -3.719604614807106024, 8.890000000000000568 ) ) ;
#2636 = DIRECTION ( 'NONE',  ( 0.000000000000000000, 1.000000000000000000, 0.000000000000000000 ) ) ;
#2637 = CARTESIAN_POINT ( 'NONE',  ( -1.570000000000000062, 0.000000000000000000, -0.03499999999999965639 ) ) ;
#2638 = CARTESIAN_POINT ( 'NONE',  ( -1.814999999999999947, 0.000000000000000000, -1.000000000000000000 ) ) ;
#2639 = CARTESIAN_POINT ( 'NONE',  ( -3.250000000000000000, 1.550000000000000044, 2.149999999999999911 ) ) ;
#2640 = DIRECTION ( 'NONE',  ( 0.000000000000000000, 0.000000000000000000, 1.000000000000000000 ) ) ;
#2641 = ORIENTED_EDGE ( 'NONE', *, *, #1034, .F. ) ;
#2642 = VERTEX_POINT ( 'NONE', #9620 ) ;
#2643 = VECTOR ( 'NONE', #7239, 1000.000000000000000 ) ;
#2644 = ORIENTED_EDGE ( 'NONE', *, *, #8559, .T. ) ;
#2645 = AXIS2_PLACEMENT_3D ( 'NONE', #7800, #1150, #115 ) ;
#2646 = CARTESIAN_POINT ( 'NONE',  ( 5.079999999999999183, -1.570000000000000062, -7.620000000000000107 ) ) ;
#2647 = EDGE_LOOP ( 'NONE', ( #5110, #8851, #10831, #1482, #4542, #4876, #9739, #9467, #9213, #1326, #9389 ) ) ;
#2648 = EDGE_LOOP ( 'NONE', ( #10878, #9474, #5461, #3294 ) ) ;
#2649 = EDGE_CURVE ( 'NONE', #2535, #4782, #9110, .T. ) ;
#2650 = PLANE ( 'NONE',  #7547 ) ;
#2651 = DIRECTION ( 'NONE',  ( 0.000000000000000000, -1.000000000000000000, 0.000000000000000000 ) ) ;
#2652 = LINE ( 'NONE', #6713, #6835 ) ;
#2653 = MECHANICAL_DESIGN_GEOMETRIC_PRESENTATION_REPRESENTATION (  '', ( #4221 ), #10406 ) ;
#2654 = CARTESIAN_POINT ( 'NONE',  ( 3.010000000000000675, 0.000000000000000000, -2.774999999999997247 ) ) ;
#2655 = LINE ( 'NONE', #11790, #2695 ) ;
#2656 = EDGE_CURVE ( 'NONE', #2941, #6381, #8997, .T. ) ;
#2657 = VECTOR ( 'NONE', #1680, 1000.000000000000000 ) ;
#2658 = FILL_AREA_STYLE_COLOUR ( '', #3917 ) ;
#2659 = ADVANCED_FACE ( 'NONE', ( #749 ), #541, .F. ) ;
#2660 = ORIENTED_EDGE ( 'NONE', *, *, #1317, .T. ) ;
#2661 = DIRECTION ( 'NONE',  ( -1.000000000000000000, 0.000000000000000000, 3.491481338843133355E-15 ) ) ;
#2662 = CARTESIAN_POINT ( 'NONE',  ( -0.2049999999999999878, 0.000000000000000000, -0.4000000000000000222 ) ) ;
#2663 = CARTESIAN_POINT ( 'NONE',  ( -1.801295078443829967, 1.471384778882143918, 0.1865515845426695130 ) ) ;
#2664 = DIRECTION ( 'NONE',  ( 0.000000000000000000, 0.000000000000000000, 1.000000000000000000 ) ) ;
#2665 = CIRCLE ( 'NONE', #8973, 0.3500000000000000333 ) ;
#2666 = VECTOR ( 'NONE', #11615, 1000.000000000000000 ) ;
#2667 = ORIENTED_EDGE ( 'NONE', *, *, #9612, .T. ) ;
#2668 = ORIENTED_EDGE ( 'NONE', *, *, #6641, .F. ) ;
#2669 = ORIENTED_EDGE ( 'NONE', *, *, #9903, .F. ) ;
#2670 = FACE_OUTER_BOUND ( 'NONE', #250, .T. ) ;
#2671 = VECTOR ( 'NONE', #9555, 1000.000000000000000 ) ;
#2672 = CARTESIAN_POINT ( 'NONE',  ( -5.714999999999998970, -1.519903165712366722, 0.09439999999999956759 ) ) ;
#2673 = DIRECTION ( 'NONE',  ( 1.000000000000000000, 0.000000000000000000, 0.000000000000000000 ) ) ;
#2674 = EDGE_CURVE ( 'NONE', #12245, #3411, #4956, .T. ) ;
#2675 = VECTOR ( 'NONE', #2921, 1000.000000000000000 ) ;
#2676 = ORIENTED_EDGE ( 'NONE', *, *, #2920, .T. ) ;
#2677 = EDGE_LOOP ( 'NONE', ( #2104, #3375, #3813, #11928 ) ) ;
#2678 = FACE_OUTER_BOUND ( 'NONE', #2288, .T. ) ;
#2679 = EDGE_LOOP ( 'NONE', ( #6622, #9664, #12111, #9553 ) ) ;
#2680 = CARTESIAN_POINT ( 'NONE',  ( 0.4398837366478682287, 0.3099999999999999978, 0.1250000000000003331 ) ) ;
#2681 = EDGE_CURVE ( 'NONE', #1506, #12004, #4530, .T. ) ;
#2682 = CARTESIAN_POINT ( 'NONE',  ( -6.984999999999999432, 0.000000000000000000, 0.09439999999999945657 ) ) ;
#2683 = CARTESIAN_POINT ( 'NONE',  ( -1.269999999999999352, 0.000000000000000000, 8.890000000000000568 ) ) ;
#2684 = ORIENTED_EDGE ( 'NONE', *, *, #5731, .T. ) ;
#2685 = CARTESIAN_POINT ( 'NONE',  ( -0.8050000000000000488, 0.000000000000000000, -1.000000000000000000 ) ) ;
#2686 = CARTESIAN_POINT ( 'NONE',  ( -1.570000000000000062, 0.000000000000000000, -0.2850000000000003642 ) ) ;
#2687 = VERTEX_POINT ( 'NONE', #1646 ) ;
#2688 = CARTESIAN_POINT ( 'NONE',  ( 4.209999999999999076, 0.000000000000000000, -2.168404344971008868E-16 ) ) ;
#2689 = CARTESIAN_POINT ( 'NONE',  ( 3.050000000000000711, 0.3099999999999999978, -2.774999999999997247 ) ) ;
#2690 = LINE ( 'NONE', #2262, #6899 ) ;
#2691 =( GEOMETRIC_REPRESENTATION_CONTEXT ( 3 ) GLOBAL_UNCERTAINTY_ASSIGNED_CONTEXT ( ( #9264 ) ) GLOBAL_UNIT_ASSIGNED_CONTEXT ( ( #10689, #11673, #106 ) ) REPRESENTATION_CONTEXT ( 'NONE', 'WORKASPACE' ) );
#2692 = LINE ( 'NONE', #6749, #2849 ) ;
#2693 = DIRECTION ( 'NONE',  ( 0.000000000000000000, 1.000000000000000000, 0.000000000000000000 ) ) ;
#2694 = DIRECTION ( 'NONE',  ( -1.000000000000000000, 0.000000000000000000, 0.000000000000000000 ) ) ;
#2695 = VECTOR ( 'NONE', #9966, 1000.000000000000000 ) ;
#2696 = CARTESIAN_POINT ( 'NONE',  ( -0.7449999999999999956, 1.399999999999999911, -1.180000000000000160 ) ) ;
#2697 = FACE_OUTER_BOUND ( 'NONE', #12575, .T. ) ;
#2698 = CIRCLE ( 'NONE', #10842, 0.05000000000000012768 ) ;
#2699 = PLANE ( 'NONE',  #5267 ) ;
#2700 = ORIENTED_EDGE ( 'NONE', *, *, #1317, .F. ) ;
#2701 = VECTOR ( 'NONE', #6210, 1000.000000000000000 ) ;
#2702 = AXIS2_PLACEMENT_3D ( 'NONE', #7607, #1866, #8843 ) ;
#2703 = CARTESIAN_POINT ( 'NONE',  ( 4.570000000000002061, 0.3099999999999999978, -2.344883736647871419 ) ) ;
#2704 = EDGE_LOOP ( 'NONE', ( #1619, #129, #5644, #9027 ) ) ;
#2705 = VERTEX_POINT ( 'NONE', #10232 ) ;
#2706 = AXIS2_PLACEMENT_3D ( 'NONE', #1894, #6890, #7055 ) ;
#2707 = EDGE_LOOP ( 'NONE', ( #6362, #6289, #7584, #1177 ) ) ;
#2708 = FACE_OUTER_BOUND ( 'NONE', #9769, .T. ) ;
#2709 = EDGE_CURVE ( 'NONE', #4346, #2862, #5488, .T. ) ;
#2710 = AXIS2_PLACEMENT_3D ( 'NONE', #11150, #7169, #7086 ) ;
#2711 = CARTESIAN_POINT ( 'NONE',  ( 1.669999999999999929, 0.03999999999999999389, -1.184999999999999831 ) ) ;
#2712 = DIRECTION ( 'NONE',  ( 0.000000000000000000, 0.000000000000000000, 1.000000000000000000 ) ) ;
#2713 = CARTESIAN_POINT ( 'NONE',  ( -0.6949999999999999512, 1.550000000000000044, -1.129999999999999893 ) ) ;
#2714 = DIRECTION ( 'NONE',  ( 0.000000000000000000, -1.000000000000000000, 0.000000000000000000 ) ) ;
#2715 = DIRECTION ( 'NONE',  ( -0.000000000000000000, 1.000000000000000000, -0.000000000000000000 ) ) ;
#2716 = VECTOR ( 'NONE', #10047, 1000.000000000000000 ) ;
#2717 = CARTESIAN_POINT ( 'NONE',  ( -5.714999999999998970, -0.1000000000000000472, -0.7293999999999989381 ) ) ;
#2718 = ORIENTED_EDGE ( 'NONE', *, *, #7923, .F. ) ;
#2719 = ORIENTED_EDGE ( 'NONE', *, *, #4216, .T. ) ;
#2720 = EDGE_CURVE ( 'NONE', #6342, #4346, #1517, .T. ) ;
#2721 = EDGE_LOOP ( 'NONE', ( #3124, #12136, #7219, #1787, #1656, #3211, #7549, #1495 ) ) ;
#2722 = FACE_OUTER_BOUND ( 'NONE', #7205, .T. ) ;
#2723 = VERTEX_POINT ( 'NONE', #456 ) ;
#2724 = CARTESIAN_POINT ( 'NONE',  ( -6.984999999999999432, -0.1000000000000000056, -0.7293999999999991601 ) ) ;
#2725 = EDGE_LOOP ( 'NONE', ( #4679, #11529, #12019, #8526 ) ) ;
#2726 = EDGE_CURVE ( 'NONE', #11523, #6067, #5504, .T. ) ;
#2727 = ORIENTED_EDGE ( 'NONE', *, *, #12348, .T. ) ;
#2728 = FILL_AREA_STYLE ('',( #8670 ) ) ;
#2729 = DIRECTION ( 'NONE',  ( 1.000000000000000000, 0.000000000000000000, 0.000000000000000000 ) ) ;
#2730 = VECTOR ( 'NONE', #10349, 1000.000000000000000 ) ;
#2731 = EDGE_CURVE ( 'NONE', #10428, #10116, #1448, .T. ) ;
#2732 = ADVANCED_FACE ( 'NONE', ( #1005 ), #11232, .F. ) ;
#2733 = ADVANCED_FACE ( 'NONE', ( #9711, #1322 ), #12273, .T. ) ;
#2734 = EDGE_CURVE ( 'NONE', #6687, #587, #1397, .T. ) ;
#2735 = FACE_OUTER_BOUND ( 'NONE', #4628, .T. ) ;
#2736 = CARTESIAN_POINT ( 'NONE',  ( -5.714999999999998970, -0.1000000000000000056, -0.5406000000000004135 ) ) ;
#2737 = ORIENTED_EDGE ( 'NONE', *, *, #11693, .T. ) ;
#2738 = ORIENTED_EDGE ( 'NONE', *, *, #9338, .F. ) ;
#2739 = DIRECTION ( 'NONE',  ( 1.000000000000000000, 0.000000000000000000, 1.707404996040164018E-16 ) ) ;
#2740 =( NAMED_UNIT ( * ) PLANE_ANGLE_UNIT ( ) SI_UNIT ( $, .RADIAN. ) );
#2741 = ORIENTED_EDGE ( 'NONE', *, *, #1456, .F. ) ;
#2742 = SURFACE_SIDE_STYLE ('',( #5632 ) ) ;
#2743 = DIRECTION ( 'NONE',  ( 0.000000000000000000, 1.000000000000000000, 0.000000000000000000 ) ) ;
#2744 = DIRECTION ( 'NONE',  ( -8.537024980200820092E-17, 0.000000000000000000, 1.000000000000000000 ) ) ;
#2745 = DIRECTION ( 'NONE',  ( 0.000000000000000000, 0.000000000000000000, -1.000000000000000000 ) ) ;
#2746 = VERTEX_POINT ( 'NONE', #8391 ) ;
#2747 = LINE ( 'NONE', #6804, #7423 ) ;
#2748 = ORIENTED_EDGE ( 'NONE', *, *, #1180, .F. ) ;
#2749 = EDGE_CURVE ( 'NONE', #4204, #6067, #5425, .T. ) ;
#2750 = ORIENTED_EDGE ( 'NONE', *, *, #751, .T. ) ;
#2751 = ORIENTED_EDGE ( 'NONE', *, *, #2212, .T. ) ;
#2752 = LINE ( 'NONE', #9807, #6857 ) ;
#2753 = DIRECTION ( 'NONE',  ( 0.000000000000000000, 1.000000000000000000, 0.000000000000000000 ) ) ;
#2754 = AXIS2_PLACEMENT_3D ( 'NONE', #7565, #3704, #5847 ) ;
#2755 = CIRCLE ( 'NONE', #7411, 0.5500000000000000444 ) ;
#2756 = VECTOR ( 'NONE', #8627, 1000.000000000000000 ) ;
#2757 = ADVANCED_FACE ( 'NONE', ( #9798 ), #6446, .F. ) ;
#2758 = ORIENTED_EDGE ( 'NONE', *, *, #7577, .T. ) ;
#2759 = ORIENTED_EDGE ( 'NONE', *, *, #1465, .F. ) ;
#2760 = VERTEX_POINT ( 'NONE', #5432 ) ;
#2761 = LINE ( 'NONE', #6290, #2643 ) ;
#2762 = ORIENTED_EDGE ( 'NONE', *, *, #1955, .T. ) ;
#2763 = CARTESIAN_POINT ( 'NONE',  ( 4.209999999999999076, 0.3099999999999999978, 0.1250000000000001110 ) ) ;
#2764 = PLANE ( 'NONE',  #819 ) ;
#2765 = DIRECTION ( 'NONE',  ( 0.000000000000000000, 0.000000000000000000, 1.000000000000000000 ) ) ;
#2766 = ORIENTED_EDGE ( 'NONE', *, *, #1338, .F. ) ;
#2767 = DIRECTION ( 'NONE',  ( 0.000000000000000000, 0.000000000000000000, -1.000000000000000000 ) ) ;
#2768 = FILL_AREA_STYLE ('',( #12416 ) ) ;
#2770 = ORIENTED_EDGE ( 'NONE', *, *, #9765, .F. ) ;
#2769 = DIRECTION ( 'NONE',  ( -1.000000000000000000, 0.000000000000000000, -1.707404996040164018E-16 ) ) ;
#2771 = DIRECTION ( 'NONE',  ( 0.000000000000000000, 0.000000000000000000, -1.000000000000000000 ) ) ;
#2772 = PLANE ( 'NONE',  #1213 ) ;
#2773 = UNCERTAINTY_MEASURE_WITH_UNIT (LENGTH_MEASURE( 1.000000000000000082E-05 ), #330, 'distance_accuracy_value', 'NONE');
#2774 = FACE_OUTER_BOUND ( 'NONE', #3766, .T. ) ;
#2775 = CARTESIAN_POINT ( 'NONE',  ( 4.360000000000001208, 0.3500000000000000333, -2.775000000000001688 ) ) ;
#2776 = CARTESIAN_POINT ( 'NONE',  ( 0.000000000000000000, 0.1000000000000000056, 0.000000000000000000 ) ) ;
#2777 = CARTESIAN_POINT ( 'NONE',  ( 1.750000000000000000, 0.2999999999999999889, -1.750000000000000000 ) ) ;
#2778 = CIRCLE ( 'NONE', #10467, 0.4000000000000001887 ) ;
#2779 = AXIS2_PLACEMENT_3D ( 'NONE', #10591, #7567, #5630 ) ;
#2780 = SURFACE_STYLE_FILL_AREA ( #2768 ) ;
#2781 = PRESENTATION_LAYER_ASSIGNMENT (  '', '', ( #6559 ) ) ;
#2782 = PLANE ( 'NONE',  #10750 ) ;
#2783 = ORIENTED_EDGE ( 'NONE', *, *, #8431, .F. ) ;
#2784 = ORIENTED_EDGE ( 'NONE', *, *, #1719, .F. ) ;
#2785 = ORIENTED_EDGE ( 'NONE', *, *, #2709, .T. ) ;
#2786 = DIRECTION ( 'NONE',  ( 0.000000000000000000, 1.000000000000000000, 0.000000000000000000 ) ) ;
#2787 = VERTEX_POINT ( 'NONE', #10392 ) ;
#2788 = EDGE_LOOP ( 'NONE', ( #4558, #4155, #4899, #3191 ) ) ;
#2789 = VERTEX_POINT ( 'NONE', #6291 ) ;
#2790 = AXIS2_PLACEMENT_3D ( 'NONE', #5265, #4148, #5177 ) ;
#2791 = VECTOR ( 'NONE', #5558, 1000.000000000000000 ) ;
#2792 = CIRCLE ( 'NONE', #358, 0.09999999999999982514 ) ;
#2793 = CARTESIAN_POINT ( 'NONE',  ( 1.669999999999999929, 0.04000000000000000083, -1.394999999999999574 ) ) ;
#2794 = DIRECTION ( 'NONE',  ( 0.000000000000000000, 0.000000000000000000, 1.000000000000000000 ) ) ;
#2795 = DIRECTION ( 'NONE',  ( -1.707404996040164018E-16, 0.000000000000000000, 1.000000000000000000 ) ) ;
#2796 = CARTESIAN_POINT ( 'NONE',  ( -1.570000000000000062, 0.5000000000000000000, -0.03499999999999965639 ) ) ;
#2797 = EDGE_CURVE ( 'NONE', #10183, #3144, #1554, .T. ) ;
#2798 = FILL_AREA_STYLE_COLOUR ( '', #8836 ) ;
#2799 = ORIENTED_EDGE ( 'NONE', *, *, #11773, .F. ) ;
#2800 = EDGE_LOOP ( 'NONE', ( #422, #12595 ) ) ;
#2801 = ORIENTED_EDGE ( 'NONE', *, *, #3041, .F. ) ;
#2802 = AXIS2_PLACEMENT_3D ( 'NONE', #6761, #1353, #5283 ) ;
#2803 = EDGE_LOOP ( 'NONE', ( #3727, #11949, #8759, #9683 ) ) ;
#2804 = CARTESIAN_POINT ( 'NONE',  ( 3.350000000000000089, 1.149999999999999911, 1.199999999999999956 ) ) ;
#2805 = ADVANCED_FACE ( 'NONE', ( #9690 ), #799, .F. ) ;
#2806 = VERTEX_POINT ( 'NONE', #4047 ) ;
#2807 = EDGE_CURVE ( 'NONE', #713, #12094, #5547, .T. ) ;
#2808 = VERTEX_POINT ( 'NONE', #4501 ) ;
#2809 = CARTESIAN_POINT ( 'NONE',  ( 6.985000000000000320, -0.1000000000000000056, -0.9524999999999996803 ) ) ;
#2810 = VECTOR ( 'NONE', #12476, 1000.000000000000000 ) ;
#2811 = CARTESIAN_POINT ( 'NONE',  ( -4.159999999999998366, 0.000000000000000000, -2.875000000000000000 ) ) ;
#2812 = SURFACE_STYLE_USAGE ( .BOTH. , #8678 ) ;
#2813 = EDGE_LOOP ( 'NONE', ( #315, #2997, #9091, #7655 ) ) ;
#2814 = CARTESIAN_POINT ( 'NONE',  ( 5.714999999999999858, -0.1000000000000000056, -0.3174999999999998934 ) ) ;
#2815 = DIRECTION ( 'NONE',  ( 1.000000000000000000, -0.000000000000000000, 0.000000000000000000 ) ) ;
#2816 = ORIENTED_EDGE ( 'NONE', *, *, #6105, .T. ) ;
#2817 = CARTESIAN_POINT ( 'NONE',  ( -3.250000000000000000, 1.550000000000000044, -1.199999999999999956 ) ) ;
#2818 = CARTESIAN_POINT ( 'NONE',  ( -6.984999999999999432, -0.1000000000000000056, 0.09439999999999945657 ) ) ;
#2819 = DIRECTION ( 'NONE',  ( 0.000000000000000000, 1.000000000000000000, -0.000000000000000000 ) ) ;
#2820 = ORIENTED_EDGE ( 'NONE', *, *, #11504, .F. ) ;
#2821 = VECTOR ( 'NONE', #2715, 1000.000000000000000 ) ;
#2822 = ORIENTED_EDGE ( 'NONE', *, *, #11681, .F. ) ;
#2823 = ORIENTED_EDGE ( 'NONE', *, *, #8926, .F. ) ;
#2824 = ORIENTED_EDGE ( 'NONE', *, *, #6505, .T. ) ;
#2825 = DIRECTION ( 'NONE',  ( 0.000000000000000000, 1.000000000000000000, 0.000000000000000000 ) ) ;
#2826 = ADVANCED_FACE ( 'NONE', ( #9748 ), #10769, .T. ) ;
#2827 = DIRECTION ( 'NONE',  ( 1.000000000000000000, 0.000000000000000000, -1.100712865467515846E-16 ) ) ;
#2828 = ADVANCED_FACE ( 'NONE', ( #9730 ), #4683, .F. ) ;
#2829 = DIRECTION ( 'NONE',  ( 0.000000000000000000, -1.000000000000000000, 0.000000000000000000 ) ) ;
#2830 = AXIS2_PLACEMENT_3D ( 'NONE', #3825, #11415, #12456 ) ;
#2831 = LINE ( 'NONE', #11190, #7034 ) ;
#2832 = VERTEX_POINT ( 'NONE', #12455 ) ;
#2833 = ORIENTED_EDGE ( 'NONE', *, *, #7705, .T. ) ;
#2834 = AXIS2_PLACEMENT_3D ( 'NONE', #10999, #10026, #7191 ) ;
#2835 = LINE ( 'NONE', #10145, #10908 ) ;
#2836 = LINE ( 'NONE', #3471, #7038 ) ;
#2837 = ORIENTED_EDGE ( 'NONE', *, *, #30, .F. ) ;
#2838 = CARTESIAN_POINT ( 'NONE',  ( -1.750000000000000000, 0.2999999999999999889, 1.750000000000000000 ) ) ;
#2839 =( NAMED_UNIT ( * ) SI_UNIT ( $, .STERADIAN. ) SOLID_ANGLE_UNIT ( ) );
#2840 = VERTEX_POINT ( 'NONE', #10464 ) ;
#2841 = DIRECTION ( 'NONE',  ( 0.000000000000000000, -0.000000000000000000, -1.000000000000000000 ) ) ;
#2842 = CARTESIAN_POINT ( 'NONE',  ( 4.209999999999999076, 0.3099999999999999978, -1.394999999999999796 ) ) ;
#2843 = CARTESIAN_POINT ( 'NONE',  ( 1.669999999999999929, 0.000000000000000000, -1.434999999999999609 ) ) ;
#2844 = ORIENTED_EDGE ( 'NONE', *, *, #3532, .F. ) ;
#2845 = CARTESIAN_POINT ( 'NONE',  ( -0.7449999999999999956, 1.399999999999999911, 1.180000000000000160 ) ) ;
#2846 = CARTESIAN_POINT ( 'NONE',  ( 0.8050000000000000488, 0.1000000000000000056, -0.4000000000000000222 ) ) ;
#2847 = FACE_OUTER_BOUND ( 'NONE', #508, .T. ) ;
#2848 = EDGE_CURVE ( 'NONE', #12334, #11502, #8522, .T. ) ;
#2849 = VECTOR ( 'NONE', #9850, 1000.000000000000000 ) ;
#2850 = AXIS2_PLACEMENT_3D ( 'NONE', #5905, #1172, #7823 ) ;
#2851 = DIRECTION ( 'NONE',  ( 0.000000000000000000, -1.000000000000000000, 0.000000000000000000 ) ) ;
#2852 = EDGE_CURVE ( 'NONE', #4251, #3659, #179, .T. ) ;
#2853 = AXIS2_PLACEMENT_3D ( 'NONE', #6097, #10255, #4083 ) ;
#2854 = CARTESIAN_POINT ( 'NONE',  ( 0.000000000000000000, -0.1000000000000000056, 0.000000000000000000 ) ) ;
#2855 = LINE ( 'NONE', #10125, #11188 ) ;
#2856 = PLANE ( 'NONE',  #7156 ) ;
#2857 = VERTEX_POINT ( 'NONE', #3651 ) ;
#2858 = ORIENTED_EDGE ( 'NONE', *, *, #4216, .F. ) ;
#2859 = VECTOR ( 'NONE', #3738, 1000.000000000000000 ) ;
#2860 = CARTESIAN_POINT ( 'NONE',  ( -0.7449999999999999956, 1.399999999999999911, 1.180000000000000160 ) ) ;
#2861 = ORIENTED_EDGE ( 'NONE', *, *, #754, .F. ) ;
#2862 = VERTEX_POINT ( 'NONE', #11582 ) ;
#2863 = ORIENTED_EDGE ( 'NONE', *, *, #391, .T. ) ;
#2864 = CYLINDRICAL_SURFACE ( 'NONE', #10511, 0.7600000000000002309 ) ;
#2865 = DIRECTION ( 'NONE',  ( 0.000000000000000000, -0.000000000000000000, -1.000000000000000000 ) ) ;
#2866 = DIRECTION ( 'NONE',  ( 1.000000000000000000, 0.000000000000000000, 0.000000000000000000 ) ) ;
#2867 = CARTESIAN_POINT ( 'NONE',  ( -5.714999999999998970, -1.519903165712366722, -0.5406000000000004135 ) ) ;
#2868 = CARTESIAN_POINT ( 'NONE',  ( -1.214999999999999858, 0.1000000000000000056, 0.4000000000000000222 ) ) ;
#2869 = CARTESIAN_POINT ( 'NONE',  ( 1.669999999999999929, 0.3500000000000000333, -0.08499999999999965916 ) ) ;
#2870 = DIRECTION ( 'NONE',  ( 1.000000000000000000, 0.000000000000000000, 0.000000000000000000 ) ) ;
#2871 = EDGE_CURVE ( 'NONE', #877, #3853, #9144, .T. ) ;
#2872 = ORIENTED_EDGE ( 'NONE', *, *, #8440, .T. ) ;
#2873 = EDGE_CURVE ( 'NONE', #2913, #1834, #4350, .T. ) ;
#2874 = EDGE_LOOP ( 'NONE', ( #3964, #7790, #3598, #2510 ) ) ;
#2875 = EDGE_CURVE ( 'NONE', #847, #1834, #8676, .T. ) ;
#2876 = LINE ( 'NONE', #3768, #11356 ) ;
#2877 = VECTOR ( 'NONE', #11413, 1000.000000000000000 ) ;
#2878 = VERTEX_POINT ( 'NONE', #9578 ) ;
#2879 = EDGE_CURVE ( 'NONE', #6590, #5724, #8503, .T. ) ;
#2880 = AXIS2_PLACEMENT_3D ( 'NONE', #1711, #3556, #3736 ) ;
#2881 = CARTESIAN_POINT ( 'NONE',  ( 4.209999999999999076, 0.3099999999999999978, -0.08499999999999982569 ) ) ;
#2882 = ORIENTED_EDGE ( 'NONE', *, *, #12045, .T. ) ;
#2883 = ORIENTED_EDGE ( 'NONE', *, *, #6533, .T. ) ;
#2884 = DIRECTION ( 'NONE',  ( 0.000000000000000000, -1.000000000000000000, 0.000000000000000000 ) ) ;
#2885 = LINE ( 'NONE', #7123, #6942 ) ;
#2886 = VECTOR ( 'NONE', #5580, 1000.000000000000000 ) ;
#2887 =( LENGTH_UNIT ( ) NAMED_UNIT ( * ) SI_UNIT ( .MILLI., .METRE. ) );
#2888 = ORIENTED_EDGE ( 'NONE', *, *, #8009, .T. ) ;
#2889 = PLANE ( 'NONE',  #9252 ) ;
#2890 = CARTESIAN_POINT ( 'NONE',  ( 5.714999999999999858, -1.519903165712366722, -1.765299999999999203 ) ) ;
#2891 = VERTEX_POINT ( 'NONE', #1715 ) ;
#2892 =( NAMED_UNIT ( * ) PLANE_ANGLE_UNIT ( ) SI_UNIT ( $, .RADIAN. ) );
#2893 = DIRECTION ( 'NONE',  ( 0.000000000000000000, 0.000000000000000000, 1.000000000000000000 ) ) ;
#2894 = LINE ( 'NONE', #4114, #11526 ) ;
#2895 = EDGE_CURVE ( 'NONE', #3942, #5403, #232, .T. ) ;
#2896 = VECTOR ( 'NONE', #2827, 1000.000000000000000 ) ;
#2897 = EDGE_LOOP ( 'NONE', ( #2095, #1013, #2766, #2412 ) ) ;
#2898 = ADVANCED_FACE ( 'NONE', ( #4277 ), #6773, .T. ) ;
#2899 = VERTEX_POINT ( 'NONE', #8570 ) ;
#2900 = ORIENTED_EDGE ( 'NONE', *, *, #4479, .F. ) ;
#2901 = STYLED_ITEM ( 'NONE', ( #10538 ), #10390 ) ;
#2902 =( GEOMETRIC_REPRESENTATION_CONTEXT ( 3 ) GLOBAL_UNCERTAINTY_ASSIGNED_CONTEXT ( ( #10849 ) ) GLOBAL_UNIT_ASSIGNED_CONTEXT ( ( #509, #1458, #4372 ) ) REPRESENTATION_CONTEXT ( 'NONE', 'WORKASPACE' ) );
#2903 = LINE ( 'NONE', #11514, #11036 ) ;
#2904 = CARTESIAN_POINT ( 'NONE',  ( 0.2049999999999999878, 0.000000000000000000, 1.000000000000000000 ) ) ;
#2905 = VERTEX_POINT ( 'NONE', #10690 ) ;
#2906 = UNCERTAINTY_MEASURE_WITH_UNIT (LENGTH_MEASURE( 1.000000000000000082E-05 ), #12390, 'distance_accuracy_value', 'NONE');
#2907 = STYLED_ITEM ( 'NONE', ( #6200 ), #7856 ) ;
#2908 = ORIENTED_EDGE ( 'NONE', *, *, #4748, .F. ) ;
#2909 = EDGE_LOOP ( 'NONE', ( #1183, #8232, #6457, #5351 ) ) ;
#2910 = UNCERTAINTY_MEASURE_WITH_UNIT (LENGTH_MEASURE( 1.000000000000000082E-05 ), #2266, 'distance_accuracy_value', 'NONE');
#2911 = VECTOR ( 'NONE', #1001, 1000.000000000000000 ) ;
#2912 = VECTOR ( 'NONE', #1691, 1000.000000000000000 ) ;
#2913 = VERTEX_POINT ( 'NONE', #9654 ) ;
#2914 = DIRECTION ( 'NONE',  ( -1.000000000000000000, 0.000000000000000000, -1.707404996040164018E-16 ) ) ;
#2915 = AXIS2_PLACEMENT_3D ( 'NONE', #9164, #2480, #3482 ) ;
#2916 = DIRECTION ( 'NONE',  ( 0.000000000000000000, 0.000000000000000000, 1.000000000000000000 ) ) ;
#2917 = PLANE ( 'NONE',  #10884 ) ;
#2918 =( LENGTH_UNIT ( ) NAMED_UNIT ( * ) SI_UNIT ( .MILLI., .METRE. ) );
#2919 = EDGE_LOOP ( 'NONE', ( #1673, #3145, #11420, #7545 ) ) ;
#2920 = EDGE_CURVE ( 'NONE', #8467, #7448, #4098, .T. ) ;
#2921 = DIRECTION ( 'NONE',  ( 0.000000000000000000, 1.000000000000000000, 0.000000000000000000 ) ) ;
#2922 = ORIENTED_EDGE ( 'NONE', *, *, #11121, .T. ) ;
#2923 = CARTESIAN_POINT ( 'NONE',  ( 3.649999999999999911, 1.550000000000000044, 2.149999999999999911 ) ) ;
#2924 = CARTESIAN_POINT ( 'NONE',  ( 6.350000000000001421, 0.000000000000000000, 8.890000000000000568 ) ) ;
#2925 = PRESENTATION_LAYER_ASSIGNMENT (  '', '', ( #5751 ) ) ;
#2926 = VECTOR ( 'NONE', #11958, 1000.000000000000000 ) ;
#2927 = MECHANICAL_DESIGN_GEOMETRIC_PRESENTATION_REPRESENTATION (  '', ( #1912 ), #4190 ) ;
#2928 = CARTESIAN_POINT ( 'NONE',  ( 0.000000000000000000, -0.1000000000000000056, 0.000000000000000000 ) ) ;
#2929 = ADVANCED_FACE ( 'NONE', ( #4215 ), #6694, .F. ) ;
#2930 = DIRECTION ( 'NONE',  ( 0.000000000000000000, 1.000000000000000000, 0.000000000000000000 ) ) ;
#2931 = FACE_OUTER_BOUND ( 'NONE', #8531, .T. ) ;
#2932 = VECTOR ( 'NONE', #8894, 1000.000000000000000 ) ;
#2933 = DIRECTION ( 'NONE',  ( 1.000000000000000000, -0.000000000000000000, -0.000000000000000000 ) ) ;
#2934 = ORIENTED_EDGE ( 'NONE', *, *, #9816, .F. ) ;
#2935 = STYLED_ITEM ( 'NONE', ( #8371 ), #7622 ) ;
#2936 = CLOSED_SHELL ( 'NONE', ( #11001, #2500, #7880, #11690, #407, #11881, #6586, #8155, #7850, #12331 ) ) ;
#2937 = ORIENTED_EDGE ( 'NONE', *, *, #2410, .T. ) ;
#2938 = VECTOR ( 'NONE', #10280, 1000.000000000000000 ) ;
#2939 = LINE ( 'NONE', #5493, #11596 ) ;
#2940 = PLANE ( 'NONE',  #4862 ) ;
#2941 = VERTEX_POINT ( 'NONE', #2717 ) ;
#2942 = VERTEX_POINT ( 'NONE', #12548 ) ;
#2943 = ORIENTED_EDGE ( 'NONE', *, *, #7192, .T. ) ;
#2944 = LINE ( 'NONE', #8414, #2989 ) ;
#2945 = CIRCLE ( 'NONE', #6785, 0.5100000000000000089 ) ;
#2946 = DIRECTION ( 'NONE',  ( 0.000000000000000000, 0.000000000000000000, 1.000000000000000000 ) ) ;
#2947 = CARTESIAN_POINT ( 'NONE',  ( 2.979883736647867654, 0.3500000000000000333, -0.08499999999999986733 ) ) ;
#2948 =( NAMED_UNIT ( * ) SI_UNIT ( $, .STERADIAN. ) SOLID_ANGLE_UNIT ( ) );
#2949 = AXIS2_PLACEMENT_3D ( 'NONE', #9569, #3550, #5729 ) ;
#2950 = PLANE ( 'NONE',  #8933 ) ;
#2951 = LINE ( 'NONE', #4851, #2971 ) ;
#2952 = DIRECTION ( 'NONE',  ( 1.000000000000000000, 0.000000000000000000, 0.000000000000000000 ) ) ;
#2953 = CARTESIAN_POINT ( 'NONE',  ( -0.9157106781186543643, 1.550000000000000488, -1.159289321881344037 ) ) ;
#2954 = DIRECTION ( 'NONE',  ( 0.000000000000000000, 0.000000000000000000, -1.000000000000000000 ) ) ;
#2955 = EDGE_CURVE ( 'NONE', #3274, #3200, #92, .T. ) ;
#2956 = VECTOR ( 'NONE', #1262, 1000.000000000000000 ) ;
#2957 = CARTESIAN_POINT ( 'NONE',  ( -0.7242893218813449829, 1.550000000000000488, -1.159289321881344037 ) ) ;
#2958 = VERTEX_POINT ( 'NONE', #3739 ) ;
#2959 = VERTEX_POINT ( 'NONE', #6854 ) ;
#2960 = ORIENTED_EDGE ( 'NONE', *, *, #4147, .F. ) ;
#2961 = LINE ( 'NONE', #9674, #3213 ) ;
#2962 = VECTOR ( 'NONE', #9397, 1000.000000000000000 ) ;
#2963 = EDGE_LOOP ( 'NONE', ( #1992, #1966, #6333, #7037 ) ) ;
#2964 = EDGE_CURVE ( 'NONE', #7921, #419, #4438, .T. ) ;
#2965 = CARTESIAN_POINT ( 'NONE',  ( 3.409999999999998810, 0.3500000000000000333, -0.08499999999999986733 ) ) ;
#2966 = ORIENTED_EDGE ( 'NONE', *, *, #10887, .F. ) ;
#2967 = ORIENTED_EDGE ( 'NONE', *, *, #860, .T. ) ;
#2968 = DIRECTION ( 'NONE',  ( 0.000000000000000000, 0.000000000000000000, -1.000000000000000000 ) ) ;
#2969 = LINE ( 'NONE', #2108, #7087 ) ;
#2970 = CARTESIAN_POINT ( 'NONE',  ( -6.984999999999999432, -0.1000000000000000056, -0.5406000000000005246 ) ) ;
#2971 = VECTOR ( 'NONE', #3901, 1000.000000000000000 ) ;
#2972 = LINE ( 'NONE', #2215, #11394 ) ;
#2973 = DIRECTION ( 'NONE',  ( -0.000000000000000000, 1.000000000000000000, -0.000000000000000000 ) ) ;
#2974 = ORIENTED_EDGE ( 'NONE', *, *, #1769, .T. ) ;
#2975 = CARTESIAN_POINT ( 'NONE',  ( 3.409999999999998810, 0.04000000000000000083, -1.394999999999999796 ) ) ;
#2976 = EDGE_LOOP ( 'NONE', ( #11089, #8738, #8991, #1728 ) ) ;
#2977 = ORIENTED_EDGE ( 'NONE', *, *, #684, .F. ) ;
#2978 = SURFACE_STYLE_USAGE ( .BOTH. , #8862 ) ;
#2979 = EDGE_CURVE ( 'NONE', #9544, #2189, #4188, .T. ) ;
#2980 = CARTESIAN_POINT ( 'NONE',  ( 5.079999999999999183, -1.570000000000000062, -5.969999999999999751 ) ) ;
#2981 =( NAMED_UNIT ( * ) SI_UNIT ( $, .STERADIAN. ) SOLID_ANGLE_UNIT ( ) );
#2982 = VECTOR ( 'NONE', #10719, 1000.000000000000000 ) ;
#2983 = DIRECTION ( 'NONE',  ( 0.000000000000000000, 0.000000000000000000, -1.000000000000000000 ) ) ;
#2984 = ORIENTED_EDGE ( 'NONE', *, *, #3336, .F. ) ;
#2985 = EDGE_LOOP ( 'NONE', ( #8709, #4462, #183, #1893 ) ) ;
#2986 = MECHANICAL_DESIGN_GEOMETRIC_PRESENTATION_REPRESENTATION (  '', ( #11656 ), #5387 ) ;
#2987 = ORIENTED_EDGE ( 'NONE', *, *, #7662, .T. ) ;
#2988 = DIRECTION ( 'NONE',  ( 0.000000000000000000, 0.000000000000000000, 1.000000000000000000 ) ) ;
#2989 = VECTOR ( 'NONE', #9438, 1000.000000000000000 ) ;
#2990 = EDGE_CURVE ( 'NONE', #1044, #5759, #8563, .T. ) ;
#2991 = DIRECTION ( 'NONE',  ( 0.000000000000000000, 0.000000000000000000, -1.000000000000000000 ) ) ;
#2992 = AXIS2_PLACEMENT_3D ( 'NONE', #1202, #8819, #7681 ) ;
#2993 = DIRECTION ( 'NONE',  ( 0.000000000000000000, 0.000000000000000000, 1.000000000000000000 ) ) ;
#2994 =( GEOMETRIC_REPRESENTATION_CONTEXT ( 3 ) GLOBAL_UNCERTAINTY_ASSIGNED_CONTEXT ( ( #5527 ) ) GLOBAL_UNIT_ASSIGNED_CONTEXT ( ( #2081, #5945, #10757 ) ) REPRESENTATION_CONTEXT ( 'NONE', 'WORKASPACE' ) );
#2995 = CYLINDRICAL_SURFACE ( 'NONE', #9728, 0.5100000000000000089 ) ;
#2996 = ORIENTED_EDGE ( 'NONE', *, *, #5707, .F. ) ;
#2997 = ORIENTED_EDGE ( 'NONE', *, *, #9943, .F. ) ;
#2998 = EDGE_LOOP ( 'NONE', ( #999, #8845, #9494, #489 ) ) ;
#2999 = EDGE_CURVE ( 'NONE', #8878, #10374, #4455, .T. ) ;
#3000 = AXIS2_PLACEMENT_3D ( 'NONE', #10576, #8874, #8513 ) ;
#3001 = VECTOR ( 'NONE', #5066, 1000.000000000000000 ) ;
#3002 = CYLINDRICAL_SURFACE ( 'NONE', #2706, 0.4500000000000000111 ) ;
#3003 = ORIENTED_EDGE ( 'NONE', *, *, #8242, .T. ) ;
#3004 = CARTESIAN_POINT ( 'NONE',  ( -5.714999999999998970, -1.519903165712366722, -0.7293999999999989381 ) ) ;
#3005 = DIRECTION ( 'NONE',  ( 0.000000000000000000, 1.000000000000000000, 0.000000000000000000 ) ) ;
#3006 = CARTESIAN_POINT ( 'NONE',  ( 6.985000000000000320, 0.000000000000000000, -0.9524999999999996803 ) ) ;
#3007 = ADVANCED_FACE ( 'NONE', ( #8655 ), #8385, .F. ) ;
#3008 = EDGE_LOOP ( 'NONE', ( #9420, #3518, #2668, #5687 ) ) ;
#3009 = CARTESIAN_POINT ( 'NONE',  ( 0.000000000000000000, 0.000000000000000000, 0.000000000000000000 ) ) ;
#3010 = CARTESIAN_POINT ( 'NONE',  ( -1.570000000000000062, 0.000000000000000000, -0.9849999999999993205 ) ) ;
#3012 = ORIENTED_EDGE ( 'NONE', *, *, #3834, .F. ) ;
#3011 = CARTESIAN_POINT ( 'NONE',  ( 0.4398837366478682287, 0.3499999999999999778, 0.1650000000000003131 ) ) ;
#3013 = DIRECTION ( 'NONE',  ( 0.000000000000000000, 0.000000000000000000, 1.000000000000000000 ) ) ;
#3014 = EDGE_CURVE ( 'NONE', #11480, #5516, #252, .T. ) ;
#3015 = CARTESIAN_POINT ( 'NONE',  ( 4.570000000000001172, 0.04000000000000000083, -2.775000000000002576 ) ) ;
#3016 = VECTOR ( 'NONE', #9887, 1000.000000000000000 ) ;
#3017 = EDGE_CURVE ( 'NONE', #6178, #8871, #4417, .T. ) ;
#3018 = PRODUCT ( 'SEN-12787_SEN-12787', 'SEN-12787_SEN-12787', '', ( #5452 ) ) ;
#3019 = CARTESIAN_POINT ( 'NONE',  ( 0.4398837366478682287, 0.04000000000000000083, -1.394999999999999574 ) ) ;
#3020 = DIRECTION ( 'NONE',  ( 0.000000000000000000, 0.000000000000000000, 1.000000000000000000 ) ) ;
#3021 = ADVANCED_FACE ( 'NONE', ( #8316 ), #304, .T. ) ;
#3022 = EDGE_CURVE ( 'NONE', #12094, #10085, #8697, .T. ) ;
#3023 = LINE ( 'NONE', #2686, #7490 ) ;
#3024 = DIRECTION ( 'NONE',  ( 0.000000000000000000, -1.000000000000000000, 0.000000000000000000 ) ) ;
#3025 = DIRECTION ( 'NONE',  ( 1.000000000000000000, 0.000000000000000000, -4.517509052022940401E-16 ) ) ;
#3026 = VERTEX_POINT ( 'NONE', #6241 ) ;
#3027 = ORIENTED_EDGE ( 'NONE', *, *, #1600, .F. ) ;
#3028 = ORIENTED_EDGE ( 'NONE', *, *, #2726, .T. ) ;
#3029 = VECTOR ( 'NONE', #5877, 1000.000000000000000 ) ;
#3030 = FACE_OUTER_BOUND ( 'NONE', #10870, .T. ) ;
#3031 = DIRECTION ( 'NONE',  ( 0.8660254037844384856, -0.5000000000000003331, 0.000000000000000000 ) ) ;
#3032 = ORIENTED_EDGE ( 'NONE', *, *, #4274, .F. ) ;
#3033 = EDGE_CURVE ( 'NONE', #10714, #2687, #8243, .T. ) ;
#3034 = ORIENTED_EDGE ( 'NONE', *, *, #11402, .T. ) ;
#3035 = EDGE_LOOP ( 'NONE', ( #6550, #10737, #5239, #6484, #7741, #9432, #7305, #9576 ) ) ;
#3036 = EDGE_CURVE ( 'NONE', #10374, #11823, #4060, .T. ) ;
#3037 = DIRECTION ( 'NONE',  ( 1.100712865467515846E-16, 0.000000000000000000, 1.000000000000000000 ) ) ;
#3038 =( NAMED_UNIT ( * ) PLANE_ANGLE_UNIT ( ) SI_UNIT ( $, .RADIAN. ) );
#3039 = EDGE_CURVE ( 'NONE', #8011, #5181, #114, .T. ) ;
#3040 = ADVANCED_FACE ( 'NONE', ( #4124 ), #9018, .F. ) ;
#3041 = EDGE_CURVE ( 'NONE', #3478, #8717, #4329, .T. ) ;
#3042 = CARTESIAN_POINT ( 'NONE',  ( -3.432161706211294572, 2.899999999999999911, -1.932161706211289909 ) ) ;
#3043 = DIRECTION ( 'NONE',  ( 0.000000000000000000, -1.000000000000000000, 0.000000000000000000 ) ) ;
#3044 = CARTESIAN_POINT ( 'NONE',  ( -1.214999999999999858, 0.1000000000000000056, 0.4000000000000000222 ) ) ;
#3045 = CARTESIAN_POINT ( 'NONE',  ( 3.409999999999998810, 0.3099999999999999978, 0.1250000000000001110 ) ) ;
#3046 = EDGE_CURVE ( 'NONE', #10062, #109, #8272, .T. ) ;
#3047 = AXIS2_PLACEMENT_3D ( 'NONE', #10487, #990, #3847 ) ;
#3048 = CARTESIAN_POINT ( 'NONE',  ( 3.810000000000000941, -1.570000000000000062, 9.650000000000000355 ) ) ;
#3049 = DIRECTION ( 'NONE',  ( 1.000000000000000000, 0.000000000000000000, 0.000000000000000000 ) ) ;
#3050 = CARTESIAN_POINT ( 'NONE',  ( -0.8950000000000000178, 1.500000000000000000, 1.180000000000000160 ) ) ;
#3051 = ORIENTED_EDGE ( 'NONE', *, *, #2483, .F. ) ;
#3052 = ORIENTED_EDGE ( 'NONE', *, *, #2148, .F. ) ;
#3053 = CLOSED_SHELL ( 'NONE', ( #4233, #6132, #11359, #6218, #2421, #7931 ) ) ;
#3054 = FACE_OUTER_BOUND ( 'NONE', #5082, .T. ) ;
#3055 = FACE_OUTER_BOUND ( 'NONE', #9325, .T. ) ;
#3056 = ORIENTED_EDGE ( 'NONE', *, *, #12029, .F. ) ;
#3057 = ORIENTED_EDGE ( 'NONE', *, *, #9939, .T. ) ;
#3058 = VERTEX_POINT ( 'NONE', #3050 ) ;
#3059 = DIRECTION ( 'NONE',  ( 1.000000000000000000, 0.000000000000000000, 0.000000000000000000 ) ) ;
#3060 = FACE_OUTER_BOUND ( 'NONE', #8308, .T. ) ;
#3061 = VECTOR ( 'NONE', #4285, 1000.000000000000000 ) ;
#3062 = FACE_OUTER_BOUND ( 'NONE', #3578, .T. ) ;
#3063 = VECTOR ( 'NONE', #444, 1000.000000000000000 ) ;
#3064 = DIRECTION ( 'NONE',  ( 1.000000000000000000, 0.000000000000000000, -0.000000000000000000 ) ) ;
#3065 = ADVANCED_FACE ( 'NONE', ( #8540 ), #2247, .F. ) ;
#3066 = AXIS2_PLACEMENT_3D ( 'NONE', #9810, #3763, #3928 ) ;
#3067 = ORIENTED_EDGE ( 'NONE', *, *, #6790, .F. ) ;
#3068 = PLANE ( 'NONE',  #7645 ) ;
#3069 = PLANE ( 'NONE',  #3996 ) ;
#3070 = CARTESIAN_POINT ( 'NONE',  ( -1.430000000000000160, 1.399999999999999911, -0.4200000000000000400 ) ) ;
#3071 = ORIENTED_EDGE ( 'NONE', *, *, #11322, .F. ) ;
#3072 = EDGE_LOOP ( 'NONE', ( #8426, #2833, #4493, #3576 ) ) ;
#3073 = AXIS2_PLACEMENT_3D ( 'NONE', #6189, #9205, #3346 ) ;
#3074 = DIRECTION ( 'NONE',  ( 3.614007241618350250E-16, 0.000000000000000000, -1.000000000000000000 ) ) ;
#3075 = CARTESIAN_POINT ( 'NONE',  ( 0.000000000000000000, 0.2000000000000000111, 0.000000000000000000 ) ) ;
#3076 = PLANE ( 'NONE',  #5188 ) ;
#3077 = VECTOR ( 'NONE', #521, 1000.000000000000000 ) ;
#3078 = LINE ( 'NONE', #1968, #2982 ) ;
#3079 = PLANE ( 'NONE',  #5868 ) ;
#3080 = VERTEX_POINT ( 'NONE', #7275 ) ;
#3081 = VERTEX_POINT ( 'NONE', #8330 ) ;
#3082 = FILL_AREA_STYLE ('',( #2119 ) ) ;
#3083 = ORIENTED_EDGE ( 'NONE', *, *, #9901, .T. ) ;
#3084 = DIRECTION ( 'NONE',  ( 1.000000000000000000, 3.226792180016381951E-17, -3.491481338843133355E-15 ) ) ;
#3085 = VECTOR ( 'NONE', #10076, 1000.000000000000000 ) ;
#3086 = CARTESIAN_POINT ( 'NONE',  ( -1.814999999999999947, 0.000000000000000000, 1.000000000000000000 ) ) ;
#3087 = FACE_OUTER_BOUND ( 'NONE', #3614, .T. ) ;
#3088 =( LENGTH_UNIT ( ) NAMED_UNIT ( * ) SI_UNIT ( .MILLI., .METRE. ) );
#3089 = SURFACE_STYLE_USAGE ( .BOTH. , #1096 ) ;
#3090 = PRESENTATION_LAYER_ASSIGNMENT (  '', '', ( #10550 ) ) ;
#3091 = LINE ( 'NONE', #7412, #11589 ) ;
#3092 = EDGE_CURVE ( 'NONE', #2478, #9321, #12487, .T. ) ;
#3093 = ORIENTED_EDGE ( 'NONE', *, *, #9929, .F. ) ;
#3094 = VERTEX_POINT ( 'NONE', #11169 ) ;
#3095 = ORIENTED_EDGE ( 'NONE', *, *, #4053, .T. ) ;
#3096 = LINE ( 'NONE', #4660, #7288 ) ;
#3097 = CIRCLE ( 'NONE', #7235, 0.7600000000000002309 ) ;
#3098 = AXIS2_PLACEMENT_3D ( 'NONE', #2550, #6216, #9240 ) ;
#3099 = ORIENTED_EDGE ( 'NONE', *, *, #6080, .T. ) ;
#3100 = CARTESIAN_POINT ( 'NONE',  ( -3.350000000000000089, 0.3499999999999999778, 1.199999999999999956 ) ) ;
#3101 = CARTESIAN_POINT ( 'NONE',  ( 1.270000000000000018, 1.399999999999999911, 0.5500000000000000444 ) ) ;
#3102 = CLOSED_SHELL ( 'NONE', ( #54, #9822, #9341, #1390, #12441, #3040 ) ) ;
#3103 = EDGE_CURVE ( 'NONE', #2787, #7285, #155, .T. ) ;
#3104 = CARTESIAN_POINT ( 'NONE',  ( 4.209999999999999076, 0.04000000000000000083, 0.1250000000000001110 ) ) ;
#3106 = ORIENTED_EDGE ( 'NONE', *, *, #4287, .T. ) ;
#3105 = DIRECTION ( 'NONE',  ( 0.000000000000000000, 0.000000000000000000, 1.000000000000000000 ) ) ;
#3107 = DIRECTION ( 'NONE',  ( 0.000000000000000000, -1.000000000000000000, -1.362997016838921353E-15 ) ) ;
#3108 = CARTESIAN_POINT ( 'NONE',  ( -7.619999999999999218, -1.570000000000000062, 10.15999999999999837 ) ) ;
#3109 = LINE ( 'NONE', #1452, #7303 ) ;
#3110 = DIRECTION ( 'NONE',  ( 0.000000000000000000, 1.000000000000000000, 0.000000000000000000 ) ) ;
#3111 = ORIENTED_EDGE ( 'NONE', *, *, #4305, .T. ) ;
#3112 = LINE ( 'NONE', #7664, #11708 ) ;
#3113 = DIRECTION ( 'NONE',  ( 0.000000000000000000, 0.000000000000000000, 1.000000000000000000 ) ) ;
#3114 = DIRECTION ( 'NONE',  ( 0.000000000000000000, 0.000000000000000000, 1.000000000000000000 ) ) ;
#3115 = EDGE_LOOP ( 'NONE', ( #3933, #5790 ) ) ;
#3116 = ORIENTED_EDGE ( 'NONE', *, *, #9503, .F. ) ;
#3117 = EDGE_LOOP ( 'NONE', ( #784, #1491, #828, #4856 ) ) ;
#3118 = LINE ( 'NONE', #8061, #7312 ) ;
#3119 = CIRCLE ( 'NONE', #9636, 0.5100000000000000089 ) ;
#3120 = CARTESIAN_POINT ( 'NONE',  ( 1.605662432702595011, 0.05000000000000000278, -1.605662432702595011 ) ) ;
#3121 = DIRECTION ( 'NONE',  ( 0.000000000000000000, 0.000000000000000000, 1.000000000000000000 ) ) ;
#3122 = VERTEX_POINT ( 'NONE', #8051 ) ;
#3123 = ADVANCED_FACE ( 'NONE', ( #8586 ), #10103, .F. ) ;
#3124 = ORIENTED_EDGE ( 'NONE', *, *, #7004, .T. ) ;
#3125 = ORIENTED_EDGE ( 'NONE', *, *, #9817, .T. ) ;
#3126 = ADVANCED_FACE ( 'NONE', ( #4080 ), #5123, .F. ) ;
#3127 = CYLINDRICAL_SURFACE ( 'NONE', #10925, 0.7600000000000002309 ) ;
#3128 = EDGE_CURVE ( 'NONE', #3667, #7579, #4260, .T. ) ;
#3129 = DIRECTION ( 'NONE',  ( 0.000000000000000000, 0.000000000000000000, -1.000000000000000000 ) ) ;
#3130 = CARTESIAN_POINT ( 'NONE',  ( -1.756433707438754821, 1.500000000000000000, 0.1755927014957454901 ) ) ;
#3131 = CARTESIAN_POINT ( 'NONE',  ( 6.985000000000000320, -0.1000000000000000472, -0.3174999999999996714 ) ) ;
#3132 = DIRECTION ( 'NONE',  ( 0.000000000000000000, 0.000000000000000000, 1.000000000000000000 ) ) ;
#3133 = EDGE_CURVE ( 'NONE', #3980, #5966, #8293, .T. ) ;
#3134 = ORIENTED_EDGE ( 'NONE', *, *, #11519, .T. ) ;
#3135 = CARTESIAN_POINT ( 'NONE',  ( 4.569999999999997620, 0.3099999999999999978, -3.575000000000002842 ) ) ;
#3136 = FACE_OUTER_BOUND ( 'NONE', #11092, .T. ) ;
#3137 = DIRECTION ( 'NONE',  ( 1.000000000000000000, 0.000000000000000000, -3.491481338843133355E-15 ) ) ;
#3138 = ORIENTED_EDGE ( 'NONE', *, *, #5967, .F. ) ;
#3139 = ORIENTED_EDGE ( 'NONE', *, *, #668, .T. ) ;
#3140 = ORIENTED_EDGE ( 'NONE', *, *, #8317, .T. ) ;
#3141 = AXIS2_PLACEMENT_3D ( 'NONE', #1664, #4439, #9098 ) ;
#3142 = LINE ( 'NONE', #1965, #3077 ) ;
#3143 = LINE ( 'NONE', #600, #11714 ) ;
#3144 = VERTEX_POINT ( 'NONE', #1665 ) ;
#3145 = ORIENTED_EDGE ( 'NONE', *, *, #2599, .T. ) ;
#3146 = VERTEX_POINT ( 'NONE', #741 ) ;
#3147 = CARTESIAN_POINT ( 'NONE',  ( -1.214999999999999858, 0.000000000000000000, 1.000000000000000000 ) ) ;
#3148 = COLOUR_RGB ( '',1.000000000000000000, 1.000000000000000000, 1.000000000000000000 ) ;
#3149 = EDGE_CURVE ( 'NONE', #1064, #2620, #8479, .T. ) ;
#3150 = ADVANCED_FACE ( 'NONE', ( #4175 ), #8423, .F. ) ;
#3151 = EDGE_CURVE ( 'NONE', #6994, #8686, #8610, .T. ) ;
#3152 = ADVANCED_FACE ( 'NONE', ( #8765 ), #373, .F. ) ;
#3153 = PRESENTATION_STYLE_ASSIGNMENT (( #1382 ) ) ;
#3154 = AXIS2_PLACEMENT_3D ( 'NONE', #9416, #7161, #3291 ) ;
#3155 = ORIENTED_EDGE ( 'NONE', *, *, #2583, .T. ) ;
#3156 = FACE_OUTER_BOUND ( 'NONE', #6506, .T. ) ;
#3157 = PRESENTATION_LAYER_ASSIGNMENT (  '', '', ( #10744 ) ) ;
#3158 = FACE_OUTER_BOUND ( 'NONE', #152, .T. ) ;
#3159 = DIRECTION ( 'NONE',  ( -8.537024980200821325E-17, 0.000000000000000000, -1.000000000000000000 ) ) ;
#3160 = PLANE ( 'NONE',  #10671 ) ;
#3161 = CARTESIAN_POINT ( 'NONE',  ( -1.969999999999999973, 0.2000000000000000111, -1.180000000000000160 ) ) ;
#3162 = CARTESIAN_POINT ( 'NONE',  ( 3.010000000000000675, 0.3499999999999999778, -2.774999999999997247 ) ) ;
#3163 = ORIENTED_EDGE ( 'NONE', *, *, #7913, .T. ) ;
#3164 = ORIENTED_EDGE ( 'NONE', *, *, #5562, .F. ) ;
#3165 = PLANE ( 'NONE',  #10534 ) ;
#3166 = CARTESIAN_POINT ( 'NONE',  ( 5.079999999999999183, -1.570000000000000062, -9.269999999999999574 ) ) ;
#3167 = CARTESIAN_POINT ( 'NONE',  ( -4.159999999999998366, 0.5000000000000000000, -3.474999999999999645 ) ) ;
#3168 = VECTOR ( 'NONE', #12243, 1000.000000000000000 ) ;
#3169 = VECTOR ( 'NONE', #4299, 1000.000000000000000 ) ;
#3170 = CARTESIAN_POINT ( 'NONE',  ( -3.432161706211294572, -1.146355821698993971, 1.932161706211294794 ) ) ;
#3171 = DIRECTION ( 'NONE',  ( -0.000000000000000000, -1.000000000000000000, -0.000000000000000000 ) ) ;
#3172 = EDGE_CURVE ( 'NONE', #7746, #4923, #4570, .T. ) ;
#3173 = VERTEX_POINT ( 'NONE', #11285 ) ;
#3174 = EDGE_LOOP ( 'NONE', ( #8755, #8217, #8328, #4225 ) ) ;
#3175 = DIRECTION ( 'NONE',  ( 0.000000000000000000, 0.000000000000000000, 1.000000000000000000 ) ) ;
#3176 = ORIENTED_EDGE ( 'NONE', *, *, #3694, .T. ) ;
#3177 = DIRECTION ( 'NONE',  ( 1.000000000000000000, 0.000000000000000000, 0.000000000000000000 ) ) ;
#3178 = LINE ( 'NONE', #4909, #3085 ) ;
#3179 = CARTESIAN_POINT ( 'NONE',  ( -1.750000000000000000, 0.05000000000000000278, -1.605662432702595011 ) ) ;
#3180 = VECTOR ( 'NONE', #7473, 1000.000000000000000 ) ;
#3181 = CARTESIAN_POINT ( 'NONE',  ( -6.984999999999999432, 0.000000000000000000, -0.7293999999999991601 ) ) ;
#3182 = CARTESIAN_POINT ( 'NONE',  ( 1.669999999999999929, 0.000000000000000000, 0.1650000000000003131 ) ) ;
#3183 = VERTEX_POINT ( 'NONE', #8079 ) ;
#3184 = EDGE_CURVE ( 'NONE', #5035, #7345, #4659, .T. ) ;
#3185 = VECTOR ( 'NONE', #5080, 1000.000000000000000 ) ;
#3186 = VERTEX_POINT ( 'NONE', #8261 ) ;
#3187 = VERTEX_POINT ( 'NONE', #6190 ) ;
#3188 = EDGE_CURVE ( 'NONE', #7240, #6531, #4685, .T. ) ;
#3189 = LINE ( 'NONE', #10703, #7467 ) ;
#3190 = FACE_OUTER_BOUND ( 'NONE', #9963, .T. ) ;
#3191 = ORIENTED_EDGE ( 'NONE', *, *, #12161, .T. ) ;
#3192 = ORIENTED_EDGE ( 'NONE', *, *, #11221, .T. ) ;
#3193 = CARTESIAN_POINT ( 'NONE',  ( -5.080000000000000071, -1.570000000000000062, -5.969999999999999751 ) ) ;
#3194 = EDGE_CURVE ( 'NONE', #1046, #9308, #9156, .T. ) ;
#3195 = CARTESIAN_POINT ( 'NONE',  ( 0.8699999999999997735, 0.3099999999999999978, 0.1250000000000003331 ) ) ;
#3196 = ORIENTED_EDGE ( 'NONE', *, *, #11685, .T. ) ;
#3197 = CARTESIAN_POINT ( 'NONE',  ( -0.9700000000000001954, 1.421954445729287864, -0.9849999999999993205 ) ) ;
#3198 = EDGE_CURVE ( 'NONE', #2033, #4736, #643, .T. ) ;
#3200 = VERTEX_POINT ( 'NONE', #2440 ) ;
#3199 = DIRECTION ( 'NONE',  ( 1.000000000000000000, 0.000000000000000000, 0.000000000000000000 ) ) ;
#3201 = SURFACE_SIDE_STYLE ('',( #11810 ) ) ;
#3202 = CARTESIAN_POINT ( 'NONE',  ( 1.750000000000000000, 0.2999999999999999889, -1.750000000000000000 ) ) ;
#3203 = VECTOR ( 'NONE', #9117, 1000.000000000000000 ) ;
#3204 = CARTESIAN_POINT ( 'NONE',  ( 4.359999999999997655, 0.3500000000000000333, -3.575000000000001954 ) ) ;
#3205 = EDGE_CURVE ( 'NONE', #8808, #7556, #492, .T. ) ;
#3206 = AXIS2_PLACEMENT_3D ( 'NONE', #5191, #1595, #2493 ) ;
#3207 = EDGE_LOOP ( 'NONE', ( #8113, #11023, #7803, #12034 ) ) ;
#3208 = VECTOR ( 'NONE', #3787, 1000.000000000000000 ) ;
#3209 = CARTESIAN_POINT ( 'NONE',  ( 1.969999999999999973, 7.692733390912210645, 1.180000000000000160 ) ) ;
#3210 = CARTESIAN_POINT ( 'NONE',  ( -1.791956935478445034, 1.484936639087749866, -0.1843255355160584863 ) ) ;
#3211 = ORIENTED_EDGE ( 'NONE', *, *, #6101, .T. ) ;
#3212 = ORIENTED_EDGE ( 'NONE', *, *, #5416, .T. ) ;
#3213 = VECTOR ( 'NONE', #743, 1000.000000000000000 ) ;
#3214 = VECTOR ( 'NONE', #2445, 1000.000000000000000 ) ;
#3215 = CARTESIAN_POINT ( 'NONE',  ( 1.214999999999999858, 0.1000000000000000056, -0.4000000000000000222 ) ) ;
#3216 = ORIENTED_EDGE ( 'NONE', *, *, #1207, .T. ) ;
#3217 = EDGE_LOOP ( 'NONE', ( #5189, #10422, #9242, #2366 ) ) ;
#3218 = ORIENTED_EDGE ( 'NONE', *, *, #7922, .F. ) ;
#3219 = EDGE_CURVE ( 'NONE', #7745, #8601, #400, .T. ) ;
#3220 = AXIS2_PLACEMENT_3D ( 'NONE', #5633, #10207, #6493 ) ;
#3221 = FACE_OUTER_BOUND ( 'NONE', #2647, .T. ) ;
#3222 = DIRECTION ( 'NONE',  ( 0.000000000000000000, -1.000000000000000000, 0.000000000000000000 ) ) ;
#3223 = APPLICATION_CONTEXT ( 'automotive_design' ) ;
#3224 = LINE ( 'NONE', #12145, #11678 ) ;
#3225 = CARTESIAN_POINT ( 'NONE',  ( 3.409999999999998810, 0.04000000000000000083, 0.1250000000000001110 ) ) ;
#3226 = DIRECTION ( 'NONE',  ( 0.000000000000000000, 0.000000000000000000, 1.000000000000000000 ) ) ;
#3227 = CARTESIAN_POINT ( 'NONE',  ( 1.669999999999999929, 0.04000000000000000083, 0.1250000000000003331 ) ) ;
#3228 = EDGE_LOOP ( 'NONE', ( #572, #8375, #7404, #3003 ) ) ;
#3229 = PRESENTATION_STYLE_ASSIGNMENT (( #6960 ) ) ;
#3230 = PLANE ( 'NONE',  #3794 ) ;
#3231 = LINE ( 'NONE', #3377, #2932 ) ;
#3232 = CARTESIAN_POINT ( 'NONE',  ( -6.349999999999999645, -3.719604614807106024, 9.400000000000000355 ) ) ;
#3233 = ORIENTED_EDGE ( 'NONE', *, *, #7552, .T. ) ;
#3234 = ORIENTED_EDGE ( 'NONE', *, *, #2253, .T. ) ;
#3235 = LINE ( 'NONE', #7949, #11464 ) ;
#3236 = ORIENTED_EDGE ( 'NONE', *, *, #10502, .F. ) ;
#3237 = ADVANCED_FACE ( 'NONE', ( #8904 ), #12242, .T. ) ;
#3238 = ORIENTED_EDGE ( 'NONE', *, *, #7572, .T. ) ;
#3239 = VERTEX_POINT ( 'NONE', #9300 ) ;
#3240 = ADVANCED_FACE ( 'NONE', ( #9095 ), #8354, .T. ) ;
#3241 = SURFACE_SIDE_STYLE ('',( #8887 ) ) ;
#3242 = AXIS2_PLACEMENT_3D ( 'NONE', #7451, #11082, #8512 ) ;
#3243 = FACE_OUTER_BOUND ( 'NONE', #4043, .T. ) ;
#3244 =( GEOMETRIC_REPRESENTATION_CONTEXT ( 3 ) GLOBAL_UNCERTAINTY_ASSIGNED_CONTEXT ( ( #5668 ) ) GLOBAL_UNIT_ASSIGNED_CONTEXT ( ( #8076, #9461, #764 ) ) REPRESENTATION_CONTEXT ( 'NONE', 'WORKASPACE' ) );
#3245 = LINE ( 'NONE', #12322, #3180 ) ;
#3246 = ORIENTED_EDGE ( 'NONE', *, *, #7008, .T. ) ;
#3247 = LINE ( 'NONE', #3618, #11729 ) ;
#3248 = CARTESIAN_POINT ( 'NONE',  ( -6.984999999999999432, -0.1000000000000000472, -0.5406000000000005246 ) ) ;
#3249 = DIRECTION ( 'NONE',  ( 8.199904827254259034E-17, 1.000000000000000000, 0.000000000000000000 ) ) ;
#3250 = CARTESIAN_POINT ( 'NONE',  ( -0.2049999999999999878, 0.000000000000000000, 0.4000000000000000222 ) ) ;
#3251 = CARTESIAN_POINT ( 'NONE',  ( 1.969999999999999973, 7.692733390912210645, 1.180000000000000160 ) ) ;
#3252 = ORIENTED_EDGE ( 'NONE', *, *, #6098, .F. ) ;
#3253 = EDGE_LOOP ( 'NONE', ( #2224, #6679, #4271, #2071 ) ) ;
#3254 = DIRECTION ( 'NONE',  ( 0.000000000000000000, 0.000000000000000000, 1.000000000000000000 ) ) ;
#3255 = CARTESIAN_POINT ( 'NONE',  ( 1.669999999999999929, 0.3099999999999999978, -1.394999999999999574 ) ) ;
#3256 = CARTESIAN_POINT ( 'NONE',  ( -0.9700000000000001954, 0.000000000000000000, -0.03499999999999965639 ) ) ;
#3257 = CARTESIAN_POINT ( 'NONE',  ( 1.270000000000000240, -1.570000000000000284, 8.890000000000000568 ) ) ;
#3258 = COLOUR_RGB ( '',0.2509803921568627416, 0.2509803921568627416, 0.2509803921568627416 ) ;
#3259 = FACE_BOUND ( 'NONE', #4688, .T. ) ;
#3260 = CARTESIAN_POINT ( 'NONE',  ( 2.979883736647867654, 0.04000000000000000083, -1.394999999999999796 ) ) ;
#3261 = VERTEX_POINT ( 'NONE', #1385 ) ;
#3262 = EDGE_LOOP ( 'NONE', ( #4719, #6357, #6524, #5963 ) ) ;
#3263 = DIRECTION ( 'NONE',  ( -1.000000000000000000, 0.000000000000000000, 0.000000000000000000 ) ) ;
#3264 = EDGE_LOOP ( 'NONE', ( #7791, #4944, #12250, #59 ) ) ;
#3265 = AXIS2_PLACEMENT_3D ( 'NONE', #9424, #6158, #1500 ) ;
#3266 = CARTESIAN_POINT ( 'NONE',  ( 6.985000000000000320, 0.000000000000000000, 0.4952999999999996295 ) ) ;
#3267 = VECTOR ( 'NONE', #451, 1000.000000000000000 ) ;
#3268 = ADVANCED_FACE ( 'NONE', ( #4813 ), #4375, .F. ) ;
#3269 = CARTESIAN_POINT ( 'NONE',  ( 0.8050000000000000488, 0.1000000000000000056, 0.4000000000000000222 ) ) ;
#3270 = ADVANCED_FACE ( 'NONE', ( #8929 ), #5322, .T. ) ;
#3271 = VECTOR ( 'NONE', #8172, 1000.000000000000000 ) ;
#3272 = AXIS2_PLACEMENT_3D ( 'NONE', #11226, #5507, #1489 ) ;
#3273 = CARTESIAN_POINT ( 'NONE',  ( -1.269999999999999352, -1.570000000000000062, 9.650000000000000355 ) ) ;
#3274 = VERTEX_POINT ( 'NONE', #6412 ) ;
#3275 = LINE ( 'NONE', #1237, #11840 ) ;
#3276 = EDGE_CURVE ( 'NONE', #9804, #1879, #4547, .T. ) ;
#3277 = ORIENTED_EDGE ( 'NONE', *, *, #8700, .F. ) ;
#3278 = VERTEX_POINT ( 'NONE', #6118 ) ;
#3279 = LINE ( 'NONE', #3284, #7140 ) ;
#3280 = VECTOR ( 'NONE', #5714, 1000.000000000000000 ) ;
#3281 = ORIENTED_EDGE ( 'NONE', *, *, #3669, .T. ) ;
#3282 = DIRECTION ( 'NONE',  ( -1.000000000000000000, 0.000000000000000000, -8.537024980200820092E-17 ) ) ;
#3283 = ORIENTED_EDGE ( 'NONE', *, *, #4009, .T. ) ;
#3284 = CARTESIAN_POINT ( 'NONE',  ( -1.214999999999999858, 0.1000000000000000056, 1.000000000000000000 ) ) ;
#3285 = ORIENTED_EDGE ( 'NONE', *, *, #10650, .T. ) ;
#3286 = CARTESIAN_POINT ( 'NONE',  ( 6.350000000000001421, -1.570000000000000284, 8.890000000000000568 ) ) ;
#3287 = CARTESIAN_POINT ( 'NONE',  ( 3.409999999999998810, 0.3499999999999999778, 0.1650000000000001188 ) ) ;
#3288 = FACE_OUTER_BOUND ( 'NONE', #12131, .T. ) ;
#3289 = CARTESIAN_POINT ( 'NONE',  ( 6.985000000000000320, -0.1000000000000000472, -1.765299999999998759 ) ) ;
#3290 = DIRECTION ( 'NONE',  ( -1.000000000000000000, 0.000000000000000000, 0.000000000000000000 ) ) ;
#3291 = DIRECTION ( 'NONE',  ( 0.000000000000000000, 0.000000000000000000, -1.000000000000000000 ) ) ;
#3292 = FACE_OUTER_BOUND ( 'NONE', #986, .T. ) ;
#3293 = DIRECTION ( 'NONE',  ( 0.000000000000000000, 0.000000000000000000, -1.000000000000000000 ) ) ;
#3294 = ORIENTED_EDGE ( 'NONE', *, *, #11493, .F. ) ;
#3295 = VECTOR ( 'NONE', #10786, 1000.000000000000000 ) ;
#3296 = ADVANCED_FACE ( 'NONE', ( #4977 ), #7049, .F. ) ;
#3297 = DIRECTION ( 'NONE',  ( 0.000000000000000000, -3.226792180016381951E-17, -1.000000000000000000 ) ) ;
#3298 = ORIENTED_EDGE ( 'NONE', *, *, #6660, .T. ) ;
#3299 = ORIENTED_EDGE ( 'NONE', *, *, #6373, .F. ) ;
#3300 = FACE_OUTER_BOUND ( 'NONE', #8967, .T. ) ;
#3301 = LINE ( 'NONE', #4119, #7202 ) ;
#3302 = PLANE ( 'NONE',  #1551 ) ;
#3303 = CARTESIAN_POINT ( 'NONE',  ( -3.299999999999999822, 0.3499999999999999778, 1.199999999999999956 ) ) ;
#3304 = VERTEX_POINT ( 'NONE', #5483 ) ;
#3305 = ORIENTED_EDGE ( 'NONE', *, *, #9946, .T. ) ;
#3306 = ORIENTED_EDGE ( 'NONE', *, *, #3022, .F. ) ;
#3307 = EDGE_CURVE ( 'NONE', #3183, #320, #771, .T. ) ;
#3308 = ADVANCED_BREP_SHAPE_REPRESENTATION ( '', ( #7427, #2289, #7848, #5394, #12200, #1301, #11511, #5638, #4353, #4250, #5955, #7747, #396, #8611, #2020, #1381, #8922, #6271, #9179, #11824, #9476, #8434, #8016, #5303, #5888, #6199, #6706, #3376, #8816, #11238, #1901 ), #5024 ) ;
#3309 = LINE ( 'NONE', #5846, #11475 ) ;
#3310 = AXIS2_PLACEMENT_3D ( 'NONE', #9364, #10262, #1814 ) ;
#3311 = CARTESIAN_POINT ( 'NONE',  ( 6.985000000000000320, 0.000000000000000000, 0.4952999999999996295 ) ) ;
#3312 = DIRECTION ( 'NONE',  ( 1.000000000000000000, 0.000000000000000000, 5.551115123125782702E-17 ) ) ;
#3313 = LINE ( 'NONE', #10276, #7763 ) ;
#3314 = DIRECTION ( 'NONE',  ( -1.000000000000000000, 0.000000000000000000, 3.491481338843133355E-15 ) ) ;
#3315 = CARTESIAN_POINT ( 'NONE',  ( 0.000000000000000000, 0.2999999999999999889, 0.000000000000000000 ) ) ;
#3316 = FACE_OUTER_BOUND ( 'NONE', #4407, .T. ) ;
#3317 = CARTESIAN_POINT ( 'NONE',  ( 0.000000000000000000, 0.000000000000000000, 0.000000000000000000 ) ) ;
#3318 = CARTESIAN_POINT ( 'NONE',  ( -0.9449999999999999512, 1.550000000000000044, -1.129999999999999893 ) ) ;
#3319 = ORIENTED_EDGE ( 'NONE', *, *, #5986, .T. ) ;
#3320 = LINE ( 'NONE', #3162, #11796 ) ;
#3321 = DIRECTION ( 'NONE',  ( 0.000000000000000000, 1.000000000000000000, 0.000000000000000000 ) ) ;
#3322 = VECTOR ( 'NONE', #1407, 1000.000000000000000 ) ;
#3323 = DIRECTION ( 'NONE',  ( 0.000000000000000000, -1.000000000000000000, 0.000000000000000000 ) ) ;
#3324 = ADVANCED_FACE ( 'NONE', ( #4836 ), #592, .T. ) ;
#3325 = ORIENTED_EDGE ( 'NONE', *, *, #7575, .F. ) ;
#3326 = VERTEX_POINT ( 'NONE', #717 ) ;
#3327 = PRESENTATION_LAYER_ASSIGNMENT (  '', '', ( #8054 ) ) ;
#3328 = VECTOR ( 'NONE', #11653, 1000.000000000000000 ) ;
#3329 = VECTOR ( 'NONE', #7738, 1000.000000000000000 ) ;
#3330 = ORIENTED_EDGE ( 'NONE', *, *, #1180, .T. ) ;
#3331 = EDGE_CURVE ( 'NONE', #360, #3808, #9032, .T. ) ;
#3332 = AXIS2_PLACEMENT_3D ( 'NONE', #6028, #3323, #12124 ) ;
#3333 = EDGE_LOOP ( 'NONE', ( #5033, #8898, #3372, #12340 ) ) ;
#3334 = EDGE_LOOP ( 'NONE', ( #8886, #11243, #7056, #5685 ) ) ;
#3335 = CARTESIAN_POINT ( 'NONE',  ( 4.609999999999997655, 0.3499999999999999778, -3.575000000000002842 ) ) ;
#3336 = EDGE_CURVE ( 'NONE', #8437, #6914, #746, .T. ) ;
#3337 = FACE_OUTER_BOUND ( 'NONE', #11598, .T. ) ;
#3338 = ORIENTED_EDGE ( 'NONE', *, *, #10327, .F. ) ;
#3339 = LINE ( 'NONE', #1705, #11753 ) ;
#3340 = SURFACE_STYLE_USAGE ( .BOTH. , #2345 ) ;
#3341 = CARTESIAN_POINT ( 'NONE',  ( 3.409999999999998810, 0.3499999999999999778, 0.1650000000000001188 ) ) ;
#3342 = CARTESIAN_POINT ( 'NONE',  ( 3.250000000000000000, 1.550000000000000044, -1.199999999999999956 ) ) ;
#3343 = DIRECTION ( 'NONE',  ( 0.000000000000000000, 1.000000000000000000, 0.000000000000000000 ) ) ;
#3344 = ORIENTED_EDGE ( 'NONE', *, *, #211, .T. ) ;
#3345 = ORIENTED_EDGE ( 'NONE', *, *, #7430, .T. ) ;
#3346 = DIRECTION ( 'NONE',  ( 0.000000000000000000, 0.000000000000000000, 1.000000000000000000 ) ) ;
#3347 = LINE ( 'NONE', #3889, #12040 ) ;
#3348 = VECTOR ( 'NONE', #4742, 1000.000000000000000 ) ;
#3349 = DIRECTION ( 'NONE',  ( -1.000000000000000000, 0.000000000000000000, -6.324512672832110842E-16 ) ) ;
#3350 = ORIENTED_EDGE ( 'NONE', *, *, #9543, .T. ) ;
#3351 = EDGE_CURVE ( 'NONE', #1311, #4788, #513, .T. ) ;
#3352 = ADVANCED_FACE ( 'NONE', ( #9080 ), #6447, .F. ) ;
#3353 = EDGE_LOOP ( 'NONE', ( #2331, #8939, #4021, #11484 ) ) ;
#3354 = CARTESIAN_POINT ( 'NONE',  ( -6.349999999999999645, 0.000000000000000000, 8.890000000000000568 ) ) ;
#3355 = ORIENTED_EDGE ( 'NONE', *, *, #5279, .F. ) ;
#3356 = ADVANCED_FACE ( 'NONE', ( #4886 ), #8395, .T. ) ;
#3357 = DIRECTION ( 'NONE',  ( -1.000000000000000000, 0.000000000000000000, 3.491481338843133355E-15 ) ) ;
#3358 = LINE ( 'NONE', #12144, #11558 ) ;
#3359 = DIRECTION ( 'NONE',  ( 1.000000000000000000, -0.000000000000000000, 0.000000000000000000 ) ) ;
#3360 = EDGE_CURVE ( 'NONE', #11627, #170, #9009, .T. ) ;
#3361 = VECTOR ( 'NONE', #1457, 1000.000000000000000 ) ;
#3362 = CARTESIAN_POINT ( 'NONE',  ( 2.979883736647867654, -3.407492542097300425E-16, -1.185000000000000053 ) ) ;
#3363 = VECTOR ( 'NONE', #8727, 1000.000000000000000 ) ;
#3364 = EDGE_CURVE ( 'NONE', #6380, #9112, #8726, .T. ) ;
#3365 = ORIENTED_EDGE ( 'NONE', *, *, #8200, .F. ) ;
#3366 = CARTESIAN_POINT ( 'NONE',  ( -1.570000000000000062, 0.5000000000000000000, -1.234999999999999876 ) ) ;
#3367 = VECTOR ( 'NONE', #5798, 1000.000000000000000 ) ;
#3368 = ORIENTED_EDGE ( 'NONE', *, *, #2599, .F. ) ;
#3369 = VERTEX_POINT ( 'NONE', #7424 ) ;
#3370 = FACE_OUTER_BOUND ( 'NONE', #11669, .T. ) ;
#3371 = COLOUR_RGB ( '',1.000000000000000000, 0.8117647058823529438, 0.5019607843137254832 ) ;
#3372 = ORIENTED_EDGE ( 'NONE', *, *, #10916, .F. ) ;
#3373 = ORIENTED_EDGE ( 'NONE', *, *, #6321, .T. ) ;
#3374 = DIRECTION ( 'NONE',  ( 1.000000000000000000, 0.000000000000000000, 0.000000000000000000 ) ) ;
#3375 = ORIENTED_EDGE ( 'NONE', *, *, #12347, .T. ) ;
#3376 = MANIFOLD_SOLID_BREP ( 'Boss-Extrude7[5]', #1088 ) ;
#3377 = CARTESIAN_POINT ( 'NONE',  ( 4.360000000000002096, 0.3500000000000000333, -2.344883736647870531 ) ) ;
#3378 = ORIENTED_EDGE ( 'NONE', *, *, #6240, .F. ) ;
#3379 = CARTESIAN_POINT ( 'NONE',  ( -1.214999999999999858, 0.000000000000000000, -0.4000000000000000222 ) ) ;
#3380 = DIRECTION ( 'NONE',  ( 0.000000000000000000, 0.000000000000000000, -1.000000000000000000 ) ) ;
#3381 = CARTESIAN_POINT ( 'NONE',  ( -3.250000000000000000, 1.250000000000000000, 1.199999999999999956 ) ) ;
#3382 = DIRECTION ( 'NONE',  ( 0.000000000000000000, 1.000000000000000000, 0.000000000000000000 ) ) ;
#3383 = LINE ( 'NONE', #12052, #3361 ) ;
#3384 = CARTESIAN_POINT ( 'NONE',  ( -5.714999999999998970, -0.1000000000000000472, -1.364399999999998725 ) ) ;
#3385 = EDGE_LOOP ( 'NONE', ( #4411, #5471 ) ) ;
#3386 = FACE_OUTER_BOUND ( 'NONE', #10221, .T. ) ;
#3387 = EDGE_CURVE ( 'NONE', #2109, #6399, #470, .T. ) ;
#3388 = CARTESIAN_POINT ( 'NONE',  ( 5.714999999999999858, -1.519903165712366722, -0.3174999999999998934 ) ) ;
#3389 = AXIS2_PLACEMENT_3D ( 'NONE', #6659, #4229, #9764 ) ;
#3390 = DIRECTION ( 'NONE',  ( -1.000000000000000000, -1.016439536705159026E-15, 3.491481338843133355E-15 ) ) ;
#3391 = VERTEX_POINT ( 'NONE', #10308 ) ;
#3392 = EDGE_LOOP ( 'NONE', ( #2626, #8844, #9182, #6570 ) ) ;
#3393 = LINE ( 'NONE', #6837, #7748 ) ;
#3394 = DIRECTION ( 'NONE',  ( -1.000000000000000000, 0.000000000000000000, -0.000000000000000000 ) ) ;
#3395 = CARTESIAN_POINT ( 'NONE',  ( 4.359999999999997655, 0.3500000000000000333, -3.575000000000001954 ) ) ;
#3396 = ORIENTED_EDGE ( 'NONE', *, *, #12339, .F. ) ;
#3397 = EDGE_LOOP ( 'NONE', ( #5497, #488, #4448, #9906 ) ) ;
#3398 = ORIENTED_EDGE ( 'NONE', *, *, #5550, .F. ) ;
#3399 = ORIENTED_EDGE ( 'NONE', *, *, #10507, .F. ) ;
#3400 = AXIS2_PLACEMENT_3D ( 'NONE', #4495, #7752, #4994 ) ;
#3401 = PRESENTATION_STYLE_ASSIGNMENT (( #6738 ) ) ;
#3402 = DIRECTION ( 'NONE',  ( 0.000000000000000000, 0.000000000000000000, -1.000000000000000000 ) ) ;
#3403 = APPLICATION_PROTOCOL_DEFINITION ( 'draft international standard', 'automotive_design', 1998, #4520 ) ;
#3404 = DIRECTION ( 'NONE',  ( 0.000000000000000000, -1.000000000000000000, 0.000000000000000000 ) ) ;
#3405 = CARTESIAN_POINT ( 'NONE',  ( -4.410000000000001030, 0.5000000000000000000, -3.474999999999999645 ) ) ;
#3406 = DIRECTION ( 'NONE',  ( 0.000000000000000000, -1.000000000000000000, -0.000000000000000000 ) ) ;
#3407 = ORIENTED_EDGE ( 'NONE', *, *, #11623, .T. ) ;
#3408 = CARTESIAN_POINT ( 'NONE',  ( -3.460000000000000409, 0.5000000000000000000, -3.474999999999999645 ) ) ;
#3409 = VECTOR ( 'NONE', #880, 1000.000000000000000 ) ;
#3410 = DIRECTION ( 'NONE',  ( -0.1378445374916290045, -0.9808148484639889197, -0.1378445374916290045 ) ) ;
#3411 = VERTEX_POINT ( 'NONE', #11233 ) ;
#3412 = EDGE_LOOP ( 'NONE', ( #2349, #8377, #4107, #12341 ) ) ;
#3413 = AXIS2_PLACEMENT_3D ( 'NONE', #11107, #8713, #767 ) ;
#3414 = VECTOR ( 'NONE', #2786, 1000.000000000000000 ) ;
#3415 = EDGE_CURVE ( 'NONE', #6932, #3239, #4711, .T. ) ;
#3416 = AXIS2_PLACEMENT_3D ( 'NONE', #6323, #1017, #6408 ) ;
#3417 = ORIENTED_EDGE ( 'NONE', *, *, #10773, .T. ) ;
#3418 = ORIENTED_EDGE ( 'NONE', *, *, #1609, .T. ) ;
#3419 = DIRECTION ( 'NONE',  ( 0.000000000000000000, 0.000000000000000000, 1.000000000000000000 ) ) ;
#3420 = EDGE_LOOP ( 'NONE', ( #11093, #11225, #7623, #3134 ) ) ;
#3421 = CARTESIAN_POINT ( 'NONE',  ( 5.714999999999999858, -0.1000000000000000056, -0.1397000000000006292 ) ) ;
#3422 = VECTOR ( 'NONE', #8198, 1000.000000000000000 ) ;
#3423 = CIRCLE ( 'NONE', #4843, 0.7600000000000002309 ) ;
#3424 = VERTEX_POINT ( 'NONE', #8455 ) ;
#3425 = LINE ( 'NONE', #10020, #7625 ) ;
#3426 = CARTESIAN_POINT ( 'NONE',  ( 4.610000000000001208, 0.3499999999999999778, -2.344883736647871419 ) ) ;
#3427 =( LENGTH_UNIT ( ) NAMED_UNIT ( * ) SI_UNIT ( .MILLI., .METRE. ) );
#3428 = ADVANCED_FACE ( 'NONE', ( #533 ), #857, .F. ) ;
#3429 = CARTESIAN_POINT ( 'NONE',  ( 4.570000000000001172, 0.3099999999999999978, -2.775000000000002576 ) ) ;
#3430 = ORIENTED_EDGE ( 'NONE', *, *, #4589, .F. ) ;
#3431 = ORIENTED_EDGE ( 'NONE', *, *, #1890, .F. ) ;
#3432 = DIRECTION ( 'NONE',  ( -4.517509052022940401E-16, 0.000000000000000000, -1.000000000000000000 ) ) ;
#3433 = CARTESIAN_POINT ( 'NONE',  ( 1.669999999999999929, 0.3500000000000000333, -0.08499999999999965916 ) ) ;
#3434 = FACE_OUTER_BOUND ( 'NONE', #8589, .T. ) ;
#3435 = FACE_OUTER_BOUND ( 'NONE', #12550, .T. ) ;
#3436 = DIRECTION ( 'NONE',  ( -0.000000000000000000, 1.000000000000000000, -1.016439536705159026E-15 ) ) ;
#3437 = CARTESIAN_POINT ( 'NONE',  ( 3.207837749589280030, 1.250000000000000000, -1.199999999999999956 ) ) ;
#3438 = VERTEX_POINT ( 'NONE', #2775 ) ;
#3439 = AXIS2_PLACEMENT_3D ( 'NONE', #10862, #11873, #9111 ) ;
#3440 = ORIENTED_EDGE ( 'NONE', *, *, #12347, .F. ) ;
#3441 =( NAMED_UNIT ( * ) SI_UNIT ( $, .STERADIAN. ) SOLID_ANGLE_UNIT ( ) );
#3442 = VERTEX_POINT ( 'NONE', #4825 ) ;
#3443 =( NAMED_UNIT ( * ) SI_UNIT ( $, .STERADIAN. ) SOLID_ANGLE_UNIT ( ) );
#3444 = LINE ( 'NONE', #625, #8106 ) ;
#3445 = EDGE_CURVE ( 'NONE', #4061, #3478, #615, .T. ) ;
#3446 = DIRECTION ( 'NONE',  ( 3.614007241618350250E-16, 0.000000000000000000, -1.000000000000000000 ) ) ;
#3447 = FACE_OUTER_BOUND ( 'NONE', #8369, .T. ) ;
#3448 = PLANE ( 'NONE',  #3666 ) ;
#3449 = EDGE_CURVE ( 'NONE', #11892, #4428, #554, .T. ) ;
#3450 = EDGE_LOOP ( 'NONE', ( #9369, #10346, #980, #11355 ) ) ;
#3451 = SURFACE_SIDE_STYLE ('',( #11244 ) ) ;
#3452 = FACE_OUTER_BOUND ( 'NONE', #11869, .T. ) ;
#3453 = ORIENTED_EDGE ( 'NONE', *, *, #9056, .F. ) ;
#3454 = EDGE_LOOP ( 'NONE', ( #9752, #9881, #11809, #390 ) ) ;
#3455 = FACE_OUTER_BOUND ( 'NONE', #11363, .T. ) ;
#3456 = COLOUR_RGB ( '',0.7921568627450980005, 0.8196078431372548767, 0.9333333333333333481 ) ;
#3457 = ORIENTED_EDGE ( 'NONE', *, *, #12029, .T. ) ;
#3458 = DIRECTION ( 'NONE',  ( 0.000000000000000000, -0.000000000000000000, -1.000000000000000000 ) ) ;
#3459 = ADVANCED_FACE ( 'NONE', ( #574, #8743 ), #79, .F. ) ;
#3460 = VERTEX_POINT ( 'NONE', #3202 ) ;
#3461 = DIRECTION ( 'NONE',  ( 0.000000000000000000, 0.000000000000000000, 1.000000000000000000 ) ) ;
#3462 = CARTESIAN_POINT ( 'NONE',  ( -0.9700000000000001954, 0.000000000000000000, -0.03499999999999965639 ) ) ;
#3464 = EDGE_LOOP ( 'NONE', ( #871, #10496, #7717, #6437 ) ) ;
#3463 = DIRECTION ( 'NONE',  ( 0.000000000000000000, 0.000000000000000000, 1.000000000000000000 ) ) ;
#3465 = ADVANCED_FACE ( 'NONE', ( #346 ), #10979, .T. ) ;
#3466 = CARTESIAN_POINT ( 'NONE',  ( -1.750000000000000000, 0.05000000000000000278, 1.605662432702595011 ) ) ;
#3467 = DIRECTION ( 'NONE',  ( -0.000000000000000000, 1.000000000000000000, 0.000000000000000000 ) ) ;
#3468 = DIRECTION ( 'NONE',  ( 0.000000000000000000, -0.000000000000000000, -1.000000000000000000 ) ) ;
#3469 = VECTOR ( 'NONE', #8252, 1000.000000000000114 ) ;
#3470 = CARTESIAN_POINT ( 'NONE',  ( 0.2049999999999999878, 0.000000000000000000, 0.4000000000000000222 ) ) ;
#3471 = CARTESIAN_POINT ( 'NONE',  ( -2.232161706211294838, -1.146355821698993971, 1.932161706211294794 ) ) ;
#3472 =( NAMED_UNIT ( * ) SI_UNIT ( $, .STERADIAN. ) SOLID_ANGLE_UNIT ( ) );
#3473 = LINE ( 'NONE', #8541, #3497 ) ;
#3474 = EDGE_LOOP ( 'NONE', ( #12078, #11286, #7961, #6909 ) ) ;
#3475 = AXIS2_PLACEMENT_3D ( 'NONE', #2091, #1939, #3049 ) ;
#3476 = CARTESIAN_POINT ( 'NONE',  ( -1.761232120229714759, 1.499821952614895926, -0.1767995608263799867 ) ) ;
#3477 = VERTEX_POINT ( 'NONE', #4324 ) ;
#3478 = VERTEX_POINT ( 'NONE', #166 ) ;
#3479 = LINE ( 'NONE', #7225, #3600 ) ;
#3480 = EDGE_CURVE ( 'NONE', #11075, #9573, #9542, .T. ) ;
#3481 = DIRECTION ( 'NONE',  ( 0.000000000000000000, 1.000000000000000000, 0.000000000000000000 ) ) ;
#3482 = DIRECTION ( 'NONE',  ( 1.000000000000000000, 0.000000000000000000, 0.000000000000000000 ) ) ;
#3483 = EDGE_CURVE ( 'NONE', #2488, #11863, #9268, .T. ) ;
#3484 = ORIENTED_EDGE ( 'NONE', *, *, #4938, .F. ) ;
#3485 = AXIS2_PLACEMENT_3D ( 'NONE', #4444, #6643, #9604 ) ;
#3486 = VERTEX_POINT ( 'NONE', #5175 ) ;
#3487 = VERTEX_POINT ( 'NONE', #10003 ) ;
#3488 =( GEOMETRIC_REPRESENTATION_CONTEXT ( 3 ) GLOBAL_UNCERTAINTY_ASSIGNED_CONTEXT ( ( #9991 ) ) GLOBAL_UNIT_ASSIGNED_CONTEXT ( ( #6759, #8830, #879 ) ) REPRESENTATION_CONTEXT ( 'NONE', 'WORKASPACE' ) );
#3489 = VECTOR ( 'NONE', #11630, 1000.000000000000000 ) ;
#3490 = EDGE_CURVE ( 'NONE', #148, #8514, #856, .T. ) ;
#3491 = CARTESIAN_POINT ( 'NONE',  ( 0.000000000000000000, 0.000000000000000000, 0.000000000000000000 ) ) ;
#3492 = APPLICATION_CONTEXT ( 'automotive_design' ) ;
#3493 = ADVANCED_FACE ( 'NONE', ( #5399 ), #11911, .F. ) ;
#3494 = CARTESIAN_POINT ( 'NONE',  ( 0.8699999999999997735, 0.04000000000000000083, 0.1250000000000003331 ) ) ;
#3495 = VECTOR ( 'NONE', #3522, 1000.000000000000000 ) ;
#3496 =( LENGTH_UNIT ( ) NAMED_UNIT ( * ) SI_UNIT ( .MILLI., .METRE. ) );
#3497 = VECTOR ( 'NONE', #1035, 1000.000000000000000 ) ;
#3498 = CARTESIAN_POINT ( 'NONE',  ( -1.814999999999999947, 0.1000000000000000056, 0.4000000000000000222 ) ) ;
#3499 = CARTESIAN_POINT ( 'NONE',  ( -2.350000000000000089, 0.2999999999999999889, -1.199999999999999956 ) ) ;
#3500 = CARTESIAN_POINT ( 'NONE',  ( 1.814999999999999947, 0.000000000000000000, -1.000000000000000000 ) ) ;
#3501 = DIRECTION ( 'NONE',  ( 1.000000000000000000, 0.000000000000000000, 0.000000000000000000 ) ) ;
#3502 = EDGE_LOOP ( 'NONE', ( #12014, #7771, #10623, #4248 ) ) ;
#3503 = AXIS2_PLACEMENT_3D ( 'NONE', #3528, #682, #4463 ) ;
#3504 = SURFACE_STYLE_FILL_AREA ( #6114 ) ;
#3505 = DIRECTION ( 'NONE',  ( 0.000000000000000000, 1.000000000000000000, 0.000000000000000000 ) ) ;
#3506 = VECTOR ( 'NONE', #5025, 1000.000000000000000 ) ;
#3507 = DIRECTION ( 'NONE',  ( 0.000000000000000000, 1.000000000000000000, 0.000000000000000000 ) ) ;
#3508 = ORIENTED_EDGE ( 'NONE', *, *, #5864, .F. ) ;
#3509 = EDGE_LOOP ( 'NONE', ( #10045, #11575, #7178, #5930 ) ) ;
#3510 = VECTOR ( 'NONE', #4931, 1000.000000000000000 ) ;
#3511 = EDGE_LOOP ( 'NONE', ( #12091, #7337, #3959, #12286 ) ) ;
#3512 = EDGE_CURVE ( 'NONE', #5266, #713, #812, .T. ) ;
#3513 = EDGE_LOOP ( 'NONE', ( #3621, #8024, #11842, #2644, #7984, #8152, #7651, #8402 ) ) ;
#3514 = CARTESIAN_POINT ( 'NONE',  ( -5.714999999999998970, -0.1000000000000000056, -0.7293999999999989381 ) ) ;
#3515 = ORIENTED_EDGE ( 'NONE', *, *, #1393, .T. ) ;
#3516 = DIRECTION ( 'NONE',  ( -0.000000000000000000, -0.000000000000000000, 1.000000000000000000 ) ) ;
#3517 = LINE ( 'NONE', #5315, #7527 ) ;
#3518 = ORIENTED_EDGE ( 'NONE', *, *, #8583, .F. ) ;
#3519 = DIRECTION ( 'NONE',  ( 0.000000000000000000, -0.000000000000000000, -1.000000000000000000 ) ) ;
#3520 =( NAMED_UNIT ( * ) PLANE_ANGLE_UNIT ( ) SI_UNIT ( $, .RADIAN. ) );
#3521 = DIRECTION ( 'NONE',  ( 0.000000000000000000, 0.000000000000000000, -1.000000000000000000 ) ) ;
#3522 = DIRECTION ( 'NONE',  ( 1.000000000000000000, 0.000000000000000000, 8.537024980200820092E-17 ) ) ;
#3523 = ORIENTED_EDGE ( 'NONE', *, *, #7610, .T. ) ;
#3524 = ORIENTED_EDGE ( 'NONE', *, *, #10254, .F. ) ;
#3525 = EDGE_CURVE ( 'NONE', #10728, #1046, #5059, .T. ) ;
#3526 = CARTESIAN_POINT ( 'NONE',  ( 5.714999999999999858, 0.000000000000000000, -0.1397000000000006292 ) ) ;
#3527 = VECTOR ( 'NONE', #10602, 1000.000000000000000 ) ;
#3528 = CARTESIAN_POINT ( 'NONE',  ( 0.4398837366478682287, 0.3099999999999999978, 0.1250000000000003331 ) ) ;
#3529 = FILL_AREA_STYLE_COLOUR ( '', #1535 ) ;
#3530 = EDGE_CURVE ( 'NONE', #2687, #5259, #9195, .T. ) ;
#3531 = ORIENTED_EDGE ( 'NONE', *, *, #3276, .T. ) ;
#3532 = EDGE_CURVE ( 'NONE', #9345, #5435, #1031, .T. ) ;
#3533 = VERTEX_POINT ( 'NONE', #3384 ) ;
#3534 = DIRECTION ( 'NONE',  ( 0.000000000000000000, 1.000000000000000000, 0.000000000000000000 ) ) ;
#3535 = VERTEX_POINT ( 'NONE', #12274 ) ;
#3536 = MECHANICAL_DESIGN_GEOMETRIC_PRESENTATION_REPRESENTATION (  '', ( #9391 ), #11538 ) ;
#3537 = DIRECTION ( 'NONE',  ( -1.000000000000000000, 0.000000000000000000, 0.000000000000000000 ) ) ;
#3538 = LINE ( 'NONE', #291, #11918 ) ;
#3539 = VECTOR ( 'NONE', #757, 1000.000000000000000 ) ;
#3540 = DIRECTION ( 'NONE',  ( -1.707404996040164018E-16, 0.000000000000000000, 1.000000000000000000 ) ) ;
#3541 = ORIENTED_EDGE ( 'NONE', *, *, #1469, .T. ) ;
#3542 = DIRECTION ( 'NONE',  ( 0.000000000000000000, 0.000000000000000000, 1.000000000000000000 ) ) ;
#3543 = FACE_OUTER_BOUND ( 'NONE', #5363, .T. ) ;
#3544 = ORIENTED_EDGE ( 'NONE', *, *, #11862, .F. ) ;
#3545 = ORIENTED_EDGE ( 'NONE', *, *, #5872, .T. ) ;
#3546 = ORIENTED_EDGE ( 'NONE', *, *, #5468, .T. ) ;
#3547 = EDGE_CURVE ( 'NONE', #7649, #10912, #1152, .T. ) ;
#3548 = DIRECTION ( 'NONE',  ( 0.000000000000000000, 0.000000000000000000, 1.000000000000000000 ) ) ;
#3549 = ORIENTED_EDGE ( 'NONE', *, *, #2656, .F. ) ;
#3550 = DIRECTION ( 'NONE',  ( 1.000000000000000000, -5.421010862427530059E-16, 0.000000000000000000 ) ) ;
#3552 = ORIENTED_EDGE ( 'NONE', *, *, #1790, .F. ) ;
#3551 = CARTESIAN_POINT ( 'NONE',  ( -1.755769684305005018, 1.500000000000000000, 0.1754255192035054922 ) ) ;
#3553 = CARTESIAN_POINT ( 'NONE',  ( 0.8699999999999997735, 0.3499999999999999778, -1.434999999999999609 ) ) ;
#3554 = DIRECTION ( 'NONE',  ( 0.000000000000000000, 1.000000000000000000, 0.000000000000000000 ) ) ;
#3555 = CARTESIAN_POINT ( 'NONE',  ( -0.2049999999999999878, 0.000000000000000000, 0.4000000000000000222 ) ) ;
#3556 = DIRECTION ( 'NONE',  ( -1.000000000000000000, 0.000000000000000000, 0.000000000000000000 ) ) ;
#3557 = EDGE_CURVE ( 'NONE', #11899, #6975, #9222, .T. ) ;
#3558 = AXIS2_PLACEMENT_3D ( 'NONE', #5716, #8730, #4481 ) ;
#3559 = DIRECTION ( 'NONE',  ( 1.000000000000000000, 0.000000000000000000, 0.000000000000000000 ) ) ;
#3560 = MECHANICAL_DESIGN_GEOMETRIC_PRESENTATION_REPRESENTATION (  '', ( #12229 ), #2902 ) ;
#3561 = CARTESIAN_POINT ( 'NONE',  ( 1.214999999999999858, 0.000000000000000000, -0.4000000000000000222 ) ) ;
#3562 = LINE ( 'NONE', #3781, #3539 ) ;
#3563 = CARTESIAN_POINT ( 'NONE',  ( -1.969999999999999973, 7.692733390912210645, -1.180000000000000160 ) ) ;
#3564 = VECTOR ( 'NONE', #6184, 1000.000000000000000 ) ;
#3565 = EDGE_CURVE ( 'NONE', #7166, #10957, #9479, .T. ) ;
#3566 = ORIENTED_EDGE ( 'NONE', *, *, #11590, .T. ) ;
#3567 = FACE_OUTER_BOUND ( 'NONE', #6608, .T. ) ;
#3568 = VECTOR ( 'NONE', #4607, 1000.000000000000000 ) ;
#3569 = FILL_AREA_STYLE ('',( #6540 ) ) ;
#3570 = ORIENTED_EDGE ( 'NONE', *, *, #8029, .F. ) ;
#3571 = ORIENTED_EDGE ( 'NONE', *, *, #8181, .F. ) ;
#3572 = LINE ( 'NONE', #371, #3414 ) ;
#3573 = CARTESIAN_POINT ( 'NONE',  ( -0.2049999999999999878, 0.1000000000000000056, -0.4000000000000000222 ) ) ;
#3574 = DIRECTION ( 'NONE',  ( 1.000000000000000000, 0.000000000000000000, 0.000000000000000000 ) ) ;
#3575 = PRODUCT_RELATED_PRODUCT_CATEGORY ( 'part', '', ( #29 ) ) ;
#3576 = ORIENTED_EDGE ( 'NONE', *, *, #4697, .F. ) ;
#3577 = ADVANCED_FACE ( 'NONE', ( #5100 ), #4684, .T. ) ;
#3578 = EDGE_LOOP ( 'NONE', ( #5555, #8780, #5879, #6052 ) ) ;
#3579 = CARTESIAN_POINT ( 'NONE',  ( -1.570000000000000062, 0.5000000000000000000, -0.2850000000000003642 ) ) ;
#3580 = VERTEX_POINT ( 'NONE', #6073 ) ;
#3581 = ADVANCED_FACE ( 'NONE', ( #9352 ), #7764, .F. ) ;
#3582 = AXIS2_PLACEMENT_3D ( 'NONE', #11500, #2968, #10557 ) ;
#3583 = EDGE_CURVE ( 'NONE', #7383, #1849, #4993, .T. ) ;
#3584 = VECTOR ( 'NONE', #11854, 1000.000000000000000 ) ;
#3585 = AXIS2_PLACEMENT_3D ( 'NONE', #9234, #2063, #1984 ) ;
#3586 = CARTESIAN_POINT ( 'NONE',  ( 0.000000000000000000, 0.000000000000000000, 0.000000000000000000 ) ) ;
#3587 = CYLINDRICAL_SURFACE ( 'NONE', #8778, 0.05000000000000012768 ) ;
#3588 = AXIS2_PLACEMENT_3D ( 'NONE', #4759, #10542, #11487 ) ;
#3589 = CARTESIAN_POINT ( 'NONE',  ( -2.232161706211294838, 2.899999999999999911, 1.932161706211294794 ) ) ;
#3590 = FILL_AREA_STYLE_COLOUR ( '', #634 ) ;
#3591 =( NAMED_UNIT ( * ) PLANE_ANGLE_UNIT ( ) SI_UNIT ( $, .RADIAN. ) );
#3592 = CARTESIAN_POINT ( 'NONE',  ( -1.783305637430995239, 1.491734533487860004, 0.1822360024451334937 ) ) ;
#3593 = CARTESIAN_POINT ( 'NONE',  ( 6.985000000000000320, -0.1000000000000000472, -1.130299999999998972 ) ) ;
#3594 = EDGE_LOOP ( 'NONE', ( #3857, #7812, #873, #8993 ) ) ;
#3595 = CARTESIAN_POINT ( 'NONE',  ( 0.8699999999999997735, 0.04000000000000000083, -1.394999999999999574 ) ) ;
#3596 = FACE_OUTER_BOUND ( 'NONE', #11315, .T. ) ;
#3597 = CARTESIAN_POINT ( 'NONE',  ( -5.714999999999998970, -0.1000000000000000056, 0.09439999999999956759 ) ) ;
#3598 = ORIENTED_EDGE ( 'NONE', *, *, #2461, .F. ) ;
#3599 = ORIENTED_EDGE ( 'NONE', *, *, #8470, .F. ) ;
#3600 = VECTOR ( 'NONE', #9481, 1000.000000000000000 ) ;
#3601 = AXIS2_PLACEMENT_3D ( 'NONE', #3491, #4519, #5600 ) ;
#3602 = EDGE_LOOP ( 'NONE', ( #8336, #4075, #11720, #12605 ) ) ;
#3603 = VERTEX_POINT ( 'NONE', #3204 ) ;
#3604 = EDGE_LOOP ( 'NONE', ( #12380, #1747, #4897, #339 ) ) ;
#3605 = DIRECTION ( 'NONE',  ( -1.122268564789513721E-16, 0.000000000000000000, -1.000000000000000000 ) ) ;
#3606 = ORIENTED_EDGE ( 'NONE', *, *, #3981, .F. ) ;
#3607 = FACE_OUTER_BOUND ( 'NONE', #982, .T. ) ;
#3608 = ORIENTED_EDGE ( 'NONE', *, *, #5524, .T. ) ;
#3609 = PRESENTATION_LAYER_ASSIGNMENT (  '', '', ( #1792 ) ) ;
#3610 = DIRECTION ( 'NONE',  ( 1.000000000000000000, -0.000000000000000000, -0.000000000000000000 ) ) ;
#3611 = CARTESIAN_POINT ( 'NONE',  ( 1.270000000000000240, -1.570000000000000062, 8.890000000000000568 ) ) ;
#3612 = CARTESIAN_POINT ( 'NONE',  ( -1.214999999999999858, 0.000000000000000000, -1.000000000000000000 ) ) ;
#3613 = CARTESIAN_POINT ( 'NONE',  ( 0.2049999999999999878, 0.1000000000000000056, 0.4000000000000000222 ) ) ;
#3614 = EDGE_LOOP ( 'NONE', ( #11689, #480, #4785, #11715 ) ) ;
#3615 = ORIENTED_EDGE ( 'NONE', *, *, #5398, .F. ) ;
#3616 = EDGE_CURVE ( 'NONE', #4028, #10291, #985, .T. ) ;
#3617 = DIRECTION ( 'NONE',  ( 1.000000000000000000, 0.000000000000000000, 0.000000000000000000 ) ) ;
#3618 = CARTESIAN_POINT ( 'NONE',  ( 3.511291849431149803, 2.536959774805514822, -2.011291849431145362 ) ) ;
#3619 = DIRECTION ( 'NONE',  ( 0.000000000000000000, 1.000000000000000000, 0.000000000000000000 ) ) ;
#3620 = VERTEX_POINT ( 'NONE', #10155 ) ;
#3621 = ORIENTED_EDGE ( 'NONE', *, *, #11573, .T. ) ;
#3622 = CARTESIAN_POINT ( 'NONE',  ( 1.270000000000000240, 0.000000000000000000, 9.650000000000000355 ) ) ;
#3623 = VERTEX_POINT ( 'NONE', #6150 ) ;
#3624 = EDGE_CURVE ( 'NONE', #8207, #7795, #5343, .T. ) ;
#3625 = CARTESIAN_POINT ( 'NONE',  ( 5.714999999999999858, -0.1000000000000000056, -0.3174999999999998934 ) ) ;
#3626 = FACE_OUTER_BOUND ( 'NONE', #4600, .T. ) ;
#3627 = CARTESIAN_POINT ( 'NONE',  ( 3.259999999999997122, 0.3099999999999999978, -3.574999999999998401 ) ) ;
#3628 = VECTOR ( 'NONE', #42, 1000.000000000000000 ) ;
#3629 =( NAMED_UNIT ( * ) SI_UNIT ( $, .STERADIAN. ) SOLID_ANGLE_UNIT ( ) );
#3630 = ORIENTED_EDGE ( 'NONE', *, *, #1812, .F. ) ;
#3631 = LINE ( 'NONE', #5534, #8066 ) ;
#3632 = DIRECTION ( 'NONE',  ( 0.000000000000000000, 0.000000000000000000, 1.000000000000000000 ) ) ;
#3633 = ORIENTED_EDGE ( 'NONE', *, *, #2964, .T. ) ;
#3634 = EDGE_LOOP ( 'NONE', ( #10236, #504, #9286, #1206 ) ) ;
#3635 = CIRCLE ( 'NONE', #3265, 0.5500000000000000444 ) ;
#3636 = ORIENTED_EDGE ( 'NONE', *, *, #9582, .F. ) ;
#3637 = ORIENTED_EDGE ( 'NONE', *, *, #4128, .F. ) ;
#3638 = AXIS2_PLACEMENT_3D ( 'NONE', #2928, #11740, #11998 ) ;
#3639 = CARTESIAN_POINT ( 'NONE',  ( -0.9700000000000001954, 0.000000000000000000, -0.2850000000000003642 ) ) ;
#3640 = EDGE_LOOP ( 'NONE', ( #7749, #3396, #5135, #8053 ) ) ;
#3641 = DIRECTION ( 'NONE',  ( 0.000000000000000000, 0.000000000000000000, 1.000000000000000000 ) ) ;
#3642 = EDGE_LOOP ( 'NONE', ( #581, #10471, #7832, #9024 ) ) ;
#3643 = DIRECTION ( 'NONE',  ( 0.000000000000000000, 1.000000000000000000, 0.000000000000000000 ) ) ;
#3644 = CARTESIAN_POINT ( 'NONE',  ( -1.430000000000000160, 1.399999999999999911, -0.4500000000000000111 ) ) ;
#3645 = AXIS2_PLACEMENT_3D ( 'NONE', #2777, #3031, #4063 ) ;
#3646 = CARTESIAN_POINT ( 'NONE',  ( -1.920000000000000151, 1.550000000000000044, -1.129999999999999893 ) ) ;
#3647 = VECTOR ( 'NONE', #4172, 1000.000000000000000 ) ;
#3648 = CARTESIAN_POINT ( 'NONE',  ( -3.432161706211294572, -1.146355821698993971, -1.932161706211289909 ) ) ;
#3649 = FACE_OUTER_BOUND ( 'NONE', #2151, .T. ) ;
#3650 = CARTESIAN_POINT ( 'NONE',  ( 0.2049999999999999878, 0.000000000000000000, -1.000000000000000000 ) ) ;
#3651 = CARTESIAN_POINT ( 'NONE',  ( 1.814999999999999947, 0.000000000000000000, 1.000000000000000000 ) ) ;
#3652 = EDGE_CURVE ( 'NONE', #170, #3326, #949, .T. ) ;
#3653 = FACE_OUTER_BOUND ( 'NONE', #1666, .T. ) ;
#3654 = AXIS2_PLACEMENT_3D ( 'NONE', #2646, #3657, #5665 ) ;
#3655 = ORIENTED_EDGE ( 'NONE', *, *, #10375, .T. ) ;
#3656 = FACE_OUTER_BOUND ( 'NONE', #7144, .T. ) ;
#3657 = DIRECTION ( 'NONE',  ( -0.000000000000000000, 1.000000000000000000, -0.000000000000000000 ) ) ;
#3658 = ADVANCED_FACE ( 'NONE', ( #1050 ), #2070, .T. ) ;
#3659 = VERTEX_POINT ( 'NONE', #543 ) ;
#3660 = ORIENTED_EDGE ( 'NONE', *, *, #6100, .T. ) ;
#3661 = AXIS2_PLACEMENT_3D ( 'NONE', #8379, #5422, #534 ) ;
#3662 = VECTOR ( 'NONE', #5444, 1000.000000000000000 ) ;
#3663 = CARTESIAN_POINT ( 'NONE',  ( 1.970000000000001750, 1.529289321881347696, -1.179999999999998384 ) ) ;
#3664 = CARTESIAN_POINT ( 'NONE',  ( 1.814999999999999947, 0.000000000000000000, 1.000000000000000000 ) ) ;
#3665 = ORIENTED_EDGE ( 'NONE', *, *, #3530, .T. ) ;
#3666 = AXIS2_PLACEMENT_3D ( 'NONE', #5570, #3540, #6202 ) ;
#3667 = VERTEX_POINT ( 'NONE', #10004 ) ;
#3668 = ORIENTED_EDGE ( 'NONE', *, *, #613, .F. ) ;
#3669 = EDGE_CURVE ( 'NONE', #1834, #2959, #1214, .T. ) ;
#3670 = LINE ( 'NONE', #11229, #12372 ) ;
#3671 = VECTOR ( 'NONE', #8164, 1000.000000000000000 ) ;
#3672 = EDGE_CURVE ( 'NONE', #1501, #5118, #5231, .T. ) ;
#3673 = VECTOR ( 'NONE', #4883, 1000.000000000000000 ) ;
#3674 = CARTESIAN_POINT ( 'NONE',  ( 4.209999999999999076, 0.03999999999999999389, -1.185000000000000053 ) ) ;
#3675 = DIRECTION ( 'NONE',  ( 0.000000000000000000, 0.000000000000000000, 1.000000000000000000 ) ) ;
#3676 =( LENGTH_UNIT ( ) NAMED_UNIT ( * ) SI_UNIT ( .MILLI., .METRE. ) );
#3677 = CARTESIAN_POINT ( 'NONE',  ( 4.360000000000002096, 0.3500000000000000333, -2.344883736647870531 ) ) ;
#3678 = DIRECTION ( 'NONE',  ( 0.000000000000000000, 0.000000000000000000, 1.000000000000000000 ) ) ;
#3679 = EDGE_CURVE ( 'NONE', #12245, #3659, #1173, .T. ) ;
#3680 = VERTEX_POINT ( 'NONE', #3100 ) ;
#3681 = LINE ( 'NONE', #3311, #12108 ) ;
#3682 = EDGE_CURVE ( 'NONE', #12454, #5726, #878, .T. ) ;
#3683 = VERTEX_POINT ( 'NONE', #3948 ) ;
#3684 = ORIENTED_EDGE ( 'NONE', *, *, #2598, .T. ) ;
#3685 = LINE ( 'NONE', #1629, #3725 ) ;
#3686 = EDGE_LOOP ( 'NONE', ( #3566, #861, #9131, #3541 ) ) ;
#3687 = ADVANCED_FACE ( 'NONE', ( #787 ), #6816, .T. ) ;
#3688 = ORIENTED_EDGE ( 'NONE', *, *, #2471, .T. ) ;
#3689 = ORIENTED_EDGE ( 'NONE', *, *, #8963, .T. ) ;
#3690 = ADVANCED_FACE ( 'NONE', ( #1092, #906, #9504, #5378, #9610, #5077, #9173, #5018, #1114 ), #10889, .F. ) ;
#3691 = DIRECTION ( 'NONE',  ( 1.000000000000000000, 0.000000000000000000, 0.000000000000000000 ) ) ;
#3692 = EDGE_CURVE ( 'NONE', #8776, #8202, #9246, .T. ) ;
#3693 = VECTOR ( 'NONE', #4613, 1000.000000000000000 ) ;
#3694 = EDGE_CURVE ( 'NONE', #9070, #874, #833, .T. ) ;
#3695 = EDGE_CURVE ( 'NONE', #10019, #11863, #5039, .T. ) ;
#3696 = ORIENTED_EDGE ( 'NONE', *, *, #832, .F. ) ;
#3697 = LINE ( 'NONE', #5873, #8167 ) ;
#3698 = CARTESIAN_POINT ( 'NONE',  ( -0.9700000000000001954, 0.5000000000000000000, -1.234999999999999876 ) ) ;
#3699 = AXIS2_PLACEMENT_3D ( 'NONE', #6266, #5068, #7479 ) ;
#3700 = PLANE ( 'NONE',  #8644 ) ;
#3701 = DIRECTION ( 'NONE',  ( -1.000000000000000000, 0.000000000000000000, 0.000000000000000000 ) ) ;
#3702 = ORIENTED_EDGE ( 'NONE', *, *, #4164, .T. ) ;
#3703 = ORIENTED_EDGE ( 'NONE', *, *, #8699, .F. ) ;
#3704 = DIRECTION ( 'NONE',  ( 0.000000000000000000, -1.000000000000000000, 0.000000000000000000 ) ) ;
#3705 = CARTESIAN_POINT ( 'NONE',  ( 6.985000000000000320, 0.000000000000000000, -0.3174999999999996714 ) ) ;
#3706 = FACE_OUTER_BOUND ( 'NONE', #3334, .T. ) ;
#3707 = CARTESIAN_POINT ( 'NONE',  ( -3.460000000000000409, 0.5000000000000000000, -3.474999999999999645 ) ) ;
#3708 = ORIENTED_EDGE ( 'NONE', *, *, #10285, .F. ) ;
#3709 = ORIENTED_EDGE ( 'NONE', *, *, #4453, .T. ) ;
#3710 = ORIENTED_EDGE ( 'NONE', *, *, #727, .T. ) ;
#3711 = DIRECTION ( 'NONE',  ( -1.000000000000000000, 0.000000000000000000, 0.000000000000000000 ) ) ;
#3712 = VERTEX_POINT ( 'NONE', #3193 ) ;
#3713 = DIRECTION ( 'NONE',  ( 4.517509052022940401E-16, 0.000000000000000000, 1.000000000000000000 ) ) ;
#3714 = COLOUR_RGB ( '',0.7921568627450980005, 0.8196078431372548767, 0.9333333333333333481 ) ;
#3715 = LINE ( 'NONE', #4279, #3802 ) ;
#3716 = DIRECTION ( 'NONE',  ( -0.000000000000000000, 1.000000000000000000, 0.000000000000000000 ) ) ;
#3717 = CIRCLE ( 'NONE', #11748, 0.7600000000000002309 ) ;
#3718 = CARTESIAN_POINT ( 'NONE',  ( -3.432161706211294572, 2.899999999999999911, -1.932161706211289909 ) ) ;
#3719 = ORIENTED_EDGE ( 'NONE', *, *, #858, .F. ) ;
#3720 = DIRECTION ( 'NONE',  ( -0.000000000000000000, 1.000000000000000000, 0.000000000000000000 ) ) ;
#3721 = CIRCLE ( 'NONE', #1389, 0.4200000000000000400 ) ;
#3722 = EDGE_CURVE ( 'NONE', #3998, #11155, #5143, .T. ) ;
#3723 = ORIENTED_EDGE ( 'NONE', *, *, #11721, .T. ) ;
#3724 = ORIENTED_EDGE ( 'NONE', *, *, #10415, .T. ) ;
#3725 = VECTOR ( 'NONE', #1555, 1000.000000000000000 ) ;
#3726 = MECHANICAL_DESIGN_GEOMETRIC_PRESENTATION_REPRESENTATION (  '', ( #1492 ), #7955 ) ;
#3727 = ORIENTED_EDGE ( 'NONE', *, *, #2576, .F. ) ;
#3728 = CARTESIAN_POINT ( 'NONE',  ( 3.050000000000000711, 0.3099999999999999978, -2.774999999999997247 ) ) ;
#3729 = CLOSED_SHELL ( 'NONE', ( #4728, #4037, #3795, #10933, #10783, #6812 ) ) ;
#3730 = EDGE_CURVE ( 'NONE', #5335, #9544, #5273, .T. ) ;
#3731 = CARTESIAN_POINT ( 'NONE',  ( -6.349999999999999645, -3.719604614807106024, 8.890000000000000568 ) ) ;
#3733 = VERTEX_POINT ( 'NONE', #6735 ) ;
#3732 = CARTESIAN_POINT ( 'NONE',  ( 5.714999999999999858, -1.519903165712366722, -1.130299999999999194 ) ) ;
#3734 = CARTESIAN_POINT ( 'NONE',  ( -1.864999999999999991, 0.2000000000000000111, 1.050000000000000044 ) ) ;
#3735 = FACE_OUTER_BOUND ( 'NONE', #6662, .T. ) ;
#3736 = DIRECTION ( 'NONE',  ( 0.000000000000000000, 0.000000000000000000, 1.000000000000000000 ) ) ;
#3737 = LINE ( 'NONE', #11277, #7844 ) ;
#3738 = DIRECTION ( 'NONE',  ( 0.000000000000000000, 1.000000000000000000, 0.000000000000000000 ) ) ;
#3739 = CARTESIAN_POINT ( 'NONE',  ( -1.814999999999999947, 0.1000000000000000056, -1.000000000000000000 ) ) ;
#3740 = DIRECTION ( 'NONE',  ( 0.000000000000000000, -1.000000000000000000, 0.000000000000000000 ) ) ;
#3741 = AXIS2_PLACEMENT_3D ( 'NONE', #10322, #4608, #2238 ) ;
#3742 = ORIENTED_EDGE ( 'NONE', *, *, #1277, .T. ) ;
#3743 = MECHANICAL_DESIGN_GEOMETRIC_PRESENTATION_REPRESENTATION (  '', ( #5334 ), #7830 ) ;
#3744 = CARTESIAN_POINT ( 'NONE',  ( 6.350000000000001421, -3.719604614807106024, 8.890000000000000568 ) ) ;
#3745 = ORIENTED_EDGE ( 'NONE', *, *, #9061, .T. ) ;
#3746 = ORIENTED_EDGE ( 'NONE', *, *, #12480, .F. ) ;
#3747 = EDGE_CURVE ( 'NONE', #5831, #12435, #9373, .T. ) ;
#3748 = FACE_OUTER_BOUND ( 'NONE', #6647, .T. ) ;
#3749 = SURFACE_STYLE_USAGE ( .BOTH. , #9586 ) ;
#3750 = CARTESIAN_POINT ( 'NONE',  ( -1.570000000000000062, 0.000000000000000000, -1.234999999999999876 ) ) ;
#3751 = UNCERTAINTY_MEASURE_WITH_UNIT (LENGTH_MEASURE( 1.000000000000000082E-05 ), #6326, 'distance_accuracy_value', 'NONE');
#3752 = ORIENTED_EDGE ( 'NONE', *, *, #11210, .T. ) ;
#3753 = UNCERTAINTY_MEASURE_WITH_UNIT (LENGTH_MEASURE( 1.000000000000000082E-05 ), #9660, 'distance_accuracy_value', 'NONE');
#3754 = AXIS2_PLACEMENT_3D ( 'NONE', #12143, #9886, #10863 ) ;
#3755 = ORIENTED_EDGE ( 'NONE', *, *, #4425, .F. ) ;
#3756 = ORIENTED_EDGE ( 'NONE', *, *, #7612, .F. ) ;
#3757 = FACE_OUTER_BOUND ( 'NONE', #462, .T. ) ;
#3758 = VECTOR ( 'NONE', #7291, 1000.000000000000000 ) ;
#3759 = DIRECTION ( 'NONE',  ( 0.000000000000000000, -0.000000000000000000, -1.000000000000000000 ) ) ;
#3760 = VECTOR ( 'NONE', #11102, 1000.000000000000000 ) ;
#3761 = CARTESIAN_POINT ( 'NONE',  ( -3.460000000000000409, 0.5000000000000000000, -2.875000000000000000 ) ) ;
#3762 = DIRECTION ( 'NONE',  ( 0.000000000000000000, -0.000000000000000000, -1.000000000000000000 ) ) ;
#3763 = DIRECTION ( 'NONE',  ( 1.000000000000000000, -0.000000000000000000, 0.000000000000000000 ) ) ;
#3764 = DIRECTION ( 'NONE',  ( 1.000000000000000000, 0.000000000000000000, 8.537024980200820092E-17 ) ) ;
#3765 = SURFACE_STYLE_USAGE ( .BOTH. , #4016 ) ;
#3766 = EDGE_LOOP ( 'NONE', ( #9581, #5075, #10990, #9197 ) ) ;
#3767 = ADVANCED_FACE ( 'NONE', ( #5185 ), #6901, .F. ) ;
#3768 = CARTESIAN_POINT ( 'NONE',  ( -0.2049999999999999878, 0.1000000000000000056, -0.4000000000000000222 ) ) ;
#3769 = ORIENTED_EDGE ( 'NONE', *, *, #1587, .T. ) ;
#3770 = EDGE_LOOP ( 'NONE', ( #9261, #4647, #362, #11736 ) ) ;
#3771 = LINE ( 'NONE', #6270, #7700 ) ;
#3772 = ORIENTED_EDGE ( 'NONE', *, *, #9013, .F. ) ;
#3773 = ORIENTED_EDGE ( 'NONE', *, *, #1696, .T. ) ;
#3774 = DIRECTION ( 'NONE',  ( 0.000000000000000000, 0.000000000000000000, 1.000000000000000000 ) ) ;
#3775 = ORIENTED_EDGE ( 'NONE', *, *, #6352, .T. ) ;
#3776 = VECTOR ( 'NONE', #2464, 1000.000000000000000 ) ;
#3777 = LINE ( 'NONE', #2260, #3671 ) ;
#3778 = EDGE_CURVE ( 'NONE', #7532, #12176, #9399, .T. ) ;
#3779 = EDGE_LOOP ( 'NONE', ( #5293, #9538, #11759, #7774 ) ) ;
#3780 = EDGE_CURVE ( 'NONE', #4007, #3186, #1007, .T. ) ;
#3781 = CARTESIAN_POINT ( 'NONE',  ( 0.2049999999999999878, 0.1000000000000000056, -1.000000000000000000 ) ) ;
#3782 = FILL_AREA_STYLE_COLOUR ( '', #5160 ) ;
#3783 = CARTESIAN_POINT ( 'NONE',  ( 3.009999999999998010, 0.3499999999999999778, -3.574999999999997513 ) ) ;
#3784 = ORIENTED_EDGE ( 'NONE', *, *, #9405, .F. ) ;
#3785 = VERTEX_POINT ( 'NONE', #10727 ) ;
#3786 = CARTESIAN_POINT ( 'NONE',  ( 3.250000000000000000, 1.250000000000000000, 1.199999999999999956 ) ) ;
#3787 = DIRECTION ( 'NONE',  ( 0.000000000000000000, 1.000000000000000000, 0.000000000000000000 ) ) ;
#3788 = CARTESIAN_POINT ( 'NONE',  ( 1.949289321881343184, 1.550000000000001155, 1.159289321881344703 ) ) ;
#3789 = LINE ( 'NONE', #6921, #7679 ) ;
#3790 = DIRECTION ( 'NONE',  ( 0.000000000000000000, 0.000000000000000000, 1.000000000000000000 ) ) ;
#3791 = DIRECTION ( 'NONE',  ( 0.000000000000000000, 0.000000000000000000, 1.000000000000000000 ) ) ;
#3792 = EDGE_LOOP ( 'NONE', ( #693, #1785, #2011, #7678, #460, #10677, #4089, #7493 ) ) ;
#3793 = LINE ( 'NONE', #6913, #3961 ) ;
#3794 = AXIS2_PLACEMENT_3D ( 'NONE', #10332, #1437, #4528 ) ;
#3795 = ADVANCED_FACE ( 'NONE', ( #9417 ), #5078, .F. ) ;
#3796 = ORIENTED_EDGE ( 'NONE', *, *, #1045, .T. ) ;
#3797 = CARTESIAN_POINT ( 'NONE',  ( 4.360000000000001208, 0.3099999999999999978, -2.775000000000001688 ) ) ;
#3798 = FACE_OUTER_BOUND ( 'NONE', #3792, .T. ) ;
#3799 = VERTEX_POINT ( 'NONE', #1184 ) ;
#3800 = ADVANCED_FACE ( 'NONE', ( #5253 ), #2058, .T. ) ;
#3801 = CIRCLE ( 'NONE', #1727, 0.5100000000000000089 ) ;
#3802 = VECTOR ( 'NONE', #6113, 1000.000000000000000 ) ;
#3803 = DIRECTION ( 'NONE',  ( 1.000000000000000000, -0.000000000000000000, 0.000000000000000000 ) ) ;
#3804 = ORIENTED_EDGE ( 'NONE', *, *, #5254, .T. ) ;
#3805 = STYLED_ITEM ( 'NONE', ( #10454 ), #2289 ) ;
#3806 = CARTESIAN_POINT ( 'NONE',  ( 1.214999999999999858, 0.1000000000000000056, -1.000000000000000000 ) ) ;
#3807 = ORIENTED_EDGE ( 'NONE', *, *, #12165, .F. ) ;
#3808 = VERTEX_POINT ( 'NONE', #8982 ) ;
#3809 = ORIENTED_EDGE ( 'NONE', *, *, #8242, .F. ) ;
#3810 = FACE_OUTER_BOUND ( 'NONE', #10702, .T. ) ;
#3811 = EDGE_CURVE ( 'NONE', #5724, #7142, #1531, .T. ) ;
#3812 = FILL_AREA_STYLE ('',( #11663 ) ) ;
#3813 = ORIENTED_EDGE ( 'NONE', *, *, #1848, .F. ) ;
#3814 = FACE_OUTER_BOUND ( 'NONE', #785, .T. ) ;
#3815 = PLANE ( 'NONE',  #2949 ) ;
#3817 = ORIENTED_EDGE ( 'NONE', *, *, #11535, .F. ) ;
#3816 = CARTESIAN_POINT ( 'NONE',  ( 0.8050000000000000488, 0.1000000000000000056, -0.4000000000000000222 ) ) ;
#3818 = PLANE ( 'NONE',  #1470 ) ;
#3819 = CARTESIAN_POINT ( 'NONE',  ( -3.299999999999999822, 0.2999999999999999889, -1.199999999999999956 ) ) ;
#3820 = VECTOR ( 'NONE', #9722, 1000.000000000000000 ) ;
#3821 = CARTESIAN_POINT ( 'NONE',  ( -1.864999999999999991, 0.2000000000000000111, -1.050000000000000044 ) ) ;
#3822 = PRESENTATION_STYLE_ASSIGNMENT (( #9454 ) ) ;
#3823 = CARTESIAN_POINT ( 'NONE',  ( -3.250000000000000000, 1.550000000000000044, 1.199999999999999956 ) ) ;
#3824 = ADVANCED_FACE ( 'NONE', ( #9743 ), #1256, .T. ) ;
#3825 = CARTESIAN_POINT ( 'NONE',  ( -0.2049999999999999878, 0.1000000000000000056, 0.4000000000000000222 ) ) ;
#3826 = EDGE_CURVE ( 'NONE', #4620, #2959, #5442, .T. ) ;
#3827 = ORIENTED_EDGE ( 'NONE', *, *, #10747, .T. ) ;
#3828 = DIRECTION ( 'NONE',  ( 0.000000000000000000, -1.000000000000000000, 0.000000000000000000 ) ) ;
#3829 = ORIENTED_EDGE ( 'NONE', *, *, #5593, .T. ) ;
#3830 = ORIENTED_EDGE ( 'NONE', *, *, #3036, .F. ) ;
#3831 = EDGE_CURVE ( 'NONE', #6342, #760, #9655, .T. ) ;
#3832 = LINE ( 'NONE', #1872, #4023 ) ;
#3833 = CARTESIAN_POINT ( 'NONE',  ( 3.409999999999998810, 0.03999999999999999389, -0.08499999999999989508 ) ) ;
#3834 = EDGE_CURVE ( 'NONE', #2806, #7649, #9933, .T. ) ;
#3835 = ORIENTED_EDGE ( 'NONE', *, *, #3862, .F. ) ;
#3836 = TOROIDAL_SURFACE ( 'NONE', #10186, 0.3699999999999999956, 0.05000000000000000278 ) ;
#3837 = CARTESIAN_POINT ( 'NONE',  ( -6.984999999999999432, -1.519903165712366722, -1.364399999999999169 ) ) ;
#3838 = EDGE_CURVE ( 'NONE', #3603, #1144, #10008, .T. ) ;
#3839 = EDGE_LOOP ( 'NONE', ( #8033, #12294, #10756, #2567 ) ) ;
#3840 = LINE ( 'NONE', #2077, #7630 ) ;
#3841 = VERTEX_POINT ( 'NONE', #10462 ) ;
#3842 = EDGE_CURVE ( 'NONE', #10548, #3841, #1429, .T. ) ;
#3843 = VECTOR ( 'NONE', #2494, 1000.000000000000000 ) ;
#3844 = EDGE_CURVE ( 'NONE', #4641, #10571, #5614, .T. ) ;
#3845 = VECTOR ( 'NONE', #7384, 1000.000000000000000 ) ;
#3846 = CARTESIAN_POINT ( 'NONE',  ( 0.8050000000000000488, 0.000000000000000000, 1.000000000000000000 ) ) ;
#3847 = DIRECTION ( 'NONE',  ( 0.000000000000000000, -1.000000000000000000, 0.000000000000000000 ) ) ;
#3848 = DIRECTION ( 'NONE',  ( 0.000000000000000000, 0.000000000000000000, 1.000000000000000000 ) ) ;
#3849 = PLANE ( 'NONE',  #1198 ) ;
#3850 = PLANE ( 'NONE',  #1891 ) ;
#3851 = CARTESIAN_POINT ( 'NONE',  ( 2.979883736647867654, 0.3099999999999999978, -0.08499999999999982569 ) ) ;
#3852 = CARTESIAN_POINT ( 'NONE',  ( 1.243805537978294113E-16, 1.500000000000000000, 1.129999999999999893 ) ) ;
#3853 = VERTEX_POINT ( 'NONE', #2713 ) ;
#3854 = EDGE_LOOP ( 'NONE', ( #2164, #10093 ) ) ;
#3855 = ORIENTED_EDGE ( 'NONE', *, *, #558, .T. ) ;
#3856 = VECTOR ( 'NONE', #11591, 1000.000000000000000 ) ;
#3857 = ORIENTED_EDGE ( 'NONE', *, *, #1348, .F. ) ;
#3858 = VERTEX_POINT ( 'NONE', #3555 ) ;
#3859 = PLANE ( 'NONE',  #10192 ) ;
#3860 = VECTOR ( 'NONE', #8030, 1000.000000000000000 ) ;
#3861 = ORIENTED_EDGE ( 'NONE', *, *, #860, .F. ) ;
#3862 = EDGE_CURVE ( 'NONE', #2891, #280, #5745, .T. ) ;
#3863 = DIRECTION ( 'NONE',  ( -1.000000000000000000, 0.000000000000000000, 1.100712865467515846E-16 ) ) ;
#3864 = EDGE_CURVE ( 'NONE', #3411, #635, #5520, .T. ) ;
#3865 = MECHANICAL_DESIGN_GEOMETRIC_PRESENTATION_REPRESENTATION (  '', ( #1749 ), #6126 ) ;
#3866 = VECTOR ( 'NONE', #9843, 1000.000000000000000 ) ;
#3867 = ORIENTED_EDGE ( 'NONE', *, *, #1575, .F. ) ;
#3868 = FACE_OUTER_BOUND ( 'NONE', #10105, .T. ) ;
#3869 = PLANE ( 'NONE',  #6011 ) ;
#3870 = CARTESIAN_POINT ( 'NONE',  ( -6.349999999999999645, -1.570000000000000062, 8.890000000000000568 ) ) ;
#3871 = CARTESIAN_POINT ( 'NONE',  ( 0.2049999999999999878, 0.1000000000000000056, 1.000000000000000000 ) ) ;
#3872 = ADVANCED_FACE ( 'NONE', ( #1278 ), #9721, .F. ) ;
#3873 = ORIENTED_EDGE ( 'NONE', *, *, #2543, .T. ) ;
#3874 = ORIENTED_EDGE ( 'NONE', *, *, #4502, .F. ) ;
#3875 = DIRECTION ( 'NONE',  ( 0.000000000000000000, -1.000000000000000000, 0.000000000000000000 ) ) ;
#3876 = VECTOR ( 'NONE', #12555, 1000.000000000000000 ) ;
#3877 = CARTESIAN_POINT ( 'NONE',  ( 3.409999999999998810, 0.3099999999999999978, -1.394999999999999796 ) ) ;
#3878 = ORIENTED_EDGE ( 'NONE', *, *, #8436, .F. ) ;
#3879 = LINE ( 'NONE', #12093, #16 ) ;
#3880 = ORIENTED_EDGE ( 'NONE', *, *, #1212, .F. ) ;
#3881 = ORIENTED_EDGE ( 'NONE', *, *, #8906, .T. ) ;
#3882 = DIRECTION ( 'NONE',  ( 0.000000000000000000, 1.000000000000000000, 0.000000000000000000 ) ) ;
#3883 = CIRCLE ( 'NONE', #10194, 0.5100000000000000089 ) ;
#3884 = AXIS2_PLACEMENT_3D ( 'NONE', #5371, #738, #8229 ) ;
#3885 = CARTESIAN_POINT ( 'NONE',  ( 3.810000000000000941, -3.719604614807106024, 8.890000000000000568 ) ) ;
#3886 = PRESENTATION_LAYER_ASSIGNMENT (  '', '', ( #1492 ) ) ;
#3887 = PLANE ( 'NONE',  #2992 ) ;
#3888 = ORIENTED_EDGE ( 'NONE', *, *, #1674, .F. ) ;
#3889 = CARTESIAN_POINT ( 'NONE',  ( 0.8050000000000000488, 0.1000000000000000056, -1.000000000000000000 ) ) ;
#3890 = ORIENTED_EDGE ( 'NONE', *, *, #6147, .F. ) ;
#3891 = ORIENTED_EDGE ( 'NONE', *, *, #93, .F. ) ;
#3892 = VECTOR ( 'NONE', #9512, 1000.000000000000000 ) ;
#3893 = ORIENTED_EDGE ( 'NONE', *, *, #11712, .F. ) ;
#3894 = DIRECTION ( 'NONE',  ( 0.000000000000000000, 0.000000000000000000, -1.000000000000000000 ) ) ;
#3895 = ADVANCED_FACE ( 'NONE', ( #1334 ), #4761, .F. ) ;
#3896 = ORIENTED_EDGE ( 'NONE', *, *, #7552, .F. ) ;
#3897 = CARTESIAN_POINT ( 'NONE',  ( 4.209999999999999076, 0.3099999999999999978, -1.185000000000000275 ) ) ;
#3899 = EDGE_LOOP ( 'NONE', ( #12020, #6162, #10287, #11364 ) ) ;
#3898 = FILL_AREA_STYLE_COLOUR ( '', #10261 ) ;
#3900 = CARTESIAN_POINT ( 'NONE',  ( -5.080000000000000071, -1.570000000000000062, -5.969999999999999751 ) ) ;
#3901 = DIRECTION ( 'NONE',  ( 1.000000000000000000, 0.000000000000000000, 0.000000000000000000 ) ) ;
#3902 = DIRECTION ( 'NONE',  ( 0.000000000000000000, 1.000000000000000000, 0.000000000000000000 ) ) ;
#3903 = FACE_OUTER_BOUND ( 'NONE', #9982, .T. ) ;
#3904 = AXIS2_PLACEMENT_3D ( 'NONE', #7410, #6577, #7562 ) ;
#3905 = DIRECTION ( 'NONE',  ( -0.000000000000000000, 1.000000000000000000, -0.000000000000000000 ) ) ;
#3906 = DIRECTION ( 'NONE',  ( 1.000000000000000000, 0.000000000000000000, -4.517509052022940401E-16 ) ) ;
#3907 = PRESENTATION_STYLE_ASSIGNMENT (( #10897 ) ) ;
#3908 = UNCERTAINTY_MEASURE_WITH_UNIT (LENGTH_MEASURE( 1.000000000000000082E-05 ), #2388, 'distance_accuracy_value', 'NONE');
#3909 = ORIENTED_EDGE ( 'NONE', *, *, #10387, .F. ) ;
#3910 = AXIS2_PLACEMENT_3D ( 'NONE', #10686, #9648, #9574 ) ;
#3911 = FACE_BOUND ( 'NONE', #4292, .T. ) ;
#3912 = SURFACE_STYLE_USAGE ( .BOTH. , #8758 ) ;
#3913 = CLOSED_SHELL ( 'NONE', ( #11211, #11247, #8858, #12445, #4422, #12591, #9446, #10931, #8347, #7069, #9372, #813, #5764 ) ) ;
#3914 = EDGE_LOOP ( 'NONE', ( #6957, #3888, #5992, #10153 ) ) ;
#3915 = LINE ( 'NONE', #7255, #12201 ) ;
#3916 = CARTESIAN_POINT ( 'NONE',  ( -1.570000000000000062, 1.421954445729287864, -0.9849999999999993205 ) ) ;
#3917 = COLOUR_RGB ( '',0.7529411764705882248, 0.000000000000000000, 0.000000000000000000 ) ;
#3918 = ORIENTED_EDGE ( 'NONE', *, *, #2873, .T. ) ;
#3919 = VECTOR ( 'NONE', #11829, 1000.000000000000000 ) ;
#3920 = CARTESIAN_POINT ( 'NONE',  ( 0.8699999999999997735, 0.04000000000000000083, -1.394999999999999574 ) ) ;
#3921 = ORIENTED_EDGE ( 'NONE', *, *, #5688, .F. ) ;
#3922 = LINE ( 'NONE', #10443, #12406 ) ;
#3923 = ORIENTED_EDGE ( 'NONE', *, *, #1128, .F. ) ;
#3924 = CARTESIAN_POINT ( 'NONE',  ( -0.9700000000000001954, 0.5000000000000000000, -0.03499999999999965639 ) ) ;
#3925 = DIRECTION ( 'NONE',  ( 0.000000000000000000, 0.000000000000000000, -1.000000000000000000 ) ) ;
#3926 = DIRECTION ( 'NONE',  ( 0.000000000000000000, 1.000000000000000000, -0.000000000000000000 ) ) ;
#3927 = CARTESIAN_POINT ( 'NONE',  ( 0.4398837366478682287, 0.3099999999999999978, -1.394999999999999574 ) ) ;
#3928 = DIRECTION ( 'NONE',  ( 0.000000000000000000, 0.000000000000000000, -1.000000000000000000 ) ) ;
#3929 = DIRECTION ( 'NONE',  ( 0.000000000000000000, 1.000000000000000000, 0.000000000000000000 ) ) ;
#3930 = EDGE_LOOP ( 'NONE', ( #4577, #579, #2586, #204 ) ) ;
#3931 = FACE_OUTER_BOUND ( 'NONE', #9376, .T. ) ;
#3932 = ORIENTED_EDGE ( 'NONE', *, *, #7029, .T. ) ;
#3933 = ORIENTED_EDGE ( 'NONE', *, *, #2417, .F. ) ;
#3934 = LINE ( 'NONE', #12281, #3892 ) ;
#3935 = DIRECTION ( 'NONE',  ( 1.000000000000000000, 0.000000000000000000, -1.122268564789513721E-16 ) ) ;
#3936 = LINE ( 'NONE', #6522, #3977 ) ;
#3937 = VERTEX_POINT ( 'NONE', #3819 ) ;
#3938 = FACE_OUTER_BOUND ( 'NONE', #4554, .T. ) ;
#3939 = ORIENTED_EDGE ( 'NONE', *, *, #9755, .T. ) ;
#3940 = CARTESIAN_POINT ( 'NONE',  ( 3.299999999999999822, -1.092524565418897903E-16, 1.199999999999999956 ) ) ;
#3941 = CIRCLE ( 'NONE', #4113, 0.5100000000000000089 ) ;
#3942 = VERTEX_POINT ( 'NONE', #1056 ) ;
#3943 = VECTOR ( 'NONE', #5803, 1000.000000000000000 ) ;
#3944 = EDGE_CURVE ( 'NONE', #518, #7814, #1568, .T. ) ;
#3945 = STYLED_ITEM ( 'NONE', ( #12137 ), #5394 ) ;
#3946 = ORIENTED_EDGE ( 'NONE', *, *, #9526, .F. ) ;
#3947 = LINE ( 'NONE', #7725, #3628 ) ;
#3948 = CARTESIAN_POINT ( 'NONE',  ( 6.985000000000000320, -0.1000000000000000472, -0.9524999999999997913 ) ) ;
#3949 = DIRECTION ( 'NONE',  ( -1.000000000000000000, 0.000000000000000000, 0.000000000000000000 ) ) ;
#3950 = ORIENTED_EDGE ( 'NONE', *, *, #9065, .T. ) ;
#3951 = ORIENTED_EDGE ( 'NONE', *, *, #8977, .F. ) ;
#3952 = CARTESIAN_POINT ( 'NONE',  ( -1.814999999999999947, 0.1000000000000000056, 1.000000000000000000 ) ) ;
#3953 = CARTESIAN_POINT ( 'NONE',  ( -3.210000000000000409, 0.000000000000000000, -2.875000000000000000 ) ) ;
#3954 = COLOUR_RGB ( '',1.000000000000000000, 1.000000000000000000, 1.000000000000000000 ) ;
#3955 = DIRECTION ( 'NONE',  ( 0.000000000000000000, 0.000000000000000000, -1.000000000000000000 ) ) ;
#3956 = DIRECTION ( 'NONE',  ( -0.000000000000000000, 1.000000000000000000, -0.000000000000000000 ) ) ;
#3957 = PRODUCT_DEFINITION_SHAPE ( 'NONE', 'NONE',  #12619 ) ;
#3958 = LINE ( 'NONE', #1562, #3367 ) ;
#3959 = ORIENTED_EDGE ( 'NONE', *, *, #2674, .T. ) ;
#3960 = CARTESIAN_POINT ( 'NONE',  ( 0.8699999999999997735, 0.000000000000000000, -0.08499999999999968692 ) ) ;
#3961 = VECTOR ( 'NONE', #8996, 1000.000000000000000 ) ;
#3962 = EDGE_CURVE ( 'NONE', #4028, #744, #1548, .T. ) ;
#3963 = AXIS2_PLACEMENT_3D ( 'NONE', #2203, #4123, #5155 ) ;
#3964 = ORIENTED_EDGE ( 'NONE', *, *, #12506, .F. ) ;
#3965 = EDGE_CURVE ( 'NONE', #2862, #1502, #5576, .T. ) ;
#3966 = LINE ( 'NONE', #3573, #8082 ) ;
#3967 = ORIENTED_EDGE ( 'NONE', *, *, #8754, .T. ) ;
#3968 = MECHANICAL_DESIGN_GEOMETRIC_PRESENTATION_REPRESENTATION (  '', ( #3805 ), #532 ) ;
#3969 = CARTESIAN_POINT ( 'NONE',  ( 5.714999999999999858, -1.519903165712366722, -0.3174999999999998934 ) ) ;
#3970 = DIRECTION ( 'NONE',  ( 0.000000000000000000, 1.000000000000000000, 0.000000000000000000 ) ) ;
#3971 = EDGE_CURVE ( 'NONE', #5042, #4989, #9885, .T. ) ;
#3972 = ORIENTED_EDGE ( 'NONE', *, *, #6029, .T. ) ;
#3973 = AXIS2_PLACEMENT_3D ( 'NONE', #6012, #3970, #1996 ) ;
#3974 = ADVANCED_FACE ( 'NONE', ( #5777, #9688 ), #9409, .F. ) ;
#3975 = ORIENTED_EDGE ( 'NONE', *, *, #2603, .T. ) ;
#3976 = ORIENTED_EDGE ( 'NONE', *, *, #11025, .T. ) ;
#3977 = VECTOR ( 'NONE', #12443, 1000.000000000000000 ) ;
#3978 = ORIENTED_EDGE ( 'NONE', *, *, #10185, .F. ) ;
#3979 = FACE_OUTER_BOUND ( 'NONE', #5680, .T. ) ;
#3980 = VERTEX_POINT ( 'NONE', #3646 ) ;
#3981 = EDGE_CURVE ( 'NONE', #9601, #12198, #9854, .T. ) ;
#3982 = PLANE ( 'NONE',  #4246 ) ;
#3984 = ORIENTED_EDGE ( 'NONE', *, *, #12304, .F. ) ;
#3983 = FILL_AREA_STYLE ('',( #3898 ) ) ;
#3985 = DIRECTION ( 'NONE',  ( 0.000000000000000000, 1.000000000000000000, 0.000000000000000000 ) ) ;
#3986 = DIRECTION ( 'NONE',  ( 0.000000000000000000, 0.000000000000000000, 1.000000000000000000 ) ) ;
#3987 = CARTESIAN_POINT ( 'NONE',  ( -3.432161706211294572, 2.899999999999999911, -1.932161706211289909 ) ) ;
#3988 = CYLINDRICAL_SURFACE ( 'NONE', #10014, 0.4500000000000000111 ) ;
#3989 = CARTESIAN_POINT ( 'NONE',  ( 7.619999999999999218, 0.000000000000000000, -10.16000000000000192 ) ) ;
#3990 = DIRECTION ( 'NONE',  ( 1.000000000000000000, 0.000000000000000000, 1.707404996040164018E-16 ) ) ;
#3991 = EDGE_CURVE ( 'NONE', #8790, #1296, #1302, .T. ) ;
#3992 = DIRECTION ( 'NONE',  ( -1.000000000000000000, 0.000000000000000000, -4.517509052022940401E-16 ) ) ;
#3993 = EDGE_CURVE ( 'NONE', #11971, #9361, #9726, .T. ) ;
#3994 = ORIENTED_EDGE ( 'NONE', *, *, #8424, .F. ) ;
#3995 = CIRCLE ( 'NONE', #9413, 0.7600000000000002309 ) ;
#3996 = AXIS2_PLACEMENT_3D ( 'NONE', #11697, #2188, #8860 ) ;
#3997 = CARTESIAN_POINT ( 'NONE',  ( 1.270000000000000240, -1.570000000000000062, 8.890000000000000568 ) ) ;
#3998 = VERTEX_POINT ( 'NONE', #9575 ) ;
#3999 = VERTEX_POINT ( 'NONE', #5734 ) ;
#4000 = FACE_OUTER_BOUND ( 'NONE', #12428, .T. ) ;
#4001 = CARTESIAN_POINT ( 'NONE',  ( 3.299999999999999822, 0.2999999999999999889, 1.199999999999999956 ) ) ;
#4002 = LINE ( 'NONE', #12203, #8211 ) ;
#4003 = EDGE_LOOP ( 'NONE', ( #10644, #689, #5128, #573 ) ) ;
#4004 = CYLINDRICAL_SURFACE ( 'NONE', #6208, 0.7600000000000002309 ) ;
#4005 = ORIENTED_EDGE ( 'NONE', *, *, #9486, .T. ) ;
#4006 = LINE ( 'NONE', #6056, #176 ) ;
#4007 = VERTEX_POINT ( 'NONE', #11409 ) ;
#4008 = ADVANCED_FACE ( 'NONE', ( #9708 ), #6605, .F. ) ;
#4009 = EDGE_CURVE ( 'NONE', #7241, #9030, #1507, .T. ) ;
#4010 = CARTESIAN_POINT ( 'NONE',  ( -1.570000000000000062, 0.5000000000000000000, -0.9849999999999993205 ) ) ;
#4011 = PLANE ( 'NONE',  #5016 ) ;
#4012 = CARTESIAN_POINT ( 'NONE',  ( -3.649999999999999911, 0.3499999999999999778, 1.199999999999999956 ) ) ;
#4013 = FILL_AREA_STYLE_COLOUR ( '', #10752 ) ;
#4014 = DIRECTION ( 'NONE',  ( -0.000000000000000000, -1.000000000000000000, -0.000000000000000000 ) ) ;
#4015 = CARTESIAN_POINT ( 'NONE',  ( -1.269999999999999352, -3.719604614807106024, 9.400000000000000355 ) ) ;
#4016 = SURFACE_SIDE_STYLE ('',( #4282 ) ) ;
#4017 = VERTEX_POINT ( 'NONE', #5029 ) ;
#4018 = LINE ( 'NONE', #10865, #8246 ) ;
#4019 = DIRECTION ( 'NONE',  ( 0.000000000000000000, 1.000000000000000000, 0.000000000000000000 ) ) ;
#4020 = FACE_OUTER_BOUND ( 'NONE', #1293, .T. ) ;
#4021 = ORIENTED_EDGE ( 'NONE', *, *, #3547, .T. ) ;
#4022 = ORIENTED_EDGE ( 'NONE', *, *, #7460, .T. ) ;
#4023 = VECTOR ( 'NONE', #6542, 1000.000000000000000 ) ;
#4024 = EDGE_CURVE ( 'NONE', #3391, #11250, #5725, .T. ) ;
#4025 = AXIS2_PLACEMENT_3D ( 'NONE', #7050, #512, #6967 ) ;
#4026 = CARTESIAN_POINT ( 'NONE',  ( 3.409999999999998810, 0.3099999999999999978, 0.1250000000000001110 ) ) ;
#4027 = LINE ( 'NONE', #11431, #8307 ) ;
#4028 = VERTEX_POINT ( 'NONE', #3044 ) ;
#4029 = FACE_OUTER_BOUND ( 'NONE', #10780, .T. ) ;
#4030 = ORIENTED_EDGE ( 'NONE', *, *, #5834, .T. ) ;
#4031 = DIRECTION ( 'NONE',  ( 0.000000000000000000, 0.000000000000000000, -1.000000000000000000 ) ) ;
#4032 = VECTOR ( 'NONE', #8430, 1000.000000000000000 ) ;
#4033 = ORIENTED_EDGE ( 'NONE', *, *, #5883, .T. ) ;
#4034 = DIRECTION ( 'NONE',  ( 0.000000000000000000, -1.000000000000000000, 0.000000000000000000 ) ) ;
#4035 = CARTESIAN_POINT ( 'NONE',  ( -3.210000000000000409, 0.5000000000000000000, -2.875000000000000000 ) ) ;
#4036 = AXIS2_PLACEMENT_3D ( 'NONE', #3004, #5995, #7926 ) ;
#4037 = ADVANCED_FACE ( 'NONE', ( #5542 ), #9012, .T. ) ;
#4038 = ORIENTED_EDGE ( 'NONE', *, *, #3512, .T. ) ;
#4039 = SURFACE_STYLE_FILL_AREA ( #4161 ) ;
#4040 = CARTESIAN_POINT ( 'NONE',  ( -2.350000000000000089, -3.135336068297440409E-17, 1.199999999999999956 ) ) ;
#4041 = PLANE ( 'NONE',  #7090 ) ;
#4042 = VERTEX_POINT ( 'NONE', #10996 ) ;
#4043 = EDGE_LOOP ( 'NONE', ( #9589, #11130, #586, #3703 ) ) ;
#4044 = CARTESIAN_POINT ( 'NONE',  ( 0.4398837366478682287, 0.3099999999999999978, -1.394999999999999574 ) ) ;
#4045 = CARTESIAN_POINT ( 'NONE',  ( -1.430000000000000160, 1.449999999999999956, 0.000000000000000000 ) ) ;
#4046 = VECTOR ( 'NONE', #5886, 1000.000000000000000 ) ;
#4047 = CARTESIAN_POINT ( 'NONE',  ( -1.969999999999999973, 1.500000000000000000, 1.180000000000000160 ) ) ;
#4048 = DIRECTION ( 'NONE',  ( -3.491481338843133355E-15, 0.000000000000000000, -1.000000000000000000 ) ) ;
#4049 = VECTOR ( 'NONE', #6708, 1000.000000000000000 ) ;
#4050 = EDGE_LOOP ( 'NONE', ( #3633, #3745, #2029, #6704 ) ) ;
#4051 = CARTESIAN_POINT ( 'NONE',  ( -1.570000000000000062, 0.5000000000000000000, -0.03499999999999965639 ) ) ;
#4052 = AXIS2_PLACEMENT_3D ( 'NONE', #8685, #9673, #1163 ) ;
#4053 = EDGE_CURVE ( 'NONE', #2189, #12358, #9775, .T. ) ;
#4054 = AXIS2_PLACEMENT_3D ( 'NONE', #11346, #10488, #12292 ) ;
#4055 = VERTEX_POINT ( 'NONE', #7786 ) ;
#4056 = DIRECTION ( 'NONE',  ( 0.000000000000000000, -1.000000000000000000, 0.000000000000000000 ) ) ;
#4057 = VECTOR ( 'NONE', #7674, 1000.000000000000000 ) ;
#4058 = ORIENTED_EDGE ( 'NONE', *, *, #5796, .T. ) ;
#4059 = CARTESIAN_POINT ( 'NONE',  ( 5.714999999999999858, 0.000000000000000000, -1.130299999999999194 ) ) ;
#4060 = LINE ( 'NONE', #2093, #4239 ) ;
#4061 = VERTEX_POINT ( 'NONE', #6936 ) ;
#4062 = VECTOR ( 'NONE', #3926, 1000.000000000000000 ) ;
#4063 = DIRECTION ( 'NONE',  ( 0.000000000000000000, 0.000000000000000000, -1.000000000000000000 ) ) ;
#4064 = CARTESIAN_POINT ( 'NONE',  ( 1.270000000000000240, 0.000000000000000000, 8.380000000000000782 ) ) ;
#4065 = VERTEX_POINT ( 'NONE', #11765 ) ;
#4066 = ORIENTED_EDGE ( 'NONE', *, *, #9916, .T. ) ;
#4067 = LINE ( 'NONE', #7534, #12452 ) ;
#4068 = ORIENTED_EDGE ( 'NONE', *, *, #2180, .F. ) ;
#4069 = FACE_OUTER_BOUND ( 'NONE', #8028, .T. ) ;
#4070 = EDGE_CURVE ( 'NONE', #3424, #8288, #1605, .T. ) ;
#4071 = CARTESIAN_POINT ( 'NONE',  ( 1.814999999999999947, 0.1000000000000000056, -0.4000000000000000222 ) ) ;
#4072 = ORIENTED_EDGE ( 'NONE', *, *, #4595, .T. ) ;
#4073 = UNCERTAINTY_MEASURE_WITH_UNIT (LENGTH_MEASURE( 1.000000000000000082E-05 ), #3088, 'distance_accuracy_value', 'NONE');
#4074 = FACE_OUTER_BOUND ( 'NONE', #4302, .T. ) ;
#4075 = ORIENTED_EDGE ( 'NONE', *, *, #7078, .F. ) ;
#4076 = STYLED_ITEM ( 'NONE', ( #4319 ), #7642 ) ;
#4077 = CARTESIAN_POINT ( 'NONE',  ( 0.8699999999999997735, 0.3099999999999999978, -1.394999999999999574 ) ) ;
#4078 = DIRECTION ( 'NONE',  ( 0.000000000000000000, 1.000000000000000000, 0.000000000000000000 ) ) ;
#4079 = DIRECTION ( 'NONE',  ( -1.000000000000000000, 0.000000000000000000, -1.707404996040164018E-16 ) ) ;
#4080 = FACE_OUTER_BOUND ( 'NONE', #1109, .T. ) ;
#4081 = DIRECTION ( 'NONE',  ( 0.000000000000000000, 1.000000000000000000, 0.000000000000000000 ) ) ;
#4082 = EDGE_CURVE ( 'NONE', #6752, #11767, #9137, .T. ) ;
#4083 = DIRECTION ( 'NONE',  ( 0.000000000000000000, 0.000000000000000000, 1.000000000000000000 ) ) ;
#4084 = ORIENTED_EDGE ( 'NONE', *, *, #1341, .T. ) ;
#4085 = VECTOR ( 'NONE', #11183, 1000.000000000000000 ) ;
#4086 = EDGE_CURVE ( 'NONE', #6234, #11502, #9756, .T. ) ;
#4087 = ADVANCED_FACE ( 'NONE', ( #5666 ), #6851, .F. ) ;
#4088 = VERTEX_POINT ( 'NONE', #9949 ) ;
#4089 = ORIENTED_EDGE ( 'NONE', *, *, #7734, .T. ) ;
#4090 = ADVANCED_FACE ( 'NONE', ( #9632 ), #12026, .F. ) ;
#4091 = LINE ( 'NONE', #7526, #12522 ) ;
#4092 = CARTESIAN_POINT ( 'NONE',  ( -5.714999999999998970, -0.1000000000000000056, -1.364399999999998947 ) ) ;
#4093 = LINE ( 'NONE', #3924, #13 ) ;
#4094 = EDGE_LOOP ( 'NONE', ( #7518, #11159, #7273, #3344 ) ) ;
#4095 = ORIENTED_EDGE ( 'NONE', *, *, #2471, .F. ) ;
#4096 = VECTOR ( 'NONE', #5546, 1000.000000000000000 ) ;
#4097 = ORIENTED_EDGE ( 'NONE', *, *, #1270, .T. ) ;
#4098 = LINE ( 'NONE', #11675, #12597 ) ;
#4099 = CARTESIAN_POINT ( 'NONE',  ( 1.969999999999999973, 7.692733390912210645, -1.180000000000000160 ) ) ;
#4100 = DIRECTION ( 'NONE',  ( 1.000000000000000000, 0.000000000000000000, 0.000000000000000000 ) ) ;
#4101 = CARTESIAN_POINT ( 'NONE',  ( -3.460000000000000409, 0.000000000000000000, -2.875000000000000000 ) ) ;
#4102 = PLANE ( 'NONE',  #12256 ) ;
#4103 = EDGE_CURVE ( 'NONE', #8884, #10910, #1249, .T. ) ;
#4104 = DIRECTION ( 'NONE',  ( 0.000000000000000000, -0.000000000000000000, -1.000000000000000000 ) ) ;
#4105 = CARTESIAN_POINT ( 'NONE',  ( -5.714999999999998970, 0.000000000000000000, 0.09439999999999956759 ) ) ;
#4106 = CARTESIAN_POINT ( 'NONE',  ( 2.979883736647867654, 0.3099999999999999978, -1.394999999999999796 ) ) ;
#4107 = ORIENTED_EDGE ( 'NONE', *, *, #11342, .F. ) ;
#4108 = APPLICATION_PROTOCOL_DEFINITION ( 'draft international standard', 'automotive_design', 1998, #9975 ) ;
#4109 = CIRCLE ( 'NONE', #6400, 0.5100000000000000089 ) ;
#4110 = ORIENTED_EDGE ( 'NONE', *, *, #7739, .T. ) ;
#4111 = VERTEX_POINT ( 'NONE', #4171 ) ;
#4112 = DIRECTION ( 'NONE',  ( -1.000000000000000000, 0.000000000000000000, 0.000000000000000000 ) ) ;
#4113 = AXIS2_PLACEMENT_3D ( 'NONE', #4243, #10525, #8728 ) ;
#4114 = CARTESIAN_POINT ( 'NONE',  ( 3.260000000000000231, 0.03999999999999999389, -2.774999999999998135 ) ) ;
#4115 = FACE_OUTER_BOUND ( 'NONE', #8968, .T. ) ;
#4116 = ORIENTED_EDGE ( 'NONE', *, *, #8662, .T. ) ;
#4117 = ADVANCED_FACE ( 'NONE', ( #1447 ), #10098, .F. ) ;
#4118 = ORIENTED_EDGE ( 'NONE', *, *, #9185, .F. ) ;
#4119 = CARTESIAN_POINT ( 'NONE',  ( -1.864999999999999991, 0.000000000000000000, 1.050000000000000044 ) ) ;
#4120 = LINE ( 'NONE', #12307, #8335 ) ;
#4121 = ORIENTED_EDGE ( 'NONE', *, *, #6034, .T. ) ;
#4122 = ADVANCED_FACE ( 'NONE', ( #9989 ), #104, .F. ) ;
#4123 = DIRECTION ( 'NONE',  ( -0.000000000000000000, 1.000000000000000000, 0.000000000000000000 ) ) ;
#4124 = FACE_OUTER_BOUND ( 'NONE', #7199, .T. ) ;
#4125 = AXIS2_PLACEMENT_3D ( 'NONE', #253, #4907, #6903 ) ;
#4126 = DIRECTION ( 'NONE',  ( 0.000000000000000000, 1.000000000000000000, 0.000000000000000000 ) ) ;
#4127 = ORIENTED_EDGE ( 'NONE', *, *, #7126, .F. ) ;
#4128 = EDGE_CURVE ( 'NONE', #499, #11601, #5560, .T. ) ;
#4129 = LINE ( 'NONE', #5976, #8228 ) ;
#4130 = DIRECTION ( 'NONE',  ( 0.000000000000000000, 0.000000000000000000, 1.000000000000000000 ) ) ;
#4131 = AXIS2_PLACEMENT_3D ( 'NONE', #10206, #9119, #10127 ) ;
#4132 = CARTESIAN_POINT ( 'NONE',  ( -0.2049999999999999878, 0.000000000000000000, 1.000000000000000000 ) ) ;
#4133 = ORIENTED_EDGE ( 'NONE', *, *, #1848, .T. ) ;
#4134 = DIRECTION ( 'NONE',  ( 0.000000000000000000, 0.000000000000000000, -1.000000000000000000 ) ) ;
#4135 = CARTESIAN_POINT ( 'NONE',  ( 1.214999999999999858, 0.000000000000000000, -0.4000000000000000222 ) ) ;
#4136 = FACE_OUTER_BOUND ( 'NONE', #3392, .T. ) ;
#4137 = CARTESIAN_POINT ( 'NONE',  ( -0.6949999999999999512, 1.550000000000000044, 1.180000000000000160 ) ) ;
#4138 = VECTOR ( 'NONE', #6551, 1000.000000000000000 ) ;
#4139 = ORIENTED_EDGE ( 'NONE', *, *, #2576, .T. ) ;
#4140 = DIRECTION ( 'NONE',  ( 0.000000000000000000, 1.000000000000000000, 0.000000000000000000 ) ) ;
#4141 = VECTOR ( 'NONE', #6766, 1000.000000000000000 ) ;
#4142 = EDGE_CURVE ( 'NONE', #11075, #4028, #5595, .T. ) ;
#4143 = ORIENTED_EDGE ( 'NONE', *, *, #8842, .T. ) ;
#4144 = DIRECTION ( 'NONE',  ( -1.000000000000000000, -0.000000000000000000, 3.491481338843133355E-15 ) ) ;
#4145 = VECTOR ( 'NONE', #2988, 1000.000000000000000 ) ;
#4146 = EDGE_LOOP ( 'NONE', ( #3630, #3378 ) ) ;
#4147 = EDGE_CURVE ( 'NONE', #8808, #367, #9872, .T. ) ;
#4148 = DIRECTION ( 'NONE',  ( 0.000000000000000000, 1.000000000000000000, 0.000000000000000000 ) ) ;
#4149 = VECTOR ( 'NONE', #6173, 1000.000000000000000 ) ;
#4150 = MANIFOLD_SOLID_BREP ( 'NONE', #3913 ) ;
#4151 = CARTESIAN_POINT ( 'NONE',  ( 4.209999999999999076, 0.04000000000000000083, -1.394999999999999796 ) ) ;
#4152 = ORIENTED_EDGE ( 'NONE', *, *, #5631, .T. ) ;
#4153 = CARTESIAN_POINT ( 'NONE',  ( 0.000000000000000000, 0.000000000000000000, 0.000000000000000000 ) ) ;
#4154 = CARTESIAN_POINT ( 'NONE',  ( 3.250000000000000000, 1.550000000000000044, -1.199999999999999956 ) ) ;
#4155 = ORIENTED_EDGE ( 'NONE', *, *, #12015, .F. ) ;
#4156 = CYLINDRICAL_SURFACE ( 'NONE', #12247, 0.7600000000000002309 ) ;
#4157 = LINE ( 'NONE', #9434, #58 ) ;
#4158 = ORIENTED_EDGE ( 'NONE', *, *, #6665, .T. ) ;
#4159 = VECTOR ( 'NONE', #11576, 1000.000000000000000 ) ;
#4160 = EDGE_CURVE ( 'NONE', #440, #3183, #6055, .T. ) ;
#4161 = FILL_AREA_STYLE ('',( #1594 ) ) ;
#4162 = CARTESIAN_POINT ( 'NONE',  ( -1.755769684305005018, 1.500000000000000000, 0.1754255192035054922 ) ) ;
#4163 = ORIENTED_EDGE ( 'NONE', *, *, #8554, .F. ) ;
#4164 = EDGE_CURVE ( 'NONE', #11354, #7492, #1643, .T. ) ;
#4165 = VECTOR ( 'NONE', #11268, 1000.000000000000000 ) ;
#4167 = CLOSED_SHELL ( 'NONE', ( #12107, #9579, #10021, #5196, #6889, #2217, #1157, #11943, #6756, #11543, #1854, #5410, #3150 ) ) ;
#4166 = DIRECTION ( 'NONE',  ( 0.000000000000000000, 0.000000000000000000, 1.000000000000000000 ) ) ;
#4168 = EDGE_CURVE ( 'NONE', #5498, #1926, #5942, .T. ) ;
#4169 = EDGE_CURVE ( 'NONE', #676, #5012, #10161, .T. ) ;
#4170 = CARTESIAN_POINT ( 'NONE',  ( 1.669999999999999929, 0.3499999999999999778, 0.1650000000000003131 ) ) ;
#4171 = CARTESIAN_POINT ( 'NONE',  ( 1.669999999999999929, 0.3499999999999997002, -1.185000000000000053 ) ) ;
#4172 = DIRECTION ( 'NONE',  ( 0.000000000000000000, -1.000000000000000000, 0.000000000000000000 ) ) ;
#4173 = EDGE_CURVE ( 'NONE', #6455, #3477, #1975, .T. ) ;
#4174 = AXIS2_PLACEMENT_3D ( 'NONE', #7388, #3521, #4636 ) ;
#4175 = FACE_OUTER_BOUND ( 'NONE', #272, .T. ) ;
#4176 = DIRECTION ( 'NONE',  ( 1.016439536705159026E-15, -1.000000000000000000, -3.548879674468422491E-30 ) ) ;
#4177 = CARTESIAN_POINT ( 'NONE',  ( 7.620000000000000995, -1.570000000000000062, 10.15999999999999837 ) ) ;
#4178 = FACE_OUTER_BOUND ( 'NONE', #4990, .T. ) ;
#4179 = ORIENTED_EDGE ( 'NONE', *, *, #8775, .F. ) ;
#4180 = ORIENTED_EDGE ( 'NONE', *, *, #4645, .F. ) ;
#4181 = MECHANICAL_DESIGN_GEOMETRIC_PRESENTATION_REPRESENTATION (  '', ( #255 ), #7624 ) ;
#4182 = LINE ( 'NONE', #4001, #3876 ) ;
#4183 = DIRECTION ( 'NONE',  ( 0.000000000000000000, 1.000000000000000000, 0.000000000000000000 ) ) ;
#4184 = ORIENTED_EDGE ( 'NONE', *, *, #2674, .F. ) ;
#4185 = EDGE_LOOP ( 'NONE', ( #8118, #11659, #6478, #3615 ) ) ;
#4186 = LINE ( 'NONE', #10423, #8497 ) ;
#4187 = ORIENTED_EDGE ( 'NONE', *, *, #62, .F. ) ;
#4188 = CIRCLE ( 'NONE', #11985, 0.3699999999999999956 ) ;
#4189 = EDGE_CURVE ( 'NONE', #3580, #3183, #10417, .T. ) ;
#4190 =( GEOMETRIC_REPRESENTATION_CONTEXT ( 3 ) GLOBAL_UNCERTAINTY_ASSIGNED_CONTEXT ( ( #11303 ) ) GLOBAL_UNIT_ASSIGNED_CONTEXT ( ( #9293, #7043, #1377 ) ) REPRESENTATION_CONTEXT ( 'NONE', 'WORKASPACE' ) );
#4191 = DIRECTION ( 'NONE',  ( 0.000000000000000000, 0.000000000000000000, -1.000000000000000000 ) ) ;
#4192 = CARTESIAN_POINT ( 'NONE',  ( 1.270000000000000240, -3.719604614807106024, 8.890000000000000568 ) ) ;
#4193 = LINE ( 'NONE', #4615, #235 ) ;
#4194 = CARTESIAN_POINT ( 'NONE',  ( 1.214999999999999858, 0.1000000000000000056, 0.4000000000000000222 ) ) ;
#4195 = CARTESIAN_POINT ( 'NONE',  ( 3.409999999999998810, 0.03999999999999999389, -1.185000000000000053 ) ) ;
#4196 = CARTESIAN_POINT ( 'NONE',  ( 0.2049999999999999878, 0.000000000000000000, 1.000000000000000000 ) ) ;
#4197 = CARTESIAN_POINT ( 'NONE',  ( -0.7449999999999999956, 1.399999999999999911, 1.180000000000000160 ) ) ;
#4198 = FILL_AREA_STYLE_COLOUR ( '', #5020 ) ;
#4199 = ORIENTED_EDGE ( 'NONE', *, *, #6626, .F. ) ;
#4200 = CARTESIAN_POINT ( 'NONE',  ( 3.050000000000002487, 0.04000000000000000083, -2.344883736647865646 ) ) ;
#4201 = CARTESIAN_POINT ( 'NONE',  ( 0.4398837366478682287, 0.03999999999999999389, -0.08499999999999968692 ) ) ;
#4202 = EDGE_CURVE ( 'NONE', #4386, #3858, #6179, .T. ) ;
#4203 = ADVANCED_FACE ( 'NONE', ( #10397, #1750, #1820, #1672, #10335, #6197, #1919, #10257, #6021 ), #912, .F. ) ;
#4204 = VERTEX_POINT ( 'NONE', #5606 ) ;
#4205 = ADVANCED_FACE ( 'NONE', ( #2013 ), #12479, .F. ) ;
#4206 = CIRCLE ( 'NONE', #9303, 0.7600000000000002309 ) ;
#4207 = EDGE_LOOP ( 'NONE', ( #3807, #11763, #7542, #5031 ) ) ;
#4208 = VERTEX_POINT ( 'NONE', #9439 ) ;
#4209 = AXIS2_PLACEMENT_3D ( 'NONE', #12114, #3312, #12289 ) ;
#4210 = DIRECTION ( 'NONE',  ( -1.000000000000000000, 0.000000000000000000, 0.000000000000000000 ) ) ;
#4211 = VECTOR ( 'NONE', #8814, 1000.000000000000000 ) ;
#4212 = ORIENTED_EDGE ( 'NONE', *, *, #399, .T. ) ;
#4213 = CARTESIAN_POINT ( 'NONE',  ( 6.985000000000000320, -0.1000000000000000472, -0.1397000000000004072 ) ) ;
#4214 = AXIS2_PLACEMENT_3D ( 'NONE', #4092, #7033, #1370 ) ;
#4215 = FACE_OUTER_BOUND ( 'NONE', #1683, .T. ) ;
#4216 = EDGE_CURVE ( 'NONE', #10629, #5249, #6214, .T. ) ;
#4217 = VECTOR ( 'NONE', #10330, 1000.000000000000000 ) ;
#4218 = PLANE ( 'NONE',  #471 ) ;
#4219 = AXIS2_PLACEMENT_3D ( 'NONE', #8174, #2193, #11879 ) ;
#4220 = ORIENTED_EDGE ( 'NONE', *, *, #8749, .F. ) ;
#4221 = STYLED_ITEM ( 'NONE', ( #3907 ), #8016 ) ;
#4222 = DIRECTION ( 'NONE',  ( 0.000000000000000000, 0.000000000000000000, 1.000000000000000000 ) ) ;
#4223 = CARTESIAN_POINT ( 'NONE',  ( 0.8699999999999997735, 0.03999999999999999389, -1.184999999999999831 ) ) ;
#4224 = CARTESIAN_POINT ( 'NONE',  ( 4.570000000000001172, 0.3099999999999999978, -2.775000000000002576 ) ) ;
#4225 = ORIENTED_EDGE ( 'NONE', *, *, #6952, .F. ) ;
#4226 = CARTESIAN_POINT ( 'NONE',  ( 3.207837749589280030, 1.250000000000000000, 1.199999999999999956 ) ) ;
#4227 = CARTESIAN_POINT ( 'NONE',  ( -1.570000000000000062, 0.5000000000000000000, -0.03499999999999965639 ) ) ;
#4228 = LINE ( 'NONE', #3750, #8439 ) ;
#4229 = DIRECTION ( 'NONE',  ( -0.000000000000000000, 1.000000000000000000, 0.000000000000000000 ) ) ;
#4230 = ORIENTED_EDGE ( 'NONE', *, *, #8723, .T. ) ;
#4231 = CARTESIAN_POINT ( 'NONE',  ( 0.000000000000000000, 0.1000000000000000056, 0.000000000000000000 ) ) ;
#4232 = DIRECTION ( 'NONE',  ( 0.000000000000000000, 0.000000000000000000, -1.000000000000000000 ) ) ;
#4233 = ADVANCED_FACE ( 'NONE', ( #10223 ), #654, .F. ) ;
#4234 = ORIENTED_EDGE ( 'NONE', *, *, #6690, .F. ) ;
#4235 = DIRECTION ( 'NONE',  ( 0.000000000000000000, 3.226792180016387497E-17, -1.000000000000000000 ) ) ;
#4236 = LINE ( 'NONE', #9724, #41 ) ;
#4237 = ORIENTED_EDGE ( 'NONE', *, *, #1257, .F. ) ;
#4238 = DIRECTION ( 'NONE',  ( 1.000000000000000000, 0.000000000000000000, -4.517509052022940401E-16 ) ) ;
#4239 = VECTOR ( 'NONE', #7970, 1000.000000000000000 ) ;
#4240 = CARTESIAN_POINT ( 'NONE',  ( -3.432161706211294572, 3.100000000000000089, 2.149999999999999911 ) ) ;
#4241 = CYLINDRICAL_SURFACE ( 'NONE', #3884, 0.7600000000000002309 ) ;
#4242 = VERTEX_POINT ( 'NONE', #12117 ) ;
#4243 = CARTESIAN_POINT ( 'NONE',  ( 1.270000000000000240, 0.000000000000000000, 8.890000000000000568 ) ) ;
#4244 = CARTESIAN_POINT ( 'NONE',  ( -2.232161706211294838, -1.146355821698993971, -1.932161706211289909 ) ) ;
#4245 = PRESENTATION_STYLE_ASSIGNMENT (( #9631 ) ) ;
#4246 = AXIS2_PLACEMENT_3D ( 'NONE', #5949, #1216, #5194 ) ;
#4247 = ORIENTED_EDGE ( 'NONE', *, *, #9526, .T. ) ;
#4248 = ORIENTED_EDGE ( 'NONE', *, *, #4780, .T. ) ;
#4249 = VECTOR ( 'NONE', #1283, 1000.000000000000000 ) ;
#4250 = MANIFOLD_SOLID_BREP ( 'Cut-Extrude3[4]', #3053 ) ;
#4251 = VERTEX_POINT ( 'NONE', #823 ) ;
#4252 = LINE ( 'NONE', #4765, #63 ) ;
#4253 = CARTESIAN_POINT ( 'NONE',  ( -1.750000000000000000, 0.2999999999999999889, -1.750000000000000000 ) ) ;
#4254 = VERTEX_POINT ( 'NONE', #1737 ) ;
#4255 = CARTESIAN_POINT ( 'NONE',  ( -4.159999999999998366, 0.5000000000000000000, -3.474999999999999645 ) ) ;
#4256 = DIRECTION ( 'NONE',  ( 0.000000000000000000, -1.000000000000000000, 3.226792180016381951E-17 ) ) ;
#4257 = DIRECTION ( 'NONE',  ( -0.000000000000000000, 1.000000000000000000, -0.000000000000000000 ) ) ;
#4258 = EDGE_CURVE ( 'NONE', #224, #11780, #6002, .T. ) ;
#4259 = DIRECTION ( 'NONE',  ( 1.000000000000000000, 0.000000000000000000, 0.000000000000000000 ) ) ;
#4260 = LINE ( 'NONE', #3597, #4391 ) ;
#4261 = CARTESIAN_POINT ( 'NONE',  ( 4.360000000000001208, 0.3500000000000000333, -2.775000000000001688 ) ) ;
#4262 = DIRECTION ( 'NONE',  ( 0.000000000000000000, 0.000000000000000000, 1.000000000000000000 ) ) ;
#4263 = ADVANCED_FACE ( 'NONE', ( #1655 ), #322, .T. ) ;
#4264 = PRESENTATION_LAYER_ASSIGNMENT (  '', '', ( #3945 ) ) ;
#4265 = ORIENTED_EDGE ( 'NONE', *, *, #8411, .T. ) ;
#4266 = LINE ( 'NONE', #10526, #8488 ) ;
#4267 = ORIENTED_EDGE ( 'NONE', *, *, #917, .T. ) ;
#4268 = LINE ( 'NONE', #5404, #8688 ) ;
#4269 = LINE ( 'NONE', #4970, #12612 ) ;
#4270 = ORIENTED_EDGE ( 'NONE', *, *, #2413, .F. ) ;
#4271 = ORIENTED_EDGE ( 'NONE', *, *, #1572, .F. ) ;
#4272 = CARTESIAN_POINT ( 'NONE',  ( 6.985000000000000320, 0.000000000000000000, -0.3174999999999996714 ) ) ;
#4273 = ORIENTED_EDGE ( 'NONE', *, *, #6815, .T. ) ;
#4274 = EDGE_CURVE ( 'NONE', #12334, #12333, #6086, .T. ) ;
#4275 = ORIENTED_EDGE ( 'NONE', *, *, #839, .F. ) ;
#4276 = AXIS2_PLACEMENT_3D ( 'NONE', #3019, #5092, #1336 ) ;
#4277 = FACE_OUTER_BOUND ( 'NONE', #5389, .T. ) ;
#4278 = AXIS2_PLACEMENT_3D ( 'NONE', #10828, #2155, #5186 ) ;
#4279 = CARTESIAN_POINT ( 'NONE',  ( 0.8699999999999997735, 0.000000000000000000, -1.434999999999999609 ) ) ;
#4280 = CARTESIAN_POINT ( 'NONE',  ( -3.809999999999999609, 0.000000000000000000, 8.379999999999999005 ) ) ;
#4281 = DIRECTION ( 'NONE',  ( -1.000000000000000000, 0.000000000000000000, 0.000000000000000000 ) ) ;
#4282 = SURFACE_STYLE_FILL_AREA ( #4976 ) ;
#4283 = DIRECTION ( 'NONE',  ( -1.100712865467515846E-16, 0.000000000000000000, -1.000000000000000000 ) ) ;
#4284 = PLANE ( 'NONE',  #1998 ) ;
#4285 = DIRECTION ( 'NONE',  ( -0.000000000000000000, -0.000000000000000000, -1.000000000000000000 ) ) ;
#4286 = DIRECTION ( 'NONE',  ( 0.000000000000000000, 0.000000000000000000, 1.000000000000000000 ) ) ;
#4287 = EDGE_CURVE ( 'NONE', #874, #8871, #10293, .T. ) ;
#4288 = ORIENTED_EDGE ( 'NONE', *, *, #11537, .T. ) ;
#4289 = DIRECTION ( 'NONE',  ( -0.000000000000000000, -1.000000000000000000, -0.000000000000000000 ) ) ;
#4290 = CARTESIAN_POINT ( 'NONE',  ( 0.2049999999999999878, 0.1000000000000000056, 1.000000000000000000 ) ) ;
#4291 = COLOUR_RGB ( '',0.7921568627450980005, 0.8196078431372548767, 0.9333333333333333481 ) ;
#4292 = EDGE_LOOP ( 'NONE', ( #7466, #4828 ) ) ;
#4293 =( LENGTH_UNIT ( ) NAMED_UNIT ( * ) SI_UNIT ( .MILLI., .METRE. ) );
#4294 = LINE ( 'NONE', #10339, #169 ) ;
#4295 = DIRECTION ( 'NONE',  ( 0.000000000000000000, 0.000000000000000000, -1.000000000000000000 ) ) ;
#4296 = ORIENTED_EDGE ( 'NONE', *, *, #6008, .F. ) ;
#4297 = PRESENTATION_LAYER_ASSIGNMENT (  '', '', ( #6490 ) ) ;
#4298 = ORIENTED_EDGE ( 'NONE', *, *, #7569, .T. ) ;
#4299 = DIRECTION ( 'NONE',  ( 1.000000000000000000, 0.000000000000000000, -4.517509052022940401E-16 ) ) ;
#4300 = EDGE_CURVE ( 'NONE', #7142, #1168, #10200, .T. ) ;
#4301 = CIRCLE ( 'NONE', #10725, 0.5100000000000000089 ) ;
#4302 = EDGE_LOOP ( 'NONE', ( #7766, #9262, #10975, #9451 ) ) ;
#4303 = DIRECTION ( 'NONE',  ( -0.000000000000000000, 1.000000000000000000, 0.000000000000000000 ) ) ;
#4304 = VECTOR ( 'NONE', #9180, 1000.000000000000000 ) ;
#4305 = EDGE_CURVE ( 'NONE', #9738, #9283, #1804, .T. ) ;
#4306 = LINE ( 'NONE', #825, #333 ) ;
#4307 = EDGE_CURVE ( 'NONE', #6531, #12319, #1690, .T. ) ;
#4308 = ORIENTED_EDGE ( 'NONE', *, *, #11012, .F. ) ;
#4309 = LINE ( 'NONE', #10825, #121 ) ;
#4310 = EDGE_CURVE ( 'NONE', #6954, #11480, #2028, .T. ) ;
#4311 = DIRECTION ( 'NONE',  ( 0.000000000000000000, 0.000000000000000000, -1.000000000000000000 ) ) ;
#4312 = ADVANCED_FACE ( 'NONE', ( #6230, #2206 ), #3849, .T. ) ;
#4313 = CARTESIAN_POINT ( 'NONE',  ( 3.409999999999998810, 0.3100000000000000533, -1.185000000000000275 ) ) ;
#4314 = EDGE_LOOP ( 'NONE', ( #249, #4763, #5590, #10082 ) ) ;
#4315 = CARTESIAN_POINT ( 'NONE',  ( -3.649999999999999911, 1.149999999999999911, 1.199999999999999956 ) ) ;
#4316 = CARTESIAN_POINT ( 'NONE',  ( 3.409999999999998810, -3.388131789017201356E-16, -1.185000000000000053 ) ) ;
#4317 = ADVANCED_FACE ( 'NONE', ( #10605 ), #6631, .T. ) ;
#4318 = FILL_AREA_STYLE_COLOUR ( '', #6076 ) ;
#4319 = PRESENTATION_STYLE_ASSIGNMENT (( #7986 ) ) ;
#4320 = VERTEX_POINT ( 'NONE', #993 ) ;
#4321 = LINE ( 'NONE', #481, #126 ) ;
#4322 = ORIENTED_EDGE ( 'NONE', *, *, #10071, .T. ) ;
#4323 = ORIENTED_EDGE ( 'NONE', *, *, #12169, .T. ) ;
#4324 = CARTESIAN_POINT ( 'NONE',  ( -1.214999999999999858, 0.1000000000000000056, 0.4000000000000000222 ) ) ;
#4325 = ORIENTED_EDGE ( 'NONE', *, *, #6370, .T. ) ;
#4326 = DIRECTION ( 'NONE',  ( 1.000000000000000000, 0.000000000000000000, 0.000000000000000000 ) ) ;
#4327 = DIRECTION ( 'NONE',  ( 0.000000000000000000, 0.000000000000000000, 1.000000000000000000 ) ) ;
#4328 = AXIS2_PLACEMENT_3D ( 'NONE', #5899, #11607, #11793 ) ;
#4329 = LINE ( 'NONE', #2411, #8337 ) ;
#4330 = DIRECTION ( 'NONE',  ( 1.000000000000000000, 0.000000000000000000, 0.000000000000000000 ) ) ;
#4331 = DIRECTION ( 'NONE',  ( 4.517509052022940401E-16, 0.000000000000000000, 1.000000000000000000 ) ) ;
#4332 = EDGE_CURVE ( 'NONE', #4744, #486, #6525, .T. ) ;
#4333 = ORIENTED_EDGE ( 'NONE', *, *, #4737, .T. ) ;
#4334 = DIRECTION ( 'NONE',  ( 0.000000000000000000, -1.000000000000000000, 0.000000000000000000 ) ) ;
#4335 = FACE_OUTER_BOUND ( 'NONE', #1189, .T. ) ;
#4336 = ORIENTED_EDGE ( 'NONE', *, *, #4086, .T. ) ;
#4337 = AXIS2_PLACEMENT_3D ( 'NONE', #10383, #10149, #791 ) ;
#4338 = COLOUR_RGB ( '',1.000000000000000000, 0.8117647058823529438, 0.5019607843137254832 ) ;
#4339 = EDGE_LOOP ( 'NONE', ( #1875, #3093, #10414, #2943 ) ) ;
#4340 = ORIENTED_EDGE ( 'NONE', *, *, #5944, .T. ) ;
#4341 = ADVANCED_FACE ( 'NONE', ( #2306 ), #9746, .F. ) ;
#4342 = EDGE_LOOP ( 'NONE', ( #10170, #11340 ) ) ;
#4343 = ORIENTED_EDGE ( 'NONE', *, *, #2130, .F. ) ;
#4344 = LINE ( 'NONE', #5467, #12594 ) ;
#4345 = DIRECTION ( 'NONE',  ( 0.000000000000000000, 0.000000000000000000, -1.000000000000000000 ) ) ;
#4346 = VERTEX_POINT ( 'NONE', #9889 ) ;
#4347 = DIRECTION ( 'NONE',  ( 0.000000000000000000, -1.000000000000000000, 0.000000000000000000 ) ) ;
#4348 = CARTESIAN_POINT ( 'NONE',  ( -1.814999999999999947, 0.1000000000000000056, 0.4000000000000000222 ) ) ;
#4349 = DIRECTION ( 'NONE',  ( 1.000000000000000000, 0.000000000000000000, 0.000000000000000000 ) ) ;
#4350 = LINE ( 'NONE', #7879, #12502 ) ;
#4351 = DIRECTION ( 'NONE',  ( -0.000000000000000000, 1.000000000000000000, -0.000000000000000000 ) ) ;
#4352 = FACE_OUTER_BOUND ( 'NONE', #2704, .T. ) ;
#4353 = MANIFOLD_SOLID_BREP ( 'Cut-Extrude3[3]', #10112 ) ;
#4354 = EDGE_LOOP ( 'NONE', ( #3772, #2816, #1585, #11154 ) ) ;
#4355 = LINE ( 'NONE', #2811, #187 ) ;
#4356 = VERTEX_POINT ( 'NONE', #5896 ) ;
#4357 = LINE ( 'NONE', #6480, #459 ) ;
#4358 = DIRECTION ( 'NONE',  ( 1.000000000000000000, -0.000000000000000000, -0.000000000000000000 ) ) ;
#4359 = LINE ( 'NONE', #1806, #8283 ) ;
#4360 = VERTEX_POINT ( 'NONE', #2111 ) ;
#4361 = DIRECTION ( 'NONE',  ( 0.000000000000000000, 3.226792180016381951E-17, 1.000000000000000000 ) ) ;
#4362 = STYLED_ITEM ( 'NONE', ( #12353 ), #9179 ) ;
#4363 = ORIENTED_EDGE ( 'NONE', *, *, #8718, .F. ) ;
#4364 = ORIENTED_EDGE ( 'NONE', *, *, #9068, .F. ) ;
#4365 = VECTOR ( 'NONE', #7618, 1000.000000000000000 ) ;
#4366 = ORIENTED_EDGE ( 'NONE', *, *, #863, .F. ) ;
#4367 = VECTOR ( 'NONE', #8145, 1000.000000000000000 ) ;
#4368 =( LENGTH_UNIT ( ) NAMED_UNIT ( * ) SI_UNIT ( .MILLI., .METRE. ) );
#4369 = CARTESIAN_POINT ( 'NONE',  ( -3.299999999999999822, -1.092524565418897903E-16, 1.199999999999999956 ) ) ;
#4370 = CARTESIAN_POINT ( 'NONE',  ( -6.984999999999999432, -0.1000000000000000056, 0.09439999999999945657 ) ) ;
#4371 = CARTESIAN_POINT ( 'NONE',  ( -1.269999999999999352, -1.570000000000000284, 8.130000000000000782 ) ) ;
#4372 =( NAMED_UNIT ( * ) SI_UNIT ( $, .STERADIAN. ) SOLID_ANGLE_UNIT ( ) );
#4373 = PLANE ( 'NONE',  #4219 ) ;
#4374 = ORIENTED_EDGE ( 'NONE', *, *, #7928, .T. ) ;
#4375 = PLANE ( 'NONE',  #4929 ) ;
#4376 = CARTESIAN_POINT ( 'NONE',  ( -4.410000000000001030, 0.5000000000000000000, -3.474999999999999645 ) ) ;
#4377 = AXIS2_PLACEMENT_3D ( 'NONE', #10095, #7180, #1354 ) ;
#4378 = ORIENTED_EDGE ( 'NONE', *, *, #7920, .F. ) ;
#4379 = DIRECTION ( 'NONE',  ( 0.000000000000000000, 0.000000000000000000, 1.000000000000000000 ) ) ;
#4380 = VECTOR ( 'NONE', #1944, 1000.000000000000000 ) ;
#4381 = EDGE_CURVE ( 'NONE', #12454, #2723, #10696, .T. ) ;
#4382 = LINE ( 'NONE', #4099, #12431 ) ;
#4383 = ORIENTED_EDGE ( 'NONE', *, *, #5421, .F. ) ;
#4384 = EDGE_CURVE ( 'NONE', #7421, #10593, #6247, .T. ) ;
#4385 = ORIENTED_EDGE ( 'NONE', *, *, #1292, .F. ) ;
#4386 = VERTEX_POINT ( 'NONE', #4974 ) ;
#4387 = LINE ( 'NONE', #10499, #12436 ) ;
#4388 = ORIENTED_EDGE ( 'NONE', *, *, #3445, .T. ) ;
#4389 =( GEOMETRIC_REPRESENTATION_CONTEXT ( 3 ) GLOBAL_UNCERTAINTY_ASSIGNED_CONTEXT ( ( #3751 ) ) GLOBAL_UNIT_ASSIGNED_CONTEXT ( ( #6326, #8168, #9201 ) ) REPRESENTATION_CONTEXT ( 'NONE', 'WORKASPACE' ) );
#4390 = CARTESIAN_POINT ( 'NONE',  ( -6.984999999999999432, -0.1000000000000000056, -0.7293999999999991601 ) ) ;
#4391 = VECTOR ( 'NONE', #5541, 1000.000000000000000 ) ;
#4392 = DIRECTION ( 'NONE',  ( -0.4472135954999587604, 0.7745966692414824051, 0.4472135954999587604 ) ) ;
#4393 = EDGE_CURVE ( 'NONE', #9002, #6751, #10729, .T. ) ;
#4394 = ADVANCED_FACE ( 'NONE', ( #10512 ), #6792, .F. ) ;
#4395 = LINE ( 'NONE', #9356, #8407 ) ;
#4396 = UNCERTAINTY_MEASURE_WITH_UNIT (LENGTH_MEASURE( 1.000000000000000082E-05 ), #8635, 'distance_accuracy_value', 'NONE');
#4397 = ORIENTED_EDGE ( 'NONE', *, *, #5934, .F. ) ;
#4398 = LINE ( 'NONE', #1540, #4556 ) ;
#4399 = PLANE ( 'NONE',  #5958 ) ;
#4400 = CARTESIAN_POINT ( 'NONE',  ( 6.985000000000000320, -1.519903165712366722, -0.9524999999999996803 ) ) ;
#4401 = ORIENTED_EDGE ( 'NONE', *, *, #10773, .F. ) ;
#4402 = CARTESIAN_POINT ( 'NONE',  ( 1.214999999999999858, 0.000000000000000000, 0.4000000000000000222 ) ) ;
#4403 = DIRECTION ( 'NONE',  ( -1.000000000000000000, 0.000000000000000000, -1.707404996040164018E-16 ) ) ;
#4404 = FACE_OUTER_BOUND ( 'NONE', #10816, .T. ) ;
#4405 = DIRECTION ( 'NONE',  ( 0.000000000000000000, 1.084202172485506209E-15, -1.000000000000000000 ) ) ;
#4406 = VECTOR ( 'NONE', #3064, 1000.000000000000000 ) ;
#4407 = EDGE_LOOP ( 'NONE', ( #9236, #9514, #11741, #804 ) ) ;
#4408 = CARTESIAN_POINT ( 'NONE',  ( -0.8050000000000000488, 0.1000000000000000056, -0.4000000000000000222 ) ) ;
#4409 = VECTOR ( 'NONE', #11080, 1000.000000000000000 ) ;
#4410 = CARTESIAN_POINT ( 'NONE',  ( -4.159999999999998366, 0.000000000000000000, -2.875000000000000000 ) ) ;
#4411 = ORIENTED_EDGE ( 'NONE', *, *, #9166, .T. ) ;
#4412 = ORIENTED_EDGE ( 'NONE', *, *, #5578, .T. ) ;
#4413 = CARTESIAN_POINT ( 'NONE',  ( 4.209999999999999076, 0.3500000000000000333, -0.08499999999999986733 ) ) ;
#4414 = FACE_OUTER_BOUND ( 'NONE', #4207, .T. ) ;
#4415 = ORIENTED_EDGE ( 'NONE', *, *, #8009, .F. ) ;
#4416 = DIRECTION ( 'NONE',  ( 1.000000000000000000, 0.000000000000000000, 0.000000000000000000 ) ) ;
#4417 = CIRCLE ( 'NONE', #2853, 0.5100000000000017852 ) ;
#4418 = CARTESIAN_POINT ( 'NONE',  ( 0.8050000000000000488, 0.1000000000000000056, -0.4000000000000000222 ) ) ;
#4419 = VECTOR ( 'NONE', #6881, 1000.000000000000000 ) ;
#4420 = EDGE_CURVE ( 'NONE', #4386, #8878, #10532, .T. ) ;
#4421 = EDGE_LOOP ( 'NONE', ( #11264, #3881, #10639, #8177 ) ) ;
#4422 = ADVANCED_FACE ( 'NONE', ( #10795 ), #4284, .F. ) ;
#4423 = ORIENTED_EDGE ( 'NONE', *, *, #5837, .T. ) ;
#4424 = MANIFOLD_SOLID_BREP ( 'NONE', #6165 ) ;
#4425 = EDGE_CURVE ( 'NONE', #12277, #8875, #6502, .T. ) ;
#4426 = ADVANCED_FACE ( 'NONE', ( #10586 ), #2285, .F. ) ;
#4427 = FACE_OUTER_BOUND ( 'NONE', #11539, .T. ) ;
#4428 = VERTEX_POINT ( 'NONE', #11325 ) ;
#4429 = EDGE_LOOP ( 'NONE', ( #4512, #7186, #11311, #8945 ) ) ;
#4430 = VERTEX_POINT ( 'NONE', #976 ) ;
#4431 = LINE ( 'NONE', #7372, #8557 ) ;
#4432 = CARTESIAN_POINT ( 'NONE',  ( -6.984999999999999432, 0.000000000000000000, 0.09439999999999945657 ) ) ;
#4433 = ORIENTED_EDGE ( 'NONE', *, *, #6926, .F. ) ;
#4434 = DIRECTION ( 'NONE',  ( 0.000000000000000000, 1.000000000000000000, 0.000000000000000000 ) ) ;
#4435 = FILL_AREA_STYLE ('',( #12293 ) ) ;
#4436 = CARTESIAN_POINT ( 'NONE',  ( -3.809999999999999609, -3.719604614807106024, 8.890000000000000568 ) ) ;
#4437 = PLANE ( 'NONE',  #8469 ) ;
#4438 = LINE ( 'NONE', #4767, #2 ) ;
#4439 = DIRECTION ( 'NONE',  ( 1.000000000000000000, 0.000000000000000000, 0.000000000000000000 ) ) ;
#4440 = DIRECTION ( 'NONE',  ( 1.000000000000000000, -0.000000000000000000, -0.000000000000000000 ) ) ;
#4441 = FACE_OUTER_BOUND ( 'NONE', #2126, .T. ) ;
#4442 = ORIENTED_EDGE ( 'NONE', *, *, #11588, .F. ) ;
#4443 = AXIS2_PLACEMENT_3D ( 'NONE', #11000, #570, #2332 ) ;
#4444 = CARTESIAN_POINT ( 'NONE',  ( -6.984999999999999432, -1.519903165712366722, -0.7293999999999991601 ) ) ;
#4445 = ORIENTED_EDGE ( 'NONE', *, *, #6661, .T. ) ;
#4446 = LINE ( 'NONE', #3421, #219 ) ;
#4447 = ORIENTED_EDGE ( 'NONE', *, *, #6273, .T. ) ;
#4448 = ORIENTED_EDGE ( 'NONE', *, *, #6016, .T. ) ;
#4449 = ORIENTED_EDGE ( 'NONE', *, *, #699, .F. ) ;
#4450 = LINE ( 'NONE', #12463, #151 ) ;
#4451 = ORIENTED_EDGE ( 'NONE', *, *, #5566, .F. ) ;
#4452 = ADVANCED_FACE ( 'NONE', ( #10715 ), #10466, .F. ) ;
#4453 = EDGE_CURVE ( 'NONE', #8097, #11870, #1399, .T. ) ;
#4454 = PRESENTATION_LAYER_ASSIGNMENT (  '', '', ( #1167 ) ) ;
#4455 = LINE ( 'NONE', #5297, #278 ) ;
#4456 = DIRECTION ( 'NONE',  ( 0.000000000000000000, -1.000000000000000000, 0.000000000000000000 ) ) ;
#4457 = DIRECTION ( 'NONE',  ( 0.000000000000000000, 0.000000000000000000, 1.000000000000000000 ) ) ;
#4458 = CARTESIAN_POINT ( 'NONE',  ( -1.920000000000000151, 1.550000000000000044, 1.129999999999999893 ) ) ;
#4459 = DIRECTION ( 'NONE',  ( -3.614007241618350250E-16, 0.000000000000000000, 1.000000000000000000 ) ) ;
#4460 = DIRECTION ( 'NONE',  ( 0.000000000000000000, 1.000000000000000000, 0.000000000000000000 ) ) ;
#4461 = CARTESIAN_POINT ( 'NONE',  ( -1.835769684305115002, 1.399999999999999911, 0.1945532402683884943 ) ) ;
#4462 = ORIENTED_EDGE ( 'NONE', *, *, #206, .T. ) ;
#4463 = DIRECTION ( 'NONE',  ( -1.000000000000000000, 0.000000000000000000, -0.000000000000000000 ) ) ;
#4464 = CARTESIAN_POINT ( 'NONE',  ( -0.2049999999999999878, 0.1000000000000000056, 0.4000000000000000222 ) ) ;
#4465 = EDGE_CURVE ( 'NONE', #10694, #6196, #6479, .T. ) ;
#4466 = ORIENTED_EDGE ( 'NONE', *, *, #5569, .T. ) ;
#4467 = DIRECTION ( 'NONE',  ( 0.000000000000000000, 0.000000000000000000, 1.000000000000000000 ) ) ;
#4468 = CIRCLE ( 'NONE', #7000, 0.4200000000000000400 ) ;
#4469 = DIRECTION ( 'NONE',  ( -0.000000000000000000, 1.000000000000000000, -0.000000000000000000 ) ) ;
#4470 = ORIENTED_EDGE ( 'NONE', *, *, #10065, .T. ) ;
#4471 = LINE ( 'NONE', #9011, #4409 ) ;
#4472 = EDGE_CURVE ( 'NONE', #11503, #6213, #2128, .T. ) ;
#4473 = ORIENTED_EDGE ( 'NONE', *, *, #8504, .F. ) ;
#4474 = ORIENTED_EDGE ( 'NONE', *, *, #1424, .T. ) ;
#4475 = CARTESIAN_POINT ( 'NONE',  ( 1.669999999999999929, 0.03999999999999999389, -0.08499999999999968692 ) ) ;
#4476 = PRODUCT_DEFINITION_SHAPE ( 'NONE', 'NONE',  #12617 ) ;
#4477 = FACE_OUTER_BOUND ( 'NONE', #2985, .T. ) ;
#4478 = ORIENTED_EDGE ( 'NONE', *, *, #7126, .T. ) ;
#4479 = EDGE_CURVE ( 'NONE', #10852, #10910, #10832, .T. ) ;
#4480 = EDGE_CURVE ( 'NONE', #8806, #1064, #10429, .T. ) ;
#4481 = DIRECTION ( 'NONE',  ( 0.000000000000000000, 0.000000000000000000, 1.000000000000000000 ) ) ;
#4482 = EDGE_CURVE ( 'NONE', #9738, #7940, #2150, .T. ) ;
#4483 = PLANE ( 'NONE',  #7486 ) ;
#4484 = ORIENTED_EDGE ( 'NONE', *, *, #1164, .T. ) ;
#4485 = LINE ( 'NONE', #4639, #357 ) ;
#4486 = CARTESIAN_POINT ( 'NONE',  ( 0.000000000000000000, 0.000000000000000000, 0.000000000000000000 ) ) ;
#4487 = DIRECTION ( 'NONE',  ( -0.000000000000000000, 1.000000000000000000, -0.000000000000000000 ) ) ;
#4488 = ORIENTED_EDGE ( 'NONE', *, *, #5291, .T. ) ;
#4489 = CARTESIAN_POINT ( 'NONE',  ( -2.350000000000000089, -3.135336068297440409E-17, -1.199999999999999956 ) ) ;
#4490 = CARTESIAN_POINT ( 'NONE',  ( 5.714999999999999858, -0.1000000000000000056, -1.130299999999999194 ) ) ;
#4491 = VECTOR ( 'NONE', #11295, 1000.000000000000000 ) ;
#4492 = CARTESIAN_POINT ( 'NONE',  ( -1.570000000000000062, 0.000000000000000000, -1.234999999999999876 ) ) ;
#4493 = ORIENTED_EDGE ( 'NONE', *, *, #3838, .F. ) ;
#4494 = FACE_OUTER_BOUND ( 'NONE', #8876, .T. ) ;
#4495 = CARTESIAN_POINT ( 'NONE',  ( -1.430000000000000160, 1.399999999999999911, 0.000000000000000000 ) ) ;
#4496 = CARTESIAN_POINT ( 'NONE',  ( 4.209999999999999076, 0.3499999999999997002, -1.185000000000000275 ) ) ;
#4497 = ORIENTED_EDGE ( 'NONE', *, *, #2041, .F. ) ;
#4498 = ORIENTED_EDGE ( 'NONE', *, *, #6222, .T. ) ;
#4499 = FACE_BOUND ( 'NONE', #3474, .T. ) ;
#4500 = ORIENTED_EDGE ( 'NONE', *, *, #2001, .T. ) ;
#4501 = CARTESIAN_POINT ( 'NONE',  ( 3.259999999999997122, 0.3499999999999997002, -3.574999999999998401 ) ) ;
#4502 = EDGE_CURVE ( 'NONE', #7795, #1066, #2170, .T. ) ;
#4503 = DIRECTION ( 'NONE',  ( 1.000000000000000000, 0.000000000000000000, 1.707404996040164018E-16 ) ) ;
#4504 = PRESENTATION_LAYER_ASSIGNMENT (  '', '', ( #5991 ) ) ;
#4505 = CARTESIAN_POINT ( 'NONE',  ( -1.801295078443829967, 1.471384778882143918, -0.1865515845426695130 ) ) ;
#4506 = ADVANCED_FACE ( 'NONE', ( #2722 ), #7603, .T. ) ;
#4507 = LINE ( 'NONE', #2326, #4217 ) ;
#4508 = ORIENTED_EDGE ( 'NONE', *, *, #12147, .F. ) ;
#4509 = DIRECTION ( 'NONE',  ( 1.000000000000000000, 0.000000000000000000, 3.614007241618350250E-16 ) ) ;
#4510 = CARTESIAN_POINT ( 'NONE',  ( 5.714999999999999858, 0.000000000000000000, -0.1397000000000006292 ) ) ;
#4511 = LINE ( 'NONE', #10670, #311 ) ;
#4512 = ORIENTED_EDGE ( 'NONE', *, *, #11210, .F. ) ;
#4513 = VECTOR ( 'NONE', #9211, 1000.000000000000000 ) ;
#4514 = ORIENTED_EDGE ( 'NONE', *, *, #4024, .T. ) ;
#4515 = LINE ( 'NONE', #8045, #268 ) ;
#4516 = EDGE_LOOP ( 'NONE', ( #5001, #8695, #4971, #4484 ) ) ;
#4517 = ORIENTED_EDGE ( 'NONE', *, *, #7569, .F. ) ;
#4518 = CIRCLE ( 'NONE', #9622, 0.7600000000000002309 ) ;
#4519 = DIRECTION ( 'NONE',  ( 0.000000000000000000, -1.000000000000000000, 0.000000000000000000 ) ) ;
#4521 = ORIENTED_EDGE ( 'NONE', *, *, #863, .T. ) ;
#4520 = APPLICATION_CONTEXT ( 'automotive_design' ) ;
#4522 = DIRECTION ( 'NONE',  ( 0.000000000000000000, 1.000000000000000000, 0.000000000000000000 ) ) ;
#4523 = PLANE ( 'NONE',  #9280 ) ;
#4524 = FILL_AREA_STYLE ('',( #9597 ) ) ;
#4525 = CARTESIAN_POINT ( 'NONE',  ( 6.985000000000000320, -0.1000000000000000056, -0.3174999999999996714 ) ) ;
#4526 = CARTESIAN_POINT ( 'NONE',  ( -1.805769684305110090, 1.455483594274799897, 0.1876090199250475266 ) ) ;
#4527 = CARTESIAN_POINT ( 'NONE',  ( -3.250000000000000000, 1.550000000000000044, -2.149999999999999911 ) ) ;
#4528 = DIRECTION ( 'NONE',  ( -3.491481338843133355E-15, 0.000000000000000000, -1.000000000000000000 ) ) ;
#4529 = CARTESIAN_POINT ( 'NONE',  ( 5.714999999999999858, 0.000000000000000000, 0.4952999999999994074 ) ) ;
#4530 = LINE ( 'NONE', #11324, #5211 ) ;
#4531 = LINE ( 'NONE', #9893, #4419 ) ;
#4532 = AXIS2_PLACEMENT_3D ( 'NONE', #12083, #9570, #7596 ) ;
#4533 = ORIENTED_EDGE ( 'NONE', *, *, #12342, .T. ) ;
#4534 = AXIS2_PLACEMENT_3D ( 'NONE', #9606, #6646, #10648 ) ;
#4535 = SURFACE_STYLE_FILL_AREA ( #6671 ) ;
#4536 = ADVANCED_FACE ( 'NONE', ( #2473 ), #974, .F. ) ;
#4537 = DIRECTION ( 'NONE',  ( 0.000000000000000000, 0.000000000000000000, -1.000000000000000000 ) ) ;
#4538 = VERTEX_POINT ( 'NONE', #6006 ) ;
#4539 = COLOUR_RGB ( '',0.7921568627450980005, 0.8196078431372548767, 0.9333333333333333481 ) ;
#4540 = PLANE ( 'NONE',  #9403 ) ;
#4541 = EDGE_LOOP ( 'NONE', ( #1974, #12272, #5220, #11462, #8074, #5336, #8255, #11397 ) ) ;
#4542 = ORIENTED_EDGE ( 'NONE', *, *, #2807, .T. ) ;
#4543 = ORIENTED_EDGE ( 'NONE', *, *, #7109, .F. ) ;
#4544 = VECTOR ( 'NONE', #457, 1000.000000000000000 ) ;
#4545 = ORIENTED_EDGE ( 'NONE', *, *, #10493, .F. ) ;
#4546 = AXIS2_PLACEMENT_3D ( 'NONE', #4847, #2006, #7019 ) ;
#4547 = LINE ( 'NONE', #5232, #4930 ) ;
#4548 = PLANE ( 'NONE',  #10426 ) ;
#4549 = AXIS2_PLACEMENT_3D ( 'NONE', #8463, #11302, #3632 ) ;
#4550 = DIRECTION ( 'NONE',  ( 0.000000000000000000, 1.000000000000000000, 0.000000000000000000 ) ) ;
#4551 = VECTOR ( 'NONE', #5290, 1000.000000000000000 ) ;
#4552 = DIRECTION ( 'NONE',  ( 0.000000000000000000, 0.000000000000000000, -1.000000000000000000 ) ) ;
#4553 = PLANE ( 'NONE',  #10266 ) ;
#4554 = EDGE_LOOP ( 'NONE', ( #1759, #11173, #4385, #2184 ) ) ;
#4555 = PLANE ( 'NONE',  #3220 ) ;
#4556 = VECTOR ( 'NONE', #9297, 1000.000000000000000 ) ;
#4557 = AXIS2_PLACEMENT_3D ( 'NONE', #12288, #7444, #4345 ) ;
#4558 = ORIENTED_EDGE ( 'NONE', *, *, #10049, .F. ) ;
#4559 = CARTESIAN_POINT ( 'NONE',  ( 3.649999999999999911, 0.3499999999999999778, -1.199999999999999956 ) ) ;
#4560 = SURFACE_SIDE_STYLE ('',( #8756 ) ) ;
#4561 = EDGE_LOOP ( 'NONE', ( #4731, #7035, #8978, #4952 ) ) ;
#4562 = LINE ( 'NONE', #653, #435 ) ;
#4563 = VERTEX_POINT ( 'NONE', #1195 ) ;
#4564 = EDGE_LOOP ( 'NONE', ( #7006, #5375, #10438, #10498 ) ) ;
#4565 = CARTESIAN_POINT ( 'NONE',  ( 1.864999999999999991, 0.2000000000000000111, 1.050000000000000044 ) ) ;
#4566 = VECTOR ( 'NONE', #12122, 1000.000000000000000 ) ;
#4567 = VERTEX_POINT ( 'NONE', #2067 ) ;
#4568 = ADVANCED_FACE ( 'NONE', ( #2508 ), #10822, .F. ) ;
#4569 = DIRECTION ( 'NONE',  ( 0.000000000000000000, 0.000000000000000000, 1.000000000000000000 ) ) ;
#4570 = LINE ( 'NONE', #12299, #4905 ) ;
#4571 = VECTOR ( 'NONE', #2613, 1000.000000000000227 ) ;
#4572 = COLOUR_RGB ( '',0.2509803921568627416, 0.2509803921568627416, 0.2509803921568627416 ) ;
#4573 = EDGE_LOOP ( 'NONE', ( #2362, #7871, #10311, #4038 ) ) ;
#4574 = VECTOR ( 'NONE', #6820, 1000.000000000000000 ) ;
#4575 = DIRECTION ( 'NONE',  ( 0.000000000000000000, 1.000000000000000000, 0.000000000000000000 ) ) ;
#4576 = CARTESIAN_POINT ( 'NONE',  ( 0.4398837366478682287, 0.04000000000000000083, -1.394999999999999574 ) ) ;
#4577 = ORIENTED_EDGE ( 'NONE', *, *, #5783, .F. ) ;
#4578 = CARTESIAN_POINT ( 'NONE',  ( 1.669999999999999929, 0.03999999999999999389, -1.184999999999999831 ) ) ;
#4579 = DIRECTION ( 'NONE',  ( 0.000000000000000000, 1.000000000000000000, 0.000000000000000000 ) ) ;
#4580 = LINE ( 'NONE', #23, #4380 ) ;
#4581 = B_SPLINE_CURVE_WITH_KNOTS ( 'NONE', 3,
 ( #2228, #11063, #9161, #9084, #3476, #5184, #10826, #7947, #5440, #2382, #11835, #3210, #8123, #12187, #4505, #271, #10009, #12006, #1269 ),
 .UNSPECIFIED., .F., .F.,
 ( 4, 3, 3, 3, 3, 3, 4 ),
 ( -2.054237028263139913E-06, 0.000000000000000000, 1.074426406347845796E-05, 2.794047058662055096E-05, 4.470488841027154821E-05, 6.128468460807589549E-05, 7.787623659026789602E-05 ),
 .UNSPECIFIED. ) ;
#4582 = ORIENTED_EDGE ( 'NONE', *, *, #11836, .T. ) ;
#4583 = DIRECTION ( 'NONE',  ( 1.000000000000000000, 0.000000000000000000, 0.000000000000000000 ) ) ;
#4584 = LINE ( 'NONE', #946, #4887 ) ;
#4585 = CARTESIAN_POINT ( 'NONE',  ( 3.010000000000000675, 0.000000000000000000, -2.774999999999997247 ) ) ;
#4586 = CARTESIAN_POINT ( 'NONE',  ( 0.8699999999999997735, 0.3499999999999999778, -1.434999999999999609 ) ) ;
#4587 = ORIENTED_EDGE ( 'NONE', *, *, #9387, .F. ) ;
#4588 = ORIENTED_EDGE ( 'NONE', *, *, #6080, .F. ) ;
#4589 = EDGE_CURVE ( 'NONE', #8875, #6625, #6703, .T. ) ;
#4590 = FACE_OUTER_BOUND ( 'NONE', #11915, .T. ) ;
#4591 = ORIENTED_EDGE ( 'NONE', *, *, #7458, .T. ) ;
#4592 = DIRECTION ( 'NONE',  ( -0.000000000000000000, 1.000000000000000000, 0.000000000000000000 ) ) ;
#4593 = DIRECTION ( 'NONE',  ( -0.000000000000000000, 3.226792180016381951E-17, 1.000000000000000000 ) ) ;
#4594 = VECTOR ( 'NONE', #8664, 1000.000000000000000 ) ;
#4595 = EDGE_CURVE ( 'NONE', #18, #11646, #2537, .T. ) ;
#4596 = LINE ( 'NONE', #1596, #352 ) ;
#4597 = ORIENTED_EDGE ( 'NONE', *, *, #7577, .F. ) ;
#4598 = CARTESIAN_POINT ( 'NONE',  ( 1.669999999999999929, 0.3099999999999999978, -1.394999999999999574 ) ) ;
#4599 = SURFACE_STYLE_FILL_AREA ( #11105 ) ;
#4600 = EDGE_LOOP ( 'NONE', ( #6745, #6139, #3515, #2303 ) ) ;
#4601 = FACE_OUTER_BOUND ( 'NONE', #8852, .T. ) ;
#4602 = VERTEX_POINT ( 'NONE', #8199 ) ;
#4603 = LINE ( 'NONE', #12025, #8625 ) ;
#4604 = ORIENTED_EDGE ( 'NONE', *, *, #6505, .F. ) ;
#4605 = EDGE_LOOP ( 'NONE', ( #3809, #9471, #9627, #5180 ) ) ;
#4606 = LINE ( 'NONE', #12002, #4544 ) ;
#4607 = DIRECTION ( 'NONE',  ( 0.000000000000000000, 0.000000000000000000, -1.000000000000000000 ) ) ;
#4609 = VERTEX_POINT ( 'NONE', #6532 ) ;
#4608 = DIRECTION ( 'NONE',  ( 0.000000000000000000, 0.000000000000000000, 1.000000000000000000 ) ) ;
#4610 = MECHANICAL_DESIGN_GEOMETRIC_PRESENTATION_REPRESENTATION (  '', ( #8054 ), #7097 ) ;
#4611 = CARTESIAN_POINT ( 'NONE',  ( -3.299999999999999822, 0.3499999999999999778, -1.199999999999999956 ) ) ;
#4612 = DIRECTION ( 'NONE',  ( 1.000000000000000000, 0.000000000000000000, 0.000000000000000000 ) ) ;
#4613 = DIRECTION ( 'NONE',  ( 0.000000000000000000, 0.000000000000000000, 1.000000000000000000 ) ) ;
#4614 = CARTESIAN_POINT ( 'NONE',  ( -1.768083721441995104, 1.498459926634194028, 0.1785032780870809965 ) ) ;
#4615 = CARTESIAN_POINT ( 'NONE',  ( -6.349999999999999645, -3.719604614807106024, 8.130000000000000782 ) ) ;
#4616 = VECTOR ( 'NONE', #7701, 1000.000000000000000 ) ;
#4617 = CARTESIAN_POINT ( 'NONE',  ( -6.349999999999999645, 0.000000000000000000, 9.650000000000000355 ) ) ;
#4618 = DIRECTION ( 'NONE',  ( 0.000000000000000000, 0.000000000000000000, 1.000000000000000000 ) ) ;
#4619 = ADVANCED_FACE ( 'NONE', ( #6764 ), #1786, .F. ) ;
#4620 = VERTEX_POINT ( 'NONE', #12271 ) ;
#4621 = EDGE_CURVE ( 'NONE', #11767, #3980, #7001, .T. ) ;
#4622 = CARTESIAN_POINT ( 'NONE',  ( 4.570000000000002061, 0.04000000000000000083, -2.344883736647871419 ) ) ;
#4623 = ORIENTED_EDGE ( 'NONE', *, *, #9412, .T. ) ;
#4624 = PRESENTATION_LAYER_ASSIGNMENT (  '', '', ( #9780 ) ) ;
#4625 = CARTESIAN_POINT ( 'NONE',  ( -0.8050000000000000488, 0.1000000000000000056, 1.000000000000000000 ) ) ;
#4626 = ORIENTED_EDGE ( 'NONE', *, *, #1442, .F. ) ;
#4627 = MANIFOLD_SOLID_BREP ( 'NONE', #4875 ) ;
#4628 = EDGE_LOOP ( 'NONE', ( #6057, #2541, #9331, #6955 ) ) ;
#4629 = CLOSED_SHELL ( 'NONE', ( #2145, #11787, #165, #2019, #1392, #2214, #10833, #5762, #7622, #12218, #10088, #8689, #3690, #5674, #9478, #2527, #1000, #6018, #1669, #3007, #10111, #11133, #258, #7174, #3872, #9530, #2607, #1033, #7957, #1667, #9640, #2233, #6221, #11992, #3895, #3352, #7121, #5463, #6782, #9154, #10835, #3465, #6558, #138, #6174, #6995, #9616 ) ) ;
#4630 = VECTOR ( 'NONE', #14, 1000.000000000000000 ) ;
#4631 = CLOSED_SHELL ( 'NONE', ( #7145, #6104, #3123, #9200, #9952, #6860 ) ) ;
#4632 = EDGE_CURVE ( 'NONE', #6624, #7532, #11131, .T. ) ;
#4633 = FILL_AREA_STYLE_COLOUR ( '', #12216 ) ;
#4634 = CARTESIAN_POINT ( 'NONE',  ( -6.349999999999999645, 0.000000000000000000, 8.890000000000000568 ) ) ;
#4635 = DIRECTION ( 'NONE',  ( -3.614007241618350250E-16, 0.000000000000000000, 1.000000000000000000 ) ) ;
#4636 = DIRECTION ( 'NONE',  ( 1.000000000000000000, 0.000000000000000000, 0.000000000000000000 ) ) ;
#4637 = VECTOR ( 'NONE', #10278, 1000.000000000000000 ) ;
#4638 = EDGE_CURVE ( 'NONE', #5831, #4923, #11198, .T. ) ;
#4639 = CARTESIAN_POINT ( 'NONE',  ( -3.649999999999999911, 1.550000000000000044, 2.149999999999999911 ) ) ;
#4640 = SURFACE_STYLE_USAGE ( .BOTH. , #7758 ) ;
#4641 = VERTEX_POINT ( 'NONE', #6220 ) ;
#4642 = DIRECTION ( 'NONE',  ( 0.000000000000000000, 0.000000000000000000, -1.000000000000000000 ) ) ;
#4643 = VECTOR ( 'NONE', #11530, 1000.000000000000000 ) ;
#4644 = EDGE_CURVE ( 'NONE', #5181, #11684, #2836, .T. ) ;
#4645 = EDGE_CURVE ( 'NONE', #11129, #11339, #11245, .T. ) ;
#4646 = ADVANCED_FACE ( 'NONE', ( #10987 ), #7967, .T. ) ;
#4647 = ORIENTED_EDGE ( 'NONE', *, *, #6920, .F. ) ;
#4648 = DIRECTION ( 'NONE',  ( 0.000000000000000000, -1.000000000000000000, 0.000000000000000000 ) ) ;
#4649 = ADVANCED_FACE ( 'NONE', ( #2678 ), #1863, .F. ) ;
#4650 = AXIS2_PLACEMENT_3D ( 'NONE', #2347, #11015, #6183 ) ;
#4651 = DIRECTION ( 'NONE',  ( 0.000000000000000000, 1.000000000000000000, 0.000000000000000000 ) ) ;
#4652 = ORIENTED_EDGE ( 'NONE', *, *, #6010, .T. ) ;
#4653 = ORIENTED_EDGE ( 'NONE', *, *, #2557, .T. ) ;
#4654 = VERTEX_POINT ( 'NONE', #3823 ) ;
#4655 = CARTESIAN_POINT ( 'NONE',  ( -6.984999999999999432, 0.000000000000000000, -0.7293999999999991601 ) ) ;
#4656 = COLOUR_RGB ( '',0.7921568627450980005, 0.8196078431372548767, 0.9333333333333333481 ) ;
#4657 = EDGE_LOOP ( 'NONE', ( #4672, #7682, #8774, #4623 ) ) ;
#4658 = CARTESIAN_POINT ( 'NONE',  ( 4.209999999999999076, 0.3500000000000000333, -0.08499999999999986733 ) ) ;
#4659 = LINE ( 'NONE', #9207, #9135 ) ;
#4660 = CARTESIAN_POINT ( 'NONE',  ( -1.050000000000000044, -0.9124355652982150122, 1.050000000000000044 ) ) ;
#4661 = STYLED_ITEM ( 'NONE', ( #10451 ), #4353 ) ;
#4662 = LINE ( 'NONE', #6719, #8840 ) ;
#4663 = ORIENTED_EDGE ( 'NONE', *, *, #10131, .T. ) ;
#4664 = LINE ( 'NONE', #10559, #9162 ) ;
#4665 = CARTESIAN_POINT ( 'NONE',  ( 0.8699999999999997735, 0.3499999999999999778, 0.1650000000000003131 ) ) ;
#4666 = PLANE ( 'NONE',  #2052 ) ;
#4667 = EDGE_LOOP ( 'NONE', ( #7094, #8236, #8400, #7077 ) ) ;
#4668 = EDGE_CURVE ( 'NONE', #8871, #6178, #6806, .T. ) ;
#4669 = DIRECTION ( 'NONE',  ( -1.000000000000000000, 0.000000000000000000, 0.000000000000000000 ) ) ;
#4670 = EDGE_CURVE ( 'NONE', #12404, #9970, #6666, .T. ) ;
#4671 = LINE ( 'NONE', #8060, #484 ) ;
#4672 = ORIENTED_EDGE ( 'NONE', *, *, #9066, .T. ) ;
#4673 = CARTESIAN_POINT ( 'NONE',  ( -1.269999999999999352, -1.570000000000000062, 8.890000000000000568 ) ) ;
#4674 = DIRECTION ( 'NONE',  ( 0.000000000000000000, 1.000000000000000000, 0.000000000000000000 ) ) ;
#4675 = PLANE ( 'NONE',  #5843 ) ;
#4676 = EDGE_CURVE ( 'NONE', #9237, #2488, #2496, .T. ) ;
#4677 = AXIS2_PLACEMENT_3D ( 'NONE', #10736, #3956, #8992 ) ;
#4678 = EDGE_LOOP ( 'NONE', ( #4508, #2023 ) ) ;
#4679 = ORIENTED_EDGE ( 'NONE', *, *, #12601, .F. ) ;
#4680 = CARTESIAN_POINT ( 'NONE',  ( 4.360000000000002096, 0.3500000000000000333, -2.344883736647870531 ) ) ;
#4681 = FACE_BOUND ( 'NONE', #9312, .T. ) ;
#4682 = ORIENTED_EDGE ( 'NONE', *, *, #11098, .F. ) ;
#4683 = PLANE ( 'NONE',  #2702 ) ;
#4684 = PLANE ( 'NONE',  #5936 ) ;
#4685 = CIRCLE ( 'NONE', #997, 0.7600000000000002309 ) ;
#4686 =( NAMED_UNIT ( * ) SI_UNIT ( $, .STERADIAN. ) SOLID_ANGLE_UNIT ( ) );
#4687 = FACE_OUTER_BOUND ( 'NONE', #2559, .T. ) ;
#4688 = EDGE_LOOP ( 'NONE', ( #1125, #7355, #4270, #11593 ) ) ;
#4689 = CARTESIAN_POINT ( 'NONE',  ( -1.750000000000000000, 0.2999999999999999889, -1.750000000000000000 ) ) ;
#4690 = AXIS2_PLACEMENT_3D ( 'NONE', #7783, #285, #3132 ) ;
#4691 = VECTOR ( 'NONE', #12556, 1000.000000000000000 ) ;
#4692 = VECTOR ( 'NONE', #7071, 1000.000000000000000 ) ;
#4693 = VERTEX_POINT ( 'NONE', #8390 ) ;
#4694 = FACE_OUTER_BOUND ( 'NONE', #474, .T. ) ;
#4695 = AXIS2_PLACEMENT_3D ( 'NONE', #5964, #1070, #11418 ) ;
#4696 = ORIENTED_EDGE ( 'NONE', *, *, #8420, .F. ) ;
#4697 = EDGE_CURVE ( 'NONE', #3438, #3603, #7057, .T. ) ;
#4698 = ORIENTED_EDGE ( 'NONE', *, *, #5551, .F. ) ;
#4699 = ORIENTED_EDGE ( 'NONE', *, *, #7739, .F. ) ;
#4700 = AXIS2_PLACEMENT_3D ( 'NONE', #10895, #10148, #3105 ) ;
#4701 = LINE ( 'NONE', #4261, #323 ) ;
#4702 = ORIENTED_EDGE ( 'NONE', *, *, #5436, .F. ) ;
#4703 = EDGE_CURVE ( 'NONE', #6035, #9283, #11006, .T. ) ;
#4704 = AXIS2_PLACEMENT_3D ( 'NONE', #843, #4725, #1753 ) ;
#4705 = CARTESIAN_POINT ( 'NONE',  ( 3.649999999999999911, 1.149999999999999911, 1.199999999999999956 ) ) ;
#4706 = CARTESIAN_POINT ( 'NONE',  ( 0.2049999999999999878, 0.000000000000000000, 0.4000000000000000222 ) ) ;
#4707 = CARTESIAN_POINT ( 'NONE',  ( 2.539999999999999147, 0.3499999999999999778, -2.168404344971008868E-16 ) ) ;
#4708 = DIRECTION ( 'NONE',  ( -3.491481338843133355E-15, 0.000000000000000000, -1.000000000000000000 ) ) ;
#4709 = DIRECTION ( 'NONE',  ( -1.000000000000000000, 0.000000000000000000, 0.000000000000000000 ) ) ;
#4710 = FILL_AREA_STYLE_COLOUR ( '', #4572 ) ;
#4711 = LINE ( 'NONE', #2558, #4796 ) ;
#4712 = LINE ( 'NONE', #1985, #620 ) ;
#4713 = LINE ( 'NONE', #1757, #9060 ) ;
#4714 = EDGE_LOOP ( 'NONE', ( #8191, #6054, #4184, #294 ) ) ;
#4715 = LINE ( 'NONE', #4870, #8937 ) ;
#4716 = DIRECTION ( 'NONE',  ( 0.000000000000000000, 1.000000000000000000, 0.000000000000000000 ) ) ;
#4717 = ORIENTED_EDGE ( 'NONE', *, *, #10599, .T. ) ;
#4718 = VECTOR ( 'NONE', #4358, 1000.000000000000000 ) ;
#4719 = ORIENTED_EDGE ( 'NONE', *, *, #10352, .T. ) ;
#4720 = ORIENTED_EDGE ( 'NONE', *, *, #7073, .F. ) ;
#4721 = EDGE_LOOP ( 'NONE', ( #11706, #5222, #3338, #5475 ) ) ;
#4722 = SURFACE_STYLE_FILL_AREA ( #8327 ) ;
#4723 = ORIENTED_EDGE ( 'NONE', *, *, #6122, .T. ) ;
#4724 = STYLED_ITEM ( 'NONE', ( #7978 ), #7747 ) ;
#4725 = DIRECTION ( 'NONE',  ( 0.000000000000000000, 0.000000000000000000, -1.000000000000000000 ) ) ;
#4726 = CARTESIAN_POINT ( 'NONE',  ( 2.979883736647867654, 0.04000000000000000083, -1.394999999999999796 ) ) ;
#4727 = DIRECTION ( 'NONE',  ( 0.000000000000000000, 1.000000000000000000, 0.000000000000000000 ) ) ;
#4728 = ADVANCED_FACE ( 'NONE', ( #10891 ), #9414, .F. ) ;
#4729 = LINE ( 'NONE', #8533, #9082 ) ;
#4730 = FILL_AREA_STYLE_COLOUR ( '', #1268 ) ;
#4731 = ORIENTED_EDGE ( 'NONE', *, *, #8374, .F. ) ;
#4732 = CARTESIAN_POINT ( 'NONE',  ( 3.810000000000000941, 0.000000000000000000, 8.890000000000000568 ) ) ;
#4733 = CARTESIAN_POINT ( 'NONE',  ( -4.159999999999998366, 0.000000000000000000, -2.875000000000000000 ) ) ;
#4734 = UNCERTAINTY_MEASURE_WITH_UNIT (LENGTH_MEASURE( 1.000000000000000082E-05 ), #8073, 'distance_accuracy_value', 'NONE');
#4735 = VECTOR ( 'NONE', #6779, 1000.000000000000000 ) ;
#4736 = VERTEX_POINT ( 'NONE', #4413 ) ;
#4737 = EDGE_CURVE ( 'NONE', #3442, #4007, #2451, .T. ) ;
#4738 = DIRECTION ( 'NONE',  ( 0.000000000000000000, 1.000000000000000000, 0.000000000000000000 ) ) ;
#4739 = ORIENTED_EDGE ( 'NONE', *, *, #6393, .T. ) ;
#4740 = EDGE_LOOP ( 'NONE', ( #3784, #1880, #1900, #3440 ) ) ;
#4741 = ORIENTED_EDGE ( 'NONE', *, *, #3583, .T. ) ;
#4742 = DIRECTION ( 'NONE',  ( 0.000000000000000000, 0.000000000000000000, -1.000000000000000000 ) ) ;
#4743 = PRESENTATION_STYLE_ASSIGNMENT (( #11259 ) ) ;
#4744 = VERTEX_POINT ( 'NONE', #797 ) ;
#4745 =( LENGTH_UNIT ( ) NAMED_UNIT ( * ) SI_UNIT ( .MILLI., .METRE. ) );
#4746 = VECTOR ( 'NONE', #5088, 1000.000000000000000 ) ;
#4747 = ORIENTED_EDGE ( 'NONE', *, *, #2007, .F. ) ;
#4748 = EDGE_CURVE ( 'NONE', #10164, #11899, #2761, .T. ) ;
#4749 = FACE_OUTER_BOUND ( 'NONE', #2976, .T. ) ;
#4750 = CARTESIAN_POINT ( 'NONE',  ( 5.714999999999999858, -0.1000000000000000472, -0.9524999999999999023 ) ) ;
#4751 = ADVANCED_FACE ( 'NONE', ( #6645 ), #10230, .F. ) ;
#4752 = ORIENTED_EDGE ( 'NONE', *, *, #8037, .F. ) ;
#4753 = DIRECTION ( 'NONE',  ( 0.000000000000000000, 0.000000000000000000, -1.000000000000000000 ) ) ;
#4754 = DIRECTION ( 'NONE',  ( 0.000000000000000000, 0.000000000000000000, 1.000000000000000000 ) ) ;
#4755 = ADVANCED_FACE ( 'NONE', ( #6847 ), #6445, .F. ) ;
#4756 = FACE_OUTER_BOUND ( 'NONE', #12284, .T. ) ;
#4757 = DIRECTION ( 'NONE',  ( 0.000000000000000000, 0.000000000000000000, 1.000000000000000000 ) ) ;
#4758 = VERTEX_POINT ( 'NONE', #2638 ) ;
#4759 = CARTESIAN_POINT ( 'NONE',  ( 3.250000000000000000, 1.550000000000000044, -2.149999999999999911 ) ) ;
#4760 = AXIS2_PLACEMENT_3D ( 'NONE', #2122, #8970, #9981 ) ;
#4761 = PLANE ( 'NONE',  #761 ) ;
#4762 = CARTESIAN_POINT ( 'NONE',  ( 4.444999999999997620, 0.000000000000000000, -3.575000000000002842 ) ) ;
#4763 = ORIENTED_EDGE ( 'NONE', *, *, #12134, .T. ) ;
#4764 = ORIENTED_EDGE ( 'NONE', *, *, #10343, .F. ) ;
#4765 = CARTESIAN_POINT ( 'NONE',  ( 6.985000000000000320, -0.1000000000000000472, -0.9524999999999996803 ) ) ;
#4766 = ORIENTED_EDGE ( 'NONE', *, *, #6347, .F. ) ;
#4767 = CARTESIAN_POINT ( 'NONE',  ( 3.409999999999998810, 0.3499999999999997002, -1.185000000000000275 ) ) ;
#4768 = EDGE_CURVE ( 'NONE', #499, #6342, #11090, .T. ) ;
#4769 = CARTESIAN_POINT ( 'NONE',  ( -0.7449999999999999956, 1.500000000000000000, 1.180000000000000160 ) ) ;
#4770 = MECHANICAL_DESIGN_GEOMETRIC_PRESENTATION_REPRESENTATION (  '', ( #9780 ), #1823 ) ;
#4771 = DIRECTION ( 'NONE',  ( 0.000000000000000000, 1.000000000000000000, 0.000000000000000000 ) ) ;
#4772 = LINE ( 'NONE', #8353, #4840 ) ;
#4773 = AXIS2_PLACEMENT_3D ( 'NONE', #5797, #2003, #2865 ) ;
#4774 = EDGE_LOOP ( 'NONE', ( #2336, #8538, #4979, #4212 ) ) ;
#4775 = DIRECTION ( 'NONE',  ( 1.141265444721583757E-16, -1.000000000000000000, 0.000000000000000000 ) ) ;
#4776 = DIRECTION ( 'NONE',  ( -1.000000000000000000, -0.000000000000000000, -0.000000000000000000 ) ) ;
#4777 = LINE ( 'NONE', #1578, #5044 ) ;
#4778 = CARTESIAN_POINT ( 'NONE',  ( -1.814999999999999947, 0.000000000000000000, 0.4000000000000000222 ) ) ;
#4779 = EDGE_LOOP ( 'NONE', ( #6013, #3909, #1973, #10321 ) ) ;
#4780 = EDGE_CURVE ( 'NONE', #4430, #11446, #6748, .T. ) ;
#4781 = VECTOR ( 'NONE', #2825, 1000.000000000000000 ) ;
#4782 = VERTEX_POINT ( 'NONE', #11890 ) ;
#4783 = EDGE_CURVE ( 'NONE', #10629, #11403, #6894, .T. ) ;
#4784 = ORIENTED_EDGE ( 'NONE', *, *, #9249, .T. ) ;
#4785 = ORIENTED_EDGE ( 'NONE', *, *, #8578, .F. ) ;
#4786 = EDGE_CURVE ( 'NONE', #1168, #6590, #2584, .T. ) ;
#4787 = DIRECTION ( 'NONE',  ( 0.000000000000000000, -1.000000000000000000, 0.000000000000000000 ) ) ;
#4788 = VERTEX_POINT ( 'NONE', #5242 ) ;
#4789 = PLANE ( 'NONE',  #3047 ) ;
#4790 = DIRECTION ( 'NONE',  ( 0.000000000000000000, 1.000000000000000000, 0.000000000000000000 ) ) ;
#4791 = DIRECTION ( 'NONE',  ( 0.000000000000000000, -0.000000000000000000, 1.000000000000000000 ) ) ;
#4792 = CARTESIAN_POINT ( 'NONE',  ( 1.270000000000000240, -1.570000000000000284, 8.890000000000000568 ) ) ;
#4793 = DIRECTION ( 'NONE',  ( -3.491481338843133355E-15, 0.000000000000000000, -1.000000000000000000 ) ) ;
#4794 = DIRECTION ( 'NONE',  ( -0.000000000000000000, 1.000000000000000000, 0.000000000000000000 ) ) ;
#4795 = EDGE_CURVE ( 'NONE', #7975, #2857, #6829, .T. ) ;
#4796 = VECTOR ( 'NONE', #12368, 1000.000000000000000 ) ;
#4797 = EDGE_CURVE ( 'NONE', #7318, #11318, #11027, .T. ) ;
#4798 = ORIENTED_EDGE ( 'NONE', *, *, #5124, .T. ) ;
#4799 = LINE ( 'NONE', #6294, #9278 ) ;
#4800 = FACE_OUTER_BOUND ( 'NONE', #2648, .T. ) ;
#4801 = CARTESIAN_POINT ( 'NONE',  ( 3.050000000000000711, 0.04000000000000000083, -2.774999999999997247 ) ) ;
#4802 = EDGE_CURVE ( 'NONE', #2958, #2913, #6912, .T. ) ;
#4803 = FACE_OUTER_BOUND ( 'NONE', #9910, .T. ) ;
#4804 = CARTESIAN_POINT ( 'NONE',  ( -1.814999999999999947, 0.1000000000000000056, 0.4000000000000000222 ) ) ;
#4805 = ORIENTED_EDGE ( 'NONE', *, *, #5592, .F. ) ;
#4806 = ORIENTED_EDGE ( 'NONE', *, *, #7640, .F. ) ;
#4807 = VERTEX_POINT ( 'NONE', #1316 ) ;
#4808 = EDGE_CURVE ( 'NONE', #11248, #11160, #2747, .T. ) ;
#4809 = VECTOR ( 'NONE', #6095, 1000.000000000000000 ) ;
#4810 = ORIENTED_EDGE ( 'NONE', *, *, #10061, .T. ) ;
#4811 = EDGE_CURVE ( 'NONE', #4360, #8912, #7080, .T. ) ;
#4812 = EDGE_CURVE ( 'NONE', #6067, #1731, #3301, .T. ) ;
#4813 = FACE_OUTER_BOUND ( 'NONE', #491, .T. ) ;
#4814 = EDGE_CURVE ( 'NONE', #8314, #8131, #11399, .T. ) ;
#4815 = AXIS2_PLACEMENT_3D ( 'NONE', #11453, #9547, #10432 ) ;
#4816 = DIRECTION ( 'NONE',  ( 0.000000000000000000, 1.000000000000000000, 0.000000000000000000 ) ) ;
#4817 = FACE_OUTER_BOUND ( 'NONE', #2721, .T. ) ;
#4818 = FACE_OUTER_BOUND ( 'NONE', #12494, .T. ) ;
#4819 = DIRECTION ( 'NONE',  ( -1.000000000000000000, 0.000000000000000000, 0.000000000000000000 ) ) ;
#4820 = CARTESIAN_POINT ( 'NONE',  ( -1.835769684305115002, 1.550000000000000044, -0.1945532402683884943 ) ) ;
#4821 = VERTEX_POINT ( 'NONE', #6131 ) ;
#4822 = DIRECTION ( 'NONE',  ( 0.000000000000000000, -1.000000000000000000, 0.000000000000000000 ) ) ;
#4823 = CARTESIAN_POINT ( 'NONE',  ( -1.570000000000000062, 1.421954445729287864, -0.9849999999999993205 ) ) ;
#4824 = LINE ( 'NONE', #2022, #4735 ) ;
#4825 = CARTESIAN_POINT ( 'NONE',  ( -3.649999999999999911, 0.3499999999999999778, -1.199999999999999956 ) ) ;
#4826 = CARTESIAN_POINT ( 'NONE',  ( 3.810000000000000941, -3.719604614807106024, 9.400000000000000355 ) ) ;
#4827 = MECHANICAL_DESIGN_GEOMETRIC_PRESENTATION_REPRESENTATION (  '', ( #12213 ), #6988 ) ;
#4828 = ORIENTED_EDGE ( 'NONE', *, *, #8546, .F. ) ;
#4829 = ORIENTED_EDGE ( 'NONE', *, *, #6471, .F. ) ;
#4830 = ORIENTED_EDGE ( 'NONE', *, *, #6757, .F. ) ;
#4831 = DIRECTION ( 'NONE',  ( 0.000000000000000000, 1.000000000000000000, 0.000000000000000000 ) ) ;
#4832 = FACE_BOUND ( 'NONE', #33, .T. ) ;
#4833 = VERTEX_POINT ( 'NONE', #2199 ) ;
#4834 = DIRECTION ( 'NONE',  ( 0.000000000000000000, -1.000000000000000000, 0.000000000000000000 ) ) ;
#4835 = CARTESIAN_POINT ( 'NONE',  ( 0.8699999999999997735, 0.3499999999999999778, 0.1650000000000003131 ) ) ;
#4836 = FACE_OUTER_BOUND ( 'NONE', #9108, .T. ) ;
#4837 = EDGE_CURVE ( 'NONE', #4788, #3200, #3078, .T. ) ;
#4838 = EDGE_CURVE ( 'NONE', #7649, #6752, #11424, .T. ) ;
#4839 = ADVANCED_FACE ( 'NONE', ( #11642 ), #1250, .F. ) ;
#4840 = VECTOR ( 'NONE', #12053, 1000.000000000000000 ) ;
#4841 = EDGE_CURVE ( 'NONE', #5118, #7698, #7536, .T. ) ;
#4842 = EDGE_LOOP ( 'NONE', ( #2258, #8281, #9187, #6828 ) ) ;
#4843 = AXIS2_PLACEMENT_3D ( 'NONE', #3611, #4550, #7386 ) ;
#4844 = VECTOR ( 'NONE', #8696, 1000.000000000000000 ) ;
#4845 = DIRECTION ( 'NONE',  ( 0.000000000000000000, 0.000000000000000000, -1.000000000000000000 ) ) ;
#4846 = CARTESIAN_POINT ( 'NONE',  ( 6.985000000000000320, 0.000000000000000000, -1.130299999999998972 ) ) ;
#4847 = CARTESIAN_POINT ( 'NONE',  ( 3.250000000000000000, 1.149999999999999911, 1.199999999999999956 ) ) ;
#4848 = COLOUR_RGB ( '',0.7921568627450980005, 0.8196078431372548767, 0.9333333333333333481 ) ;
#4849 = DIRECTION ( 'NONE',  ( 0.000000000000000000, 0.000000000000000000, 1.000000000000000000 ) ) ;
#4850 = ORIENTED_EDGE ( 'NONE', *, *, #807, .F. ) ;
#4851 = CARTESIAN_POINT ( 'NONE',  ( -0.2049999999999999878, 0.1000000000000000056, -1.000000000000000000 ) ) ;
#4852 = CIRCLE ( 'NONE', #3754, 0.7600000000000002309 ) ;
#4853 = DIRECTION ( 'NONE',  ( 0.000000000000000000, 0.000000000000000000, -1.000000000000000000 ) ) ;
#4854 = CARTESIAN_POINT ( 'NONE',  ( 2.979883736647867654, 0.04000000000000000083, -1.394999999999999796 ) ) ;
#4855 = EDGE_LOOP ( 'NONE', ( #6175, #11215, #9825, #1802 ) ) ;
#4856 = ORIENTED_EDGE ( 'NONE', *, *, #6406, .F. ) ;
#4857 = DIRECTION ( 'NONE',  ( 0.000000000000000000, 1.000000000000000000, 0.000000000000000000 ) ) ;
#4858 = FACE_OUTER_BOUND ( 'NONE', #1276, .T. ) ;
#4859 = EDGE_LOOP ( 'NONE', ( #3984, #11438, #8005, #2425 ) ) ;
#4860 = DIRECTION ( 'NONE',  ( 1.000000000000000000, -1.141265444721583757E-16, 0.000000000000000000 ) ) ;
#4861 = CARTESIAN_POINT ( 'NONE',  ( -0.7450000000000001066, 1.529289321881346364, 1.180000000000000604 ) ) ;
#4862 = AXIS2_PLACEMENT_3D ( 'NONE', #8031, #11750, #277 ) ;
#4863 = DIRECTION ( 'NONE',  ( 1.000000000000000000, 0.000000000000000000, 0.000000000000000000 ) ) ;
#4864 = VECTOR ( 'NONE', #11458, 1000.000000000000000 ) ;
#4865 = LINE ( 'NONE', #681, #8934 ) ;
#4866 = EDGE_CURVE ( 'NONE', #10593, #7421, #7520, .T. ) ;
#4867 = ORIENTED_EDGE ( 'NONE', *, *, #6122, .F. ) ;
#4868 = CARTESIAN_POINT ( 'NONE',  ( 3.810000000000000941, 0.000000000000000000, 8.130000000000000782 ) ) ;
#4869 = VECTOR ( 'NONE', #12585, 1000.000000000000000 ) ;
#4870 = CARTESIAN_POINT ( 'NONE',  ( 1.814999999999999947, 0.000000000000000000, 0.4000000000000000222 ) ) ;
#4871 = AXIS2_PLACEMENT_3D ( 'NONE', #11408, #1857, #6603 ) ;
#4872 = ADVANCED_FACE ( 'NONE', ( #11291 ), #3002, .F. ) ;
#4873 = VECTOR ( 'NONE', #5655, 1000.000000000000000 ) ;
#4874 = ADVANCED_FACE ( 'NONE', ( #3190, #7182 ), #3859, .F. ) ;
#4875 = CLOSED_SHELL ( 'NONE', ( #10377, #50, #3428, #6041, #10981, #2384 ) ) ;
#4876 = ORIENTED_EDGE ( 'NONE', *, *, #3022, .T. ) ;
#4877 = ORIENTED_EDGE ( 'NONE', *, *, #1896, .T. ) ;
#4878 = LINE ( 'NONE', #1417, #420 ) ;
#4879 = CARTESIAN_POINT ( 'NONE',  ( 6.985000000000000320, -1.519903165712366722, -0.1397000000000004072 ) ) ;
#4880 = ORIENTED_EDGE ( 'NONE', *, *, #9363, .F. ) ;
#4881 = DIRECTION ( 'NONE',  ( 0.000000000000000000, 0.000000000000000000, -1.000000000000000000 ) ) ;
#4882 = DIRECTION ( 'NONE',  ( -0.000000000000000000, 1.000000000000000000, -0.000000000000000000 ) ) ;
#4883 = DIRECTION ( 'NONE',  ( 0.000000000000000000, 1.000000000000000000, 0.000000000000000000 ) ) ;
#4884 = DIRECTION ( 'NONE',  ( 0.000000000000000000, 0.000000000000000000, -1.000000000000000000 ) ) ;
#4885 = DIRECTION ( 'NONE',  ( 0.000000000000000000, 0.000000000000000000, -1.000000000000000000 ) ) ;
#4886 = FACE_OUTER_BOUND ( 'NONE', #983, .T. ) ;
#4887 = VECTOR ( 'NONE', #12419, 1000.000000000000000 ) ;
#4888 = FACE_OUTER_BOUND ( 'NONE', #9556, .T. ) ;
#4889 = ORIENTED_EDGE ( 'NONE', *, *, #5867, .T. ) ;
#4890 = PLANE ( 'NONE',  #27 ) ;
#4891 = FACE_OUTER_BOUND ( 'NONE', #12371, .T. ) ;
#4892 = DIRECTION ( 'NONE',  ( 0.000000000000000000, -0.000000000000000000, 1.000000000000000000 ) ) ;
#4893 = VECTOR ( 'NONE', #4469, 1000.000000000000000 ) ;
#4894 = PLANE ( 'NONE',  #11909 ) ;
#4895 = PRESENTATION_LAYER_ASSIGNMENT (  '', '', ( #4724 ) ) ;
#4896 = CARTESIAN_POINT ( 'NONE',  ( 0.8699999999999997735, 0.04000000000000000083, -1.394999999999999574 ) ) ;
#4897 = ORIENTED_EDGE ( 'NONE', *, *, #2879, .F. ) ;
#4898 = ORIENTED_EDGE ( 'NONE', *, *, #896, .F. ) ;
#4899 = ORIENTED_EDGE ( 'NONE', *, *, #4168, .T. ) ;
#4900 = EDGE_CURVE ( 'NONE', #4782, #10968, #11527, .T. ) ;
#4901 = PRESENTATION_STYLE_ASSIGNMENT (( #9792 ) ) ;
#4902 = VERTEX_POINT ( 'NONE', #3086 ) ;
#4903 = ADVANCED_FACE ( 'NONE', ( #3030 ), #9823, .F. ) ;
#4904 = UNCERTAINTY_MEASURE_WITH_UNIT (LENGTH_MEASURE( 1.000000000000000082E-05 ), #10764, 'distance_accuracy_value', 'NONE');
#4905 = VECTOR ( 'NONE', #8448, 1000.000000000000000 ) ;
#4906 = CARTESIAN_POINT ( 'NONE',  ( -5.080000000000000071, -1.570000000000000062, -9.269999999999999574 ) ) ;
#4907 = DIRECTION ( 'NONE',  ( -0.000000000000000000, 1.000000000000000000, -0.000000000000000000 ) ) ;
#4908 = LINE ( 'NONE', #8805, #350 ) ;
#4909 = CARTESIAN_POINT ( 'NONE',  ( 0.2049999999999999878, 0.1000000000000000056, 1.000000000000000000 ) ) ;
#4910 = FACE_OUTER_BOUND ( 'NONE', #2090, .T. ) ;
#4911 = PLANE ( 'NONE',  #2754 ) ;
#4912 = CARTESIAN_POINT ( 'NONE',  ( -3.299999999999999822, 0.3499999999999999778, 1.199999999999999956 ) ) ;
#4913 = DIRECTION ( 'NONE',  ( 0.000000000000000000, 0.000000000000000000, -1.000000000000000000 ) ) ;
#4914 = VERTEX_POINT ( 'NONE', #5065 ) ;
#4915 = CARTESIAN_POINT ( 'NONE',  ( -5.714999999999998970, -1.519903165712366722, -0.7293999999999989381 ) ) ;
#4916 = PLANE ( 'NONE',  #9545 ) ;
#4917 = AXIS2_PLACEMENT_3D ( 'NONE', #10847, #6693, #5957 ) ;
#4918 = DIRECTION ( 'NONE',  ( 1.000000000000000000, 0.000000000000000000, 0.000000000000000000 ) ) ;
#4919 = FACE_OUTER_BOUND ( 'NONE', #5935, .T. ) ;
#4920 = DIRECTION ( 'NONE',  ( 0.000000000000000000, 0.000000000000000000, 1.000000000000000000 ) ) ;
#4921 = ORIENTED_EDGE ( 'NONE', *, *, #2413, .T. ) ;
#4922 = ORIENTED_EDGE ( 'NONE', *, *, #12220, .F. ) ;
#4923 = VERTEX_POINT ( 'NONE', #5987 ) ;
#4924 = EDGE_CURVE ( 'NONE', #12572, #3620, #7099, .T. ) ;
#4925 = SURFACE_STYLE_FILL_AREA ( #8841 ) ;
#4926 = ORIENTED_EDGE ( 'NONE', *, *, #4480, .F. ) ;
#4927 = DIRECTION ( 'NONE',  ( 0.000000000000000000, 0.000000000000000000, -1.000000000000000000 ) ) ;
#4928 = CARTESIAN_POINT ( 'NONE',  ( 0.000000000000000000, 0.1000000000000000056, 0.000000000000000000 ) ) ;
#4929 = AXIS2_PLACEMENT_3D ( 'NONE', #12326, #10050, #511 ) ;
#4930 = VECTOR ( 'NONE', #3349, 1000.000000000000000 ) ;
#4931 = DIRECTION ( 'NONE',  ( 0.000000000000000000, 0.000000000000000000, -1.000000000000000000 ) ) ;
#4932 = FACE_OUTER_BOUND ( 'NONE', #3686, .T. ) ;
#4933 = FACE_OUTER_BOUND ( 'NONE', #1026, .T. ) ;
#4934 = AXIS2_PLACEMENT_3D ( 'NONE', #4153, #1845, #10011 ) ;
#4935 = ORIENTED_EDGE ( 'NONE', *, *, #2396, .T. ) ;
#4936 = EDGE_CURVE ( 'NONE', #2959, #2958, #11483, .T. ) ;
#4937 = DIRECTION ( 'NONE',  ( 1.000000000000000000, 0.000000000000000000, 0.000000000000000000 ) ) ;
#4938 = EDGE_CURVE ( 'NONE', #1731, #8083, #2939, .T. ) ;
#4939 = AXIS2_PLACEMENT_3D ( 'NONE', #7347, #4863, #979 ) ;
#4940 = PLANE ( 'NONE',  #2802 ) ;
#4941 = SURFACE_SIDE_STYLE ('',( #1822 ) ) ;
#4942 = VECTOR ( 'NONE', #1544, 1000.000000000000000 ) ;
#4943 = CARTESIAN_POINT ( 'NONE',  ( -1.570000000000000062, 0.5000000000000000000, -0.9849999999999993205 ) ) ;
#4944 = ORIENTED_EDGE ( 'NONE', *, *, #10997, .F. ) ;
#4945 = PLANE ( 'NONE',  #3588 ) ;
#4946 = DIRECTION ( 'NONE',  ( -0.000000000000000000, -1.362997016838921353E-15, 1.000000000000000000 ) ) ;
#4947 = ORIENTED_EDGE ( 'NONE', *, *, #8977, .T. ) ;
#4948 = ORIENTED_EDGE ( 'NONE', *, *, #19, .T. ) ;
#4949 = CARTESIAN_POINT ( 'NONE',  ( 1.669999999999999929, 0.3499999999999999778, 0.1650000000000003131 ) ) ;
#4950 = AXIS2_PLACEMENT_3D ( 'NONE', #5845, #10657, #1904 ) ;
#4951 = CIRCLE ( 'NONE', #6061, 0.05000000000000012768 ) ;
#4952 = ORIENTED_EDGE ( 'NONE', *, *, #1702, .T. ) ;
#4953 = EDGE_CURVE ( 'NONE', #5294, #3998, #7380, .T. ) ;
#4954 = AXIS2_PLACEMENT_3D ( 'NONE', #1694, #8461, #2448 ) ;
#4955 = DIRECTION ( 'NONE',  ( 5.421010862427530059E-16, 1.000000000000000000, 0.000000000000000000 ) ) ;
#4956 = LINE ( 'NONE', #3561, #9158 ) ;
#4957 = ADVANCED_FACE ( 'NONE', ( #11309 ), #5330, .F. ) ;
#4958 = VECTOR ( 'NONE', #12485, 1000.000000000000000 ) ;
#4959 = EDGE_CURVE ( 'NONE', #809, #11204, #7266, .T. ) ;
#4960 = ORIENTED_EDGE ( 'NONE', *, *, #6533, .F. ) ;
#4961 = CARTESIAN_POINT ( 'NONE',  ( 3.010000000000002451, 0.3499999999999999778, -2.344883736647865646 ) ) ;
#4962 = EDGE_CURVE ( 'NONE', #11503, #88, #11358, .T. ) ;
#4963 = COLOUR_RGB ( '',1.000000000000000000, 0.8117647058823529438, 0.5019607843137254832 ) ;
#4964 = CARTESIAN_POINT ( 'NONE',  ( 0.8699999999999997735, 0.000000000000000000, 0.1650000000000003131 ) ) ;
#4965 = ORIENTED_EDGE ( 'NONE', *, *, #4783, .F. ) ;
#4966 = EDGE_CURVE ( 'NONE', #6123, #2495, #3097, .T. ) ;
#4967 = ORIENTED_EDGE ( 'NONE', *, *, #5639, .F. ) ;
#4968 = ORIENTED_EDGE ( 'NONE', *, *, #9063, .F. ) ;
#4969 = LINE ( 'NONE', #9614, #876 ) ;
#4970 = CARTESIAN_POINT ( 'NONE',  ( 2.350000000000000089, 0.2999999999999999889, 1.199999999999999956 ) ) ;
#4971 = ORIENTED_EDGE ( 'NONE', *, *, #1868, .F. ) ;
#4972 = DIRECTION ( 'NONE',  ( 1.000000000000000000, 0.000000000000000000, 0.000000000000000000 ) ) ;
#4973 = DIRECTION ( 'NONE',  ( 0.000000000000000000, -0.000000000000000000, 1.000000000000000000 ) ) ;
#4974 = CARTESIAN_POINT ( 'NONE',  ( -0.8050000000000000488, 0.000000000000000000, 0.4000000000000000222 ) ) ;
#4975 = CARTESIAN_POINT ( 'NONE',  ( 5.714999999999999858, 0.000000000000000000, -0.9524999999999999023 ) ) ;
#4976 = FILL_AREA_STYLE ('',( #4710 ) ) ;
#4977 = FACE_OUTER_BOUND ( 'NONE', #2679, .T. ) ;
#4978 = AXIS2_PLACEMENT_3D ( 'NONE', #10710, #11700, #6718 ) ;
#4979 = ORIENTED_EDGE ( 'NONE', *, *, #3039, .T. ) ;
#4980 = CARTESIAN_POINT ( 'NONE',  ( 0.4398837366478682287, 0.000000000000000000, 0.1650000000000003131 ) ) ;
#4981 = ADVANCED_FACE ( 'NONE', ( #3055 ), #8363, .F. ) ;
#4982 = DIRECTION ( 'NONE',  ( 1.000000000000000000, -0.000000000000000000, 0.000000000000000000 ) ) ;
#4983 = EDGE_CURVE ( 'NONE', #2506, #3026, #7358, .T. ) ;
#4984 = LINE ( 'NONE', #11882, #657 ) ;
#4985 = CLOSED_SHELL ( 'NONE', ( #6654, #8299, #4981, #8034, #10187, #4205 ) ) ;
#4986 = EDGE_CURVE ( 'NONE', #4620, #4758, #11739, .T. ) ;
#4987 = AXIS2_PLACEMENT_3D ( 'NONE', #2924, #9841, #1564 ) ;
#4988 = ORIENTED_EDGE ( 'NONE', *, *, #7060, .F. ) ;
#4989 = VERTEX_POINT ( 'NONE', #4475 ) ;
#4990 = EDGE_LOOP ( 'NONE', ( #11378, #1940, #7426, #7354 ) ) ;
#4991 = LINE ( 'NONE', #6409, #9288 ) ;
#4992 = ORIENTED_EDGE ( 'NONE', *, *, #6537, .F. ) ;
#4993 = LINE ( 'NONE', #264, #1194 ) ;
#4994 = DIRECTION ( 'NONE',  ( 0.000000000000000000, 0.000000000000000000, 1.000000000000000000 ) ) ;
#4995 = DIRECTION ( 'NONE',  ( 0.000000000000000000, 0.000000000000000000, 1.000000000000000000 ) ) ;
#4996 = DIRECTION ( 'NONE',  ( 0.000000000000000000, 0.000000000000000000, -1.000000000000000000 ) ) ;
#4997 = CIRCLE ( 'NONE', #2779, 0.5100000000000000089 ) ;
#4998 = AXIS2_PLACEMENT_3D ( 'NONE', #2463, #7064, #3468 ) ;
#4999 = CARTESIAN_POINT ( 'NONE',  ( -4.159999999999998366, 0.5000000000000000000, -2.875000000000000000 ) ) ;
#5000 = DIRECTION ( 'NONE',  ( 0.000000000000000000, 0.000000000000000000, 1.000000000000000000 ) ) ;
#5001 = ORIENTED_EDGE ( 'NONE', *, *, #1942, .T. ) ;
#5002 = DIRECTION ( 'NONE',  ( 0.000000000000000000, -1.000000000000000000, 0.000000000000000000 ) ) ;
#5003 = CARTESIAN_POINT ( 'NONE',  ( 2.979883736647867654, -3.407492542097300425E-16, -1.185000000000000053 ) ) ;
#5004 = DIRECTION ( 'NONE',  ( 0.000000000000000000, 0.000000000000000000, -1.000000000000000000 ) ) ;
#5005 = VECTOR ( 'NONE', #1475, 1000.000000000000000 ) ;
#5006 = TOROIDAL_SURFACE ( 'NONE', #6582, 0.3699999999999999956, 0.05000000000000000278 ) ;
#5007 = LINE ( 'NONE', #1245, #739 ) ;
#5008 = PRESENTATION_LAYER_ASSIGNMENT (  '', '', ( #605 ) ) ;
#5009 = ORIENTED_EDGE ( 'NONE', *, *, #10343, .T. ) ;
#5010 = VERTEX_POINT ( 'NONE', #4565 ) ;
#5011 = ORIENTED_EDGE ( 'NONE', *, *, #11454, .F. ) ;
#5012 = VERTEX_POINT ( 'NONE', #10365 ) ;
#5013 = FACE_OUTER_BOUND ( 'NONE', #2147, .T. ) ;
#5014 = EDGE_LOOP ( 'NONE', ( #11033, #10455, #6692, #5161 ) ) ;
#5015 = ADVANCED_FACE ( 'NONE', ( #7223 ), #10213, .T. ) ;
#5016 = AXIS2_PLACEMENT_3D ( 'NONE', #7897, #3249, #12050 ) ;
#5017 = CARTESIAN_POINT ( 'NONE',  ( 3.260000000000001563, 0.3499999999999997002, -2.344883736647866534 ) ) ;
#5018 = FACE_BOUND ( 'NONE', #11578, .T. ) ;
#5019 = CARTESIAN_POINT ( 'NONE',  ( -1.750000000000000000, 0.2999999999999999889, -1.750000000000000000 ) ) ;
#5020 = COLOUR_RGB ( '',0.2509803921568627416, 0.2509803921568627416, 0.2509803921568627416 ) ;
#5021 = VERTEX_POINT ( 'NONE', #9133 ) ;
#5022 = VECTOR ( 'NONE', #5245, 1000.000000000000000 ) ;
#5023 = FILL_AREA_STYLE_COLOUR ( '', #1800 ) ;
#5024 =( GEOMETRIC_REPRESENTATION_CONTEXT ( 3 ) GLOBAL_UNCERTAINTY_ASSIGNED_CONTEXT ( ( #7434 ) ) GLOBAL_UNIT_ASSIGNED_CONTEXT ( ( #1217, #1930, #2948 ) ) REPRESENTATION_CONTEXT ( 'NONE', 'WORKASPACE' ) );
#5025 = DIRECTION ( 'NONE',  ( -0.000000000000000000, 1.000000000000000000, -0.000000000000000000 ) ) ;
#5026 = DIRECTION ( 'NONE',  ( 0.000000000000000000, 1.000000000000000000, 0.000000000000000000 ) ) ;
#5027 = EDGE_LOOP ( 'NONE', ( #10351, #1606, #7335, #1864 ) ) ;
#5028 = CARTESIAN_POINT ( 'NONE',  ( 3.299999999999999822, -1.092524565418897903E-16, 1.199999999999999956 ) ) ;
#5029 = CARTESIAN_POINT ( 'NONE',  ( 3.250000000000000000, 1.250000000000000000, 1.199999999999999956 ) ) ;
#5030 = CARTESIAN_POINT ( 'NONE',  ( -1.430000000000000160, 1.550000000000000044, -0.4500000000000000111 ) ) ;
#5031 = ORIENTED_EDGE ( 'NONE', *, *, #7919, .F. ) ;
#5032 = ORIENTED_EDGE ( 'NONE', *, *, #6513, .F. ) ;
#5033 = ORIENTED_EDGE ( 'NONE', *, *, #3364, .F. ) ;
#5034 = DIRECTION ( 'NONE',  ( 0.000000000000000000, 0.000000000000000000, 1.000000000000000000 ) ) ;
#5035 = VERTEX_POINT ( 'NONE', #10286 ) ;
#5036 = CARTESIAN_POINT ( 'NONE',  ( 1.814999999999999947, 0.1000000000000000056, -0.4000000000000000222 ) ) ;
#5037 = EDGE_CURVE ( 'NONE', #5050, #414, #11662, .T. ) ;
#5038 =( GEOMETRIC_REPRESENTATION_CONTEXT ( 3 ) GLOBAL_UNCERTAINTY_ASSIGNED_CONTEXT ( ( #4734 ) ) GLOBAL_UNIT_ASSIGNED_CONTEXT ( ( #8073, #10707, #1379 ) ) REPRESENTATION_CONTEXT ( 'NONE', 'WORKASPACE' ) );
#5039 = LINE ( 'NONE', #8013, #9314 ) ;
#5040 = DIRECTION ( 'NONE',  ( 0.000000000000000000, 2.168404344971009115E-16, -1.000000000000000000 ) ) ;
#5041 = LINE ( 'NONE', #4106, #4637 ) ;
#5042 = VERTEX_POINT ( 'NONE', #8183 ) ;
#5043 = CARTESIAN_POINT ( 'NONE',  ( 6.985000000000000320, -0.1000000000000000472, -1.130299999999998972 ) ) ;
#5044 = VECTOR ( 'NONE', #7710, 1000.000000000000000 ) ;
#5045 = DIRECTION ( 'NONE',  ( 0.000000000000000000, 0.000000000000000000, 1.000000000000000000 ) ) ;
#5046 = FACE_OUTER_BOUND ( 'NONE', #11128, .T. ) ;
#5047 = ORIENTED_EDGE ( 'NONE', *, *, #639, .F. ) ;
#5048 = VERTEX_POINT ( 'NONE', #3627 ) ;
#5049 = ORIENTED_EDGE ( 'NONE', *, *, #8493, .T. ) ;
#5050 = VERTEX_POINT ( 'NONE', #12252 ) ;
#5051 = LINE ( 'NONE', #8346, #9431 ) ;
#5052 = ORIENTED_EDGE ( 'NONE', *, *, #5441, .F. ) ;
#5053 = CARTESIAN_POINT ( 'NONE',  ( 1.270000000000000018, 1.550000000000000044, 0.5500000000000000444 ) ) ;
#5054 = CARTESIAN_POINT ( 'NONE',  ( 6.985000000000000320, -1.519903165712366722, 0.4952999999999996295 ) ) ;
#5055 = DIRECTION ( 'NONE',  ( -1.000000000000000000, 0.000000000000000000, 4.517509052022940401E-16 ) ) ;
#5056 = CARTESIAN_POINT ( 'NONE',  ( 5.714999999999999858, -0.1000000000000000056, -0.9524999999999999023 ) ) ;
#5057 = DIRECTION ( 'NONE',  ( 1.000000000000000000, 0.000000000000000000, 1.707404996040164018E-16 ) ) ;
#5058 = CARTESIAN_POINT ( 'NONE',  ( 5.714999999999999858, 0.000000000000000000, -0.3174999999999998934 ) ) ;
#5059 = LINE ( 'NONE', #10665, #9560 ) ;
#5060 = DIRECTION ( 'NONE',  ( 0.000000000000000000, 0.000000000000000000, 1.000000000000000000 ) ) ;
#5061 = VECTOR ( 'NONE', #11963, 1000.000000000000000 ) ;
#5062 = VERTEX_POINT ( 'NONE', #10135 ) ;
#5063 = PLANE ( 'NONE',  #2850 ) ;
#5064 = LINE ( 'NONE', #11422, #540 ) ;
#5065 = CARTESIAN_POINT ( 'NONE',  ( 1.214999999999999858, 0.000000000000000000, -0.4000000000000000222 ) ) ;
#5066 = DIRECTION ( 'NONE',  ( 0.000000000000000000, -1.000000000000000000, 0.000000000000000000 ) ) ;
#5067 = LINE ( 'NONE', #9977, #691 ) ;
#5068 = DIRECTION ( 'NONE',  ( -0.000000000000000000, 1.000000000000000000, 0.000000000000000000 ) ) ;
#5069 =( LENGTH_UNIT ( ) NAMED_UNIT ( * ) SI_UNIT ( .MILLI., .METRE. ) );
#5070 = EDGE_LOOP ( 'NONE', ( #2900, #6243, #12012, #11143 ) ) ;
#5071 = EDGE_CURVE ( 'NONE', #5982, #9321, #3119, .T. ) ;
#5072 = VERTEX_POINT ( 'NONE', #4655 ) ;
#5073 = ORIENTED_EDGE ( 'NONE', *, *, #11508, .F. ) ;
#5074 = ORIENTED_EDGE ( 'NONE', *, *, #9891, .F. ) ;
#5075 = ORIENTED_EDGE ( 'NONE', *, *, #11493, .T. ) ;
#5076 = AXIS2_PLACEMENT_3D ( 'NONE', #8529, #1614, #9692 ) ;
#5077 = FACE_BOUND ( 'NONE', #5780, .T. ) ;
#5078 = PLANE ( 'NONE',  #5878 ) ;
#5079 = DIRECTION ( 'NONE',  ( 0.000000000000000000, -1.000000000000000000, 0.000000000000000000 ) ) ;
#5080 = DIRECTION ( 'NONE',  ( 0.000000000000000000, -1.000000000000000000, 0.000000000000000000 ) ) ;
#5081 = DIRECTION ( 'NONE',  ( 0.000000000000000000, 0.000000000000000000, -1.000000000000000000 ) ) ;
#5082 = EDGE_LOOP ( 'NONE', ( #7104, #3238, #3052, #12115 ) ) ;
#5083 = DIRECTION ( 'NONE',  ( 0.000000000000000000, 0.000000000000000000, 1.000000000000000000 ) ) ;
#5084 = DIRECTION ( 'NONE',  ( -1.000000000000000000, 0.000000000000000000, 0.000000000000000000 ) ) ;
#5085 = DIRECTION ( 'NONE',  ( -0.000000000000000000, -0.000000000000000000, 1.000000000000000000 ) ) ;
#5086 = VECTOR ( 'NONE', #11445, 1000.000000000000000 ) ;
#5087 = ADVANCED_FACE ( 'NONE', ( #3259, #7496 ), #11975, .T. ) ;
#5088 = DIRECTION ( 'NONE',  ( -0.000000000000000000, -1.000000000000000000, 1.016439536705159026E-15 ) ) ;
#5089 = ADVANCED_FACE ( 'NONE', ( #7245 ), #2529, .T. ) ;
#5090 = FACE_OUTER_BOUND ( 'NONE', #10893, .T. ) ;
#5091 = AXIS2_PLACEMENT_3D ( 'NONE', #7760, #1908, #3955 ) ;
#5092 = DIRECTION ( 'NONE',  ( 0.000000000000000000, -0.000000000000000000, 1.000000000000000000 ) ) ;
#5093 = ORIENTED_EDGE ( 'NONE', *, *, #11042, .F. ) ;
#5094 = ORIENTED_EDGE ( 'NONE', *, *, #8257, .T. ) ;
#5095 = VERTEX_POINT ( 'NONE', #12157 ) ;
#5096 = ORIENTED_EDGE ( 'NONE', *, *, #3862, .T. ) ;
#5097 = LINE ( 'NONE', #11611, #9216 ) ;
#5098 = ORIENTED_EDGE ( 'NONE', *, *, #3747, .F. ) ;
#5099 = EDGE_CURVE ( 'NONE', #367, #3799, #3143, .T. ) ;
#5100 = FACE_OUTER_BOUND ( 'NONE', #3511, .T. ) ;
#5101 = DIRECTION ( 'NONE',  ( 0.000000000000000000, -1.000000000000000000, 0.000000000000000000 ) ) ;
#5102 = DIRECTION ( 'NONE',  ( 0.000000000000000000, 1.000000000000000000, 0.000000000000000000 ) ) ;
#5103 =( GEOMETRIC_REPRESENTATION_CONTEXT ( 3 ) GLOBAL_UNCERTAINTY_ASSIGNED_CONTEXT ( ( #1732 ) ) GLOBAL_UNIT_ASSIGNED_CONTEXT ( ( #12257, #2281, #9400 ) ) REPRESENTATION_CONTEXT ( 'NONE', 'WORKASPACE' ) );
#5104 = EDGE_LOOP ( 'NONE', ( #3176, #3106, #2084, #6394 ) ) ;
#5105 = LINE ( 'NONE', #8786, #4844 ) ;
#5106 = DIRECTION ( 'NONE',  ( -1.000000000000000000, 0.000000000000000000, -4.517509052022940401E-16 ) ) ;
#5107 = EDGE_CURVE ( 'NONE', #1947, #5372, #7116, .T. ) ;
#5108 = CARTESIAN_POINT ( 'NONE',  ( -6.984999999999999432, 0.000000000000000000, 0.09439999999999945657 ) ) ;
#5109 = SURFACE_STYLE_FILL_AREA ( #3082 ) ;
#5110 = ORIENTED_EDGE ( 'NONE', *, *, #1790, .T. ) ;
#5111 = CARTESIAN_POINT ( 'NONE',  ( 2.979883736647867654, 0.3499999999999997002, -1.185000000000000275 ) ) ;
#5112 = FACE_OUTER_BOUND ( 'NONE', #9217, .T. ) ;
#5113 = CARTESIAN_POINT ( 'NONE',  ( -0.9449999999999999512, 1.550000000000000044, -1.129999999999999893 ) ) ;
#5114 = CARTESIAN_POINT ( 'NONE',  ( 1.214999999999999858, 0.000000000000000000, 0.4000000000000000222 ) ) ;
#5115 = DIRECTION ( 'NONE',  ( 0.000000000000000000, 0.000000000000000000, 1.000000000000000000 ) ) ;
#5116 = EDGE_LOOP ( 'NONE', ( #4473, #5073 ) ) ;
#5117 = VERTEX_POINT ( 'NONE', #11557 ) ;
#5118 = VERTEX_POINT ( 'NONE', #3120 ) ;
#5119 = CARTESIAN_POINT ( 'NONE',  ( 5.714999999999999858, -0.1000000000000000056, 0.4952999999999994074 ) ) ;
#5120 = EDGE_CURVE ( 'NONE', #7532, #5403, #7468, .T. ) ;
#5121 = FACE_OUTER_BOUND ( 'NONE', #10057, .T. ) ;
#5122 = ORIENTED_EDGE ( 'NONE', *, *, #10554, .F. ) ;
#5123 = PLANE ( 'NONE',  #3332 ) ;
#5124 = EDGE_CURVE ( 'NONE', #929, #7952, #7141, .T. ) ;
#5125 = EDGE_CURVE ( 'NONE', #2207, #6035, #3235, .T. ) ;
#5126 = VECTOR ( 'NONE', #9505, 1000.000000000000000 ) ;
#5127 = LINE ( 'NONE', #8989, #952 ) ;
#5128 = ORIENTED_EDGE ( 'NONE', *, *, #12544, .F. ) ;
#5129 = PLANE ( 'NONE',  #5465 ) ;
#5130 = CIRCLE ( 'NONE', #7788, 0.5100000000000000089 ) ;
#5131 = EDGE_LOOP ( 'NONE', ( #5663, #8329, #1387, #9753 ) ) ;
#5132 = LINE ( 'NONE', #1660, #9322 ) ;
#5133 = ORIENTED_EDGE ( 'NONE', *, *, #9987, .T. ) ;
#5134 = ORIENTED_EDGE ( 'NONE', *, *, #8504, .T. ) ;
#5135 = ORIENTED_EDGE ( 'NONE', *, *, #11328, .T. ) ;
#5136 = LINE ( 'NONE', #12412, #5221 ) ;
#5137 = DIRECTION ( 'NONE',  ( 1.000000000000000000, 0.000000000000000000, 0.000000000000000000 ) ) ;
#5138 = ORIENTED_EDGE ( 'NONE', *, *, #10327, .T. ) ;
#5139 = DIRECTION ( 'NONE',  ( 0.000000000000000000, 1.000000000000000000, 0.000000000000000000 ) ) ;
#5140 = DIRECTION ( 'NONE',  ( 0.000000000000000000, 1.000000000000000000, 0.000000000000000000 ) ) ;
#5141 = CARTESIAN_POINT ( 'NONE',  ( -3.649999999999999911, 1.550000000000000044, 2.149999999999999911 ) ) ;
#5142 = CARTESIAN_POINT ( 'NONE',  ( 2.979883736647867654, 0.000000000000000000, 0.1650000000000001188 ) ) ;
#5143 = LINE ( 'NONE', #624, #1072 ) ;
#5144 = CARTESIAN_POINT ( 'NONE',  ( 0.4398837366478682287, 0.03999999999999999389, -1.184999999999999831 ) ) ;
#5145 = VECTOR ( 'NONE', #5925, 1000.000000000000000 ) ;
#5146 = PLANE ( 'NONE',  #1693 ) ;
#5147 = ORIENTED_EDGE ( 'NONE', *, *, #5736, .F. ) ;
#5148 = AXIS2_PLACEMENT_3D ( 'NONE', #9621, #2614, #9385 ) ;
#5149 = DIRECTION ( 'NONE',  ( 1.000000000000000000, -0.000000000000000000, -0.000000000000000000 ) ) ;
#5150 = PRODUCT_DEFINITION_SHAPE ( 'NONE', 'NONE',  #1352 ) ;
#5151 = VECTOR ( 'NONE', #12056, 1000.000000000000000 ) ;
#5152 = CARTESIAN_POINT ( 'NONE',  ( 1.814999999999999947, 0.000000000000000000, 0.4000000000000000222 ) ) ;
#5153 = VECTOR ( 'NONE', #11886, 1000.000000000000000 ) ;
#5154 =( NAMED_UNIT ( * ) SI_UNIT ( $, .STERADIAN. ) SOLID_ANGLE_UNIT ( ) );
#5155 = DIRECTION ( 'NONE',  ( 1.000000000000000000, 0.000000000000000000, 0.000000000000000000 ) ) ;
#5156 = ORIENTED_EDGE ( 'NONE', *, *, #6096, .F. ) ;
#5157 = ORIENTED_EDGE ( 'NONE', *, *, #2848, .T. ) ;
#5158 = ORIENTED_EDGE ( 'NONE', *, *, #5817, .T. ) ;
#5159 = EDGE_LOOP ( 'NONE', ( #1671, #2858, #4739, #8690 ) ) ;
#5160 = COLOUR_RGB ( '',1.000000000000000000, 0.8117647058823529438, 0.5019607843137254832 ) ;
#5161 = ORIENTED_EDGE ( 'NONE', *, *, #4381, .T. ) ;
#5162 = VECTOR ( 'NONE', #2211, 1000.000000000000000 ) ;
#5163 = DIRECTION ( 'NONE',  ( 1.000000000000000000, 8.199904827254259034E-17, 0.000000000000000000 ) ) ;
#5164 = CARTESIAN_POINT ( 'NONE',  ( 3.260000000000001563, 0.3099999999999999978, -2.344883736647866534 ) ) ;
#5165 = ADVANCED_FACE ( 'NONE', ( #11381 ), #276, .T. ) ;
#5166 = COLOUR_RGB ( '',0.7921568627450980005, 0.8196078431372548767, 0.9333333333333333481 ) ;
#5167 = CARTESIAN_POINT ( 'NONE',  ( 0.8050000000000000488, 0.000000000000000000, 0.4000000000000000222 ) ) ;
#5168 = CARTESIAN_POINT ( 'NONE',  ( 7.619999999999999218, 0.000000000000000000, -10.16000000000000192 ) ) ;
#5169 = ADVANCED_FACE ( 'NONE', ( #7313 ), #10904, .F. ) ;
#5170 = ORIENTED_EDGE ( 'NONE', *, *, #3039, .F. ) ;
#5171 = CARTESIAN_POINT ( 'NONE',  ( 1.814999999999999947, 0.000000000000000000, -1.000000000000000000 ) ) ;
#5172 = PLANE ( 'NONE',  #6866 ) ;
#5173 = AXIS2_PLACEMENT_3D ( 'NONE', #6140, #6990, #5081 ) ;
#5174 = AXIS2_PLACEMENT_3D ( 'NONE', #9759, #10656, #11628 ) ;
#5175 = CARTESIAN_POINT ( 'NONE',  ( 4.209999999999999076, 0.3099999999999999978, -0.08499999999999982569 ) ) ;
#5176 = LINE ( 'NONE', #3266, #893 ) ;
#5177 = DIRECTION ( 'NONE',  ( 0.000000000000000000, 0.000000000000000000, 1.000000000000000000 ) ) ;
#5178 = ORIENTED_EDGE ( 'NONE', *, *, #8699, .T. ) ;
#5179 = PRODUCT_DEFINITION_CONTEXT ( 'detailed design', #3492, 'design' ) ;
#5180 = ORIENTED_EDGE ( 'NONE', *, *, #12194, .F. ) ;
#5181 = VERTEX_POINT ( 'NONE', #6081 ) ;
#5182 = LINE ( 'NONE', #364, #9540 ) ;
#5183 = VERTEX_POINT ( 'NONE', #3215 ) ;
#5184 = CARTESIAN_POINT ( 'NONE',  ( -1.764708576402989726, 1.499317576743044222, -0.1776669700248930117 ) ) ;
#5185 = FACE_OUTER_BOUND ( 'NONE', #37, .T. ) ;
#5186 = DIRECTION ( 'NONE',  ( 0.000000000000000000, 0.000000000000000000, 1.000000000000000000 ) ) ;
#5187 = DIRECTION ( 'NONE',  ( -1.000000000000000000, -0.000000000000000000, 3.491481338843133355E-15 ) ) ;
#5188 = AXIS2_PLACEMENT_3D ( 'NONE', #2114, #1459, #7048 ) ;
#5189 = ORIENTED_EDGE ( 'NONE', *, *, #11685, .F. ) ;
#5190 = VECTOR ( 'NONE', #1242, 1000.000000000000000 ) ;
#5191 = CARTESIAN_POINT ( 'NONE',  ( 3.810000000000000941, 0.000000000000000000, 8.890000000000000568 ) ) ;
#5192 = ADVANCED_FACE ( 'NONE', ( #7340 ), #12184, .T. ) ;
#5193 = FACE_OUTER_BOUND ( 'NONE', #6811, .T. ) ;
#5194 = DIRECTION ( 'NONE',  ( 0.000000000000000000, 0.000000000000000000, -1.000000000000000000 ) ) ;
#5195 =( LENGTH_UNIT ( ) NAMED_UNIT ( * ) SI_UNIT ( .MILLI., .METRE. ) );
#5196 = ADVANCED_FACE ( 'NONE', ( #3814 ), #12095, .T. ) ;
#5197 = VECTOR ( 'NONE', #597, 1000.000000000000000 ) ;
#5198 = AXIS2_PLACEMENT_3D ( 'NONE', #7232, #9838, #7933 ) ;
#5199 = DIRECTION ( 'NONE',  ( -1.000000000000000000, 0.000000000000000000, 0.000000000000000000 ) ) ;
#5200 = EDGE_LOOP ( 'NONE', ( #7204, #2882, #11386, #3252 ) ) ;
#5201 = CARTESIAN_POINT ( 'NONE',  ( 3.050000000000002487, 0.04000000000000000083, -2.344883736647865646 ) ) ;
#5202 = DIRECTION ( 'NONE',  ( -3.491481338843133355E-15, 0.000000000000000000, -1.000000000000000000 ) ) ;
#5203 = FILL_AREA_STYLE ('',( #10846 ) ) ;
#5204 = ORIENTED_EDGE ( 'NONE', *, *, #5282, .F. ) ;
#5205 = ORIENTED_EDGE ( 'NONE', *, *, #6430, .F. ) ;
#5206 = SURFACE_SIDE_STYLE ('',( #4722 ) ) ;
#5207 = EDGE_CURVE ( 'NONE', #6590, #10183, #3840, .T. ) ;
#5208 = LINE ( 'NONE', #6154, #963 ) ;
#5209 = ORIENTED_EDGE ( 'NONE', *, *, #12513, .T. ) ;
#5210 = DIRECTION ( 'NONE',  ( 0.000000000000000000, 1.000000000000000000, 0.000000000000000000 ) ) ;
#5211 = VECTOR ( 'NONE', #12366, 1000.000000000000000 ) ;
#5212 = VECTOR ( 'NONE', #9758, 1000.000000000000000 ) ;
#5213 = VERTEX_POINT ( 'NONE', #1272 ) ;
#5214 = DIRECTION ( 'NONE',  ( -0.000000000000000000, 1.000000000000000000, -0.000000000000000000 ) ) ;
#5215 = CIRCLE ( 'NONE', #9687, 0.7600000000000002309 ) ;
#5216 = LINE ( 'NONE', #9924, #891 ) ;
#5217 = LINE ( 'NONE', #6059, #5433 ) ;
#5218 = ORIENTED_EDGE ( 'NONE', *, *, #8921, .F. ) ;
#5219 = ORIENTED_EDGE ( 'NONE', *, *, #9832, .F. ) ;
#5220 = ORIENTED_EDGE ( 'NONE', *, *, #12418, .T. ) ;
#5221 = VECTOR ( 'NONE', #10273, 1000.000000000000000 ) ;
#5222 = ORIENTED_EDGE ( 'NONE', *, *, #8360, .F. ) ;
#5223 = CARTESIAN_POINT ( 'NONE',  ( 3.409999999999998810, 0.03999999999999999389, -1.185000000000000053 ) ) ;
#5224 = DIRECTION ( 'NONE',  ( 0.000000000000000000, 1.000000000000000000, 0.000000000000000000 ) ) ;
#5225 = CARTESIAN_POINT ( 'NONE',  ( -1.570000000000000062, 0.000000000000000000, -0.03499999999999965639 ) ) ;
#5226 = CARTESIAN_POINT ( 'NONE',  ( 6.350000000000001421, -3.719604614807106024, 8.890000000000000568 ) ) ;
#5227 = EDGE_CURVE ( 'NONE', #5247, #7062, #3922, .T. ) ;
#5228 = DIRECTION ( 'NONE',  ( -0.000000000000000000, 1.000000000000000000, -0.000000000000000000 ) ) ;
#5229 = CARTESIAN_POINT ( 'NONE',  ( -1.570000000000000062, 0.5000000000000000000, -0.9849999999999993205 ) ) ;
#5230 = CARTESIAN_POINT ( 'NONE',  ( 1.969999999999999973, 1.500000000000000000, 1.180000000000000160 ) ) ;
#5231 = LINE ( 'NONE', #359, #5359 ) ;
#5232 = CARTESIAN_POINT ( 'NONE',  ( -1.214999999999999858, 0.1000000000000000056, -0.4000000000000000222 ) ) ;
#5233 = DIRECTION ( 'NONE',  ( 1.000000000000000000, 0.000000000000000000, -0.000000000000000000 ) ) ;
#5234 = UNCERTAINTY_MEASURE_WITH_UNIT (LENGTH_MEASURE( 1.000000000000000082E-05 ), #10616, 'distance_accuracy_value', 'NONE');
#5235 = PRESENTATION_STYLE_ASSIGNMENT (( #74 ) ) ;
#5236 = CARTESIAN_POINT ( 'NONE',  ( 1.814999999999999947, 0.000000000000000000, -1.000000000000000000 ) ) ;
#5237 = AXIS2_PLACEMENT_3D ( 'NONE', #5226, #1286, #5034 ) ;
#5238 = EDGE_CURVE ( 'NONE', #3477, #5439, #7908, .T. ) ;
#5239 = ORIENTED_EDGE ( 'NONE', *, *, #2483, .T. ) ;
#5240 = CARTESIAN_POINT ( 'NONE',  ( -0.8050000000000000488, 0.1000000000000000056, -1.000000000000000000 ) ) ;
#5241 = COLOUR_RGB ( '',0.7921568627450980005, 0.8196078431372548767, 0.9333333333333333481 ) ;
#5242 = CARTESIAN_POINT ( 'NONE',  ( -1.570000000000000062, 0.000000000000000000, -0.9849999999999993205 ) ) ;
#5243 = AXIS2_PLACEMENT_3D ( 'NONE', #2419, #5616, #3774 ) ;
#5244 = LINE ( 'NONE', #7828, #5384 ) ;
#5245 = DIRECTION ( 'NONE',  ( 1.000000000000000000, 0.000000000000000000, 1.707404996040164018E-16 ) ) ;
#5246 = CARTESIAN_POINT ( 'NONE',  ( 0.8699999999999997735, 0.3099999999999999978, -1.394999999999999574 ) ) ;
#5247 = VERTEX_POINT ( 'NONE', #9630 ) ;
#5248 = ORIENTED_EDGE ( 'NONE', *, *, #9943, .T. ) ;
#5249 = VERTEX_POINT ( 'NONE', #954 ) ;
#5250 = VECTOR ( 'NONE', #758, 1000.000000000000000 ) ;
#5251 = VERTEX_POINT ( 'NONE', #2696 ) ;
#5252 = EDGE_CURVE ( 'NONE', #638, #7414, #3941, .T. ) ;
#5253 = FACE_OUTER_BOUND ( 'NONE', #5913, .T. ) ;
#5254 = EDGE_CURVE ( 'NONE', #680, #6594, #11845, .T. ) ;
#5255 = CARTESIAN_POINT ( 'NONE',  ( -5.714999999999998970, -0.1000000000000000056, -1.364399999999998947 ) ) ;
#5256 = AXIS2_PLACEMENT_3D ( 'NONE', #12215, #3137, #392 ) ;
#5257 =( NAMED_UNIT ( * ) PLANE_ANGLE_UNIT ( ) SI_UNIT ( $, .RADIAN. ) );
#5258 = CARTESIAN_POINT ( 'NONE',  ( -0.9700000000000001954, 0.5000000000000000000, -0.03499999999999965639 ) ) ;
#5259 = VERTEX_POINT ( 'NONE', #11388 ) ;
#5260 = DIRECTION ( 'NONE',  ( 0.000000000000000000, 0.000000000000000000, 1.000000000000000000 ) ) ;
#5261 =( LENGTH_UNIT ( ) NAMED_UNIT ( * ) SI_UNIT ( .MILLI., .METRE. ) );
#5262 = LINE ( 'NONE', #9044, #5151 ) ;
#5263 = CARTESIAN_POINT ( 'NONE',  ( -1.269999999999999352, -1.570000000000000284, 8.890000000000000568 ) ) ;
#5264 = VECTOR ( 'NONE', #7847, 1000.000000000000000 ) ;
#5265 = CARTESIAN_POINT ( 'NONE',  ( -6.349999999999999645, 0.000000000000000000, 8.890000000000000568 ) ) ;
#5266 = VERTEX_POINT ( 'NONE', #5274 ) ;
#5267 = AXIS2_PLACEMENT_3D ( 'NONE', #12527, #4331, #9336 ) ;
#5268 = ORIENTED_EDGE ( 'NONE', *, *, #9279, .T. ) ;
#5269 = ORIENTED_EDGE ( 'NONE', *, *, #10238, .T. ) ;
#5270 = VERTEX_POINT ( 'NONE', #11473 ) ;
#5271 = DIRECTION ( 'NONE',  ( -1.000000000000000000, 0.000000000000000000, 1.100712865467515846E-16 ) ) ;
#5272 = DIRECTION ( 'NONE',  ( 0.000000000000000000, 0.000000000000000000, 1.000000000000000000 ) ) ;
#5273 = CIRCLE ( 'NONE', #8623, 0.3699999999999999956 ) ;
#5274 = CARTESIAN_POINT ( 'NONE',  ( 3.350000000000000089, 1.149999999999999911, 1.199999999999999956 ) ) ;
#5275 = DIRECTION ( 'NONE',  ( -0.000000000000000000, 1.000000000000000000, 0.000000000000000000 ) ) ;
#5276 = ADVANCED_FACE ( 'NONE', ( #12231 ), #12523, .T. ) ;
#5277 = ADVANCED_FACE ( 'NONE', ( #3798 ), #9000, .T. ) ;
#5278 = EDGE_LOOP ( 'NONE', ( #5355, #9483, #2229, #7373 ) ) ;
#5279 = EDGE_CURVE ( 'NONE', #680, #7318, #12162, .T. ) ;
#5280 = VECTOR ( 'NONE', #8868, 1000.000000000000000 ) ;
#5281 = VECTOR ( 'NONE', #5085, 1000.000000000000000 ) ;
#5282 = EDGE_CURVE ( 'NONE', #4563, #847, #11783, .T. ) ;
#5283 = DIRECTION ( 'NONE',  ( 0.000000000000000000, 0.000000000000000000, -1.000000000000000000 ) ) ;
#5284 = FILL_AREA_STYLE_COLOUR ( '', #2348 ) ;
#5285 = EDGE_CURVE ( 'NONE', #10858, #224, #3966, .T. ) ;
#5286 = LINE ( 'NONE', #10367, #9487 ) ;
#5287 = EDGE_CURVE ( 'NONE', #1138, #12038, #12118, .T. ) ;
#5288 = CARTESIAN_POINT ( 'NONE',  ( 3.409999999999998810, 0.000000000000000000, -1.434999999999999831 ) ) ;
#5289 = ORIENTED_EDGE ( 'NONE', *, *, #7435, .T. ) ;
#5290 = DIRECTION ( 'NONE',  ( 1.000000000000000000, 0.000000000000000000, 0.000000000000000000 ) ) ;
#5291 = EDGE_CURVE ( 'NONE', #10896, #10316, #7864, .T. ) ;
#5292 = AXIS2_PLACEMENT_3D ( 'NONE', #7661, #4232, #8111 ) ;
#5293 = ORIENTED_EDGE ( 'NONE', *, *, #10484, .F. ) ;
#5294 = VERTEX_POINT ( 'NONE', #467 ) ;
#5295 = DIRECTION ( 'NONE',  ( 1.000000000000000000, 0.000000000000000000, 0.000000000000000000 ) ) ;
#5296 = ORIENTED_EDGE ( 'NONE', *, *, #6112, .T. ) ;
#5297 = CARTESIAN_POINT ( 'NONE',  ( -0.8050000000000000488, 0.1000000000000000056, 0.4000000000000000222 ) ) ;
#5298 = VECTOR ( 'NONE', #12549, 1000.000000000000000 ) ;
#5299 = FACE_OUTER_BOUND ( 'NONE', #12206, .T. ) ;
#5300 = AXIS2_PLACEMENT_3D ( 'NONE', #4707, #11256, #7187 ) ;
#5301 = VERTEX_POINT ( 'NONE', #11240 ) ;
#5302 = DIRECTION ( 'NONE',  ( 1.000000000000000000, 0.000000000000000000, 0.000000000000000000 ) ) ;
#5303 = MANIFOLD_SOLID_BREP ( 'Boss-Extrude7[1]', #1633 ) ;
#5304 = LINE ( 'NONE', #10792, #1014 ) ;
#5305 = ADVANCED_FACE ( 'NONE', ( #3435 ), #2650, .T. ) ;
#5306 = PRESENTATION_STYLE_ASSIGNMENT (( #8277 ) ) ;
#5307 = ORIENTED_EDGE ( 'NONE', *, *, #4202, .T. ) ;
#5308 = ORIENTED_EDGE ( 'NONE', *, *, #2749, .T. ) ;
#5309 = EDGE_LOOP ( 'NONE', ( #10830, #2660 ) ) ;
#5310 = LINE ( 'NONE', #4980, #1170 ) ;
#5311 = CARTESIAN_POINT ( 'NONE',  ( -5.714999999999998970, 0.000000000000000000, -0.7293999999999989381 ) ) ;
#5312 = ORIENTED_EDGE ( 'NONE', *, *, #751, .F. ) ;
#5313 = EDGE_CURVE ( 'NONE', #6891, #7226, #2539, .T. ) ;
#5314 =( GEOMETRIC_REPRESENTATION_CONTEXT ( 3 ) GLOBAL_UNCERTAINTY_ASSIGNED_CONTEXT ( ( #4904 ) ) GLOBAL_UNIT_ASSIGNED_CONTEXT ( ( #10764, #1781, #7513 ) ) REPRESENTATION_CONTEXT ( 'NONE', 'WORKASPACE' ) );
#5315 = CARTESIAN_POINT ( 'NONE',  ( -6.349999999999999645, -3.719604614807106024, 8.380000000000000782 ) ) ;
#5316 = DIRECTION ( 'NONE',  ( 0.000000000000000000, 1.000000000000000000, 0.000000000000000000 ) ) ;
#5317 = CARTESIAN_POINT ( 'NONE',  ( 4.360000000000001208, 0.03999999999999999389, -2.775000000000001688 ) ) ;
#5318 = SURFACE_STYLE_USAGE ( .BOTH. , #8075 ) ;
#5319 = PLANE ( 'NONE',  #8782 ) ;
#5320 = SURFACE_SIDE_STYLE ('',( #9225 ) ) ;
#5321 = VECTOR ( 'NONE', #2914, 1000.000000000000000 ) ;
#5322 = PLANE ( 'NONE',  #12306 ) ;
#5323 = DIRECTION ( 'NONE',  ( 0.000000000000000000, -1.000000000000000000, 0.000000000000000000 ) ) ;
#5324 = VECTOR ( 'NONE', #6411, 1000.000000000000000 ) ;
#5325 =( NAMED_UNIT ( * ) PLANE_ANGLE_UNIT ( ) SI_UNIT ( $, .RADIAN. ) );
#5326 = ORIENTED_EDGE ( 'NONE', *, *, #10360, .F. ) ;
#5327 = AXIS2_PLACEMENT_3D ( 'NONE', #2551, #6442, #7417 ) ;
#5328 = FACE_OUTER_BOUND ( 'NONE', #8534, .T. ) ;
#5329 = AXIS2_PLACEMENT_3D ( 'NONE', #3586, #6304, #8410 ) ;
#5330 = PLANE ( 'NONE',  #12139 ) ;
#5331 = LINE ( 'NONE', #4658, #1143 ) ;
#5332 = SURFACE_STYLE_USAGE ( .BOTH. , #12066 ) ;
#5333 = ORIENTED_EDGE ( 'NONE', *, *, #639, .T. ) ;
#5334 = STYLED_ITEM ( 'NONE', ( #7098 ), #396 ) ;
#5335 = VERTEX_POINT ( 'NONE', #10166 ) ;
#5336 = ORIENTED_EDGE ( 'NONE', *, *, #1522, .T. ) ;
#5337 = EDGE_CURVE ( 'NONE', #6396, #9345, #7925, .T. ) ;
#5338 = LINE ( 'NONE', #2121, #921 ) ;
#5339 = ORIENTED_EDGE ( 'NONE', *, *, #8987, .T. ) ;
#5340 = ADVANCED_FACE ( 'NONE', ( #8130 ), #12102, .T. ) ;
#5341 = AXIS2_PLACEMENT_3D ( 'NONE', #6311, #11258, #4349 ) ;
#5342 = AXIS2_PLACEMENT_3D ( 'NONE', #3315, #1219, #6934 ) ;
#5343 = LINE ( 'NONE', #1267, #9594 ) ;
#5344 = ORIENTED_EDGE ( 'NONE', *, *, #6471, .T. ) ;
#5345 = FILL_AREA_STYLE ('',( #4318 ) ) ;
#5346 = CARTESIAN_POINT ( 'NONE',  ( 4.359999999999997655, 0.3500000000000000333, -3.575000000000001954 ) ) ;
#5347 = LINE ( 'NONE', #7483, #1699 ) ;
#5348 = CARTESIAN_POINT ( 'NONE',  ( -0.8050000000000000488, 0.1000000000000000056, 1.000000000000000000 ) ) ;
#5349 =( GEOMETRIC_REPRESENTATION_CONTEXT ( 3 ) GLOBAL_UNCERTAINTY_ASSIGNED_CONTEXT ( ( #11811 ) ) GLOBAL_UNIT_ASSIGNED_CONTEXT ( ( #766, #1756, #73 ) ) REPRESENTATION_CONTEXT ( 'NONE', 'WORKASPACE' ) );
#5350 = DIRECTION ( 'NONE',  ( -3.491481338843133355E-15, 0.000000000000000000, -1.000000000000000000 ) ) ;
#5351 = ORIENTED_EDGE ( 'NONE', *, *, #4307, .F. ) ;
#5352 = ORIENTED_EDGE ( 'NONE', *, *, #10768, .F. ) ;
#5353 = ORIENTED_EDGE ( 'NONE', *, *, #5120, .T. ) ;
#5354 = FACE_OUTER_BOUND ( 'NONE', #2919, .T. ) ;
#5355 = ORIENTED_EDGE ( 'NONE', *, *, #399, .F. ) ;
#5356 = DIRECTION ( 'NONE',  ( 0.000000000000000000, -1.000000000000000000, 0.000000000000000000 ) ) ;
#5357 = CARTESIAN_POINT ( 'NONE',  ( 0.8699999999999997735, 0.3099999999999999978, 0.1250000000000003331 ) ) ;
#5358 = ADVANCED_FACE ( 'NONE', ( #12318 ), #9423, .F. ) ;
#5359 = VECTOR ( 'NONE', #7081, 1000.000000000000000 ) ;
#5360 = CARTESIAN_POINT ( 'NONE',  ( 1.669999999999999929, 0.04000000000000000083, -1.394999999999999574 ) ) ;
#5361 = CARTESIAN_POINT ( 'NONE',  ( 0.000000000000000000, 2.899999999999999911, 0.000000000000000000 ) ) ;
#5362 = STYLED_ITEM ( 'NONE', ( #3822 ), #7848 ) ;
#5363 = EDGE_LOOP ( 'NONE', ( #9036, #731, #973, #4810 ) ) ;
#5364 = LINE ( 'NONE', #6902, #5525 ) ;
#5365 = DIRECTION ( 'NONE',  ( 1.000000000000000000, 0.000000000000000000, 0.000000000000000000 ) ) ;
#5366 = FILL_AREA_STYLE ('',( #5601 ) ) ;
#5367 = DIRECTION ( 'NONE',  ( 1.000000000000000000, 0.000000000000000000, 0.000000000000000000 ) ) ;
#5368 = VERTEX_POINT ( 'NONE', #9255 ) ;
#5369 =( NAMED_UNIT ( * ) PLANE_ANGLE_UNIT ( ) SI_UNIT ( $, .RADIAN. ) );
#5370 = EDGE_CURVE ( 'NONE', #11387, #10164, #7884, .T. ) ;
#5371 = CARTESIAN_POINT ( 'NONE',  ( 6.350000000000001421, -3.719604614807106024, 8.890000000000000568 ) ) ;
#5372 = VERTEX_POINT ( 'NONE', #9163 ) ;
#5373 = ORIENTED_EDGE ( 'NONE', *, *, #9194, .T. ) ;
#5374 = PRESENTATION_STYLE_ASSIGNMENT (( #2513 ) ) ;
#5375 = ORIENTED_EDGE ( 'NONE', *, *, #45, .T. ) ;
#5376 = CARTESIAN_POINT ( 'NONE',  ( 3.250000000000000000, 1.250000000000000000, -1.199999999999999956 ) ) ;
#5377 =( GEOMETRIC_REPRESENTATION_CONTEXT ( 3 ) GLOBAL_UNCERTAINTY_ASSIGNED_CONTEXT ( ( #11812 ) ) GLOBAL_UNIT_ASSIGNED_CONTEXT ( ( #3427, #3520, #7387 ) ) REPRESENTATION_CONTEXT ( 'NONE', 'WORKASPACE' ) );
#5378 = FACE_BOUND ( 'NONE', #9871, .T. ) ;
#5379 = ADVANCED_FACE ( 'NONE', ( #12370 ), #2314, .T. ) ;
#5380 = ADVANCED_FACE ( 'NONE', ( #12389, #7553 ), #3302, .F. ) ;
#5381 = EDGE_LOOP ( 'NONE', ( #1225, #12547, #5353, #6085 ) ) ;
#5382 = VECTOR ( 'NONE', #6119, 1000.000000000000000 ) ;
#5383 = VECTOR ( 'NONE', #449, 1000.000000000000000 ) ;
#5384 = VECTOR ( 'NONE', #1897, 1000.000000000000000 ) ;
#5385 = EDGE_LOOP ( 'NONE', ( #10101, #6156, #5839, #1243 ) ) ;
#5386 = ORIENTED_EDGE ( 'NONE', *, *, #3205, .F. ) ;
#5387 =( GEOMETRIC_REPRESENTATION_CONTEXT ( 3 ) GLOBAL_UNCERTAINTY_ASSIGNED_CONTEXT ( ( #3908 ) ) GLOBAL_UNIT_ASSIGNED_CONTEXT ( ( #2388, #9511, #2479 ) ) REPRESENTATION_CONTEXT ( 'NONE', 'WORKASPACE' ) );
#5388 =( NAMED_UNIT ( * ) PLANE_ANGLE_UNIT ( ) SI_UNIT ( $, .RADIAN. ) );
#5389 = EDGE_LOOP ( 'NONE', ( #3453, #11866, #6263, #11948 ) ) ;
#5390 = PLANE ( 'NONE',  #11124 ) ;
#5391 = DIRECTION ( 'NONE',  ( 0.000000000000000000, 0.000000000000000000, 1.000000000000000000 ) ) ;
#5392 = PRODUCT_DEFINITION_SHAPE ( 'NONE', 'NONE',  #2044 ) ;
#5393 = CARTESIAN_POINT ( 'NONE',  ( -7.620000000000000995, -1.570000000000000062, -10.16000000000000192 ) ) ;
#5394 = MANIFOLD_SOLID_BREP ( 'Boss-Extrude2[3]', #2433 ) ;
#5395 = CARTESIAN_POINT ( 'NONE',  ( 0.8050000000000000488, 0.1000000000000000056, 0.4000000000000000222 ) ) ;
#5396 = DIRECTION ( 'NONE',  ( 0.000000000000000000, 0.000000000000000000, -1.000000000000000000 ) ) ;
#5397 = DIRECTION ( 'NONE',  ( 0.000000000000000000, 0.000000000000000000, -1.000000000000000000 ) ) ;
#5398 = EDGE_CURVE ( 'NONE', #12013, #7290, #4450, .T. ) ;
#5399 = FACE_OUTER_BOUND ( 'NONE', #8953, .T. ) ;
#5400 = CARTESIAN_POINT ( 'NONE',  ( -3.460000000000000409, 1.421954445729287864, -3.474999999999999645 ) ) ;
#5401 = COLOUR_RGB ( '',1.000000000000000000, 0.8117647058823529438, 0.5019607843137254832 ) ;
#5402 =( NAMED_UNIT ( * ) PLANE_ANGLE_UNIT ( ) SI_UNIT ( $, .RADIAN. ) );
#5403 = VERTEX_POINT ( 'NONE', #11417 ) ;
#5404 = CARTESIAN_POINT ( 'NONE',  ( -4.159999999999998366, 0.5000000000000000000, -2.875000000000000000 ) ) ;
#5405 = AXIS2_PLACEMENT_3D ( 'NONE', #7592, #12210, #5684 ) ;
#5406 = LINE ( 'NONE', #1679, #930 ) ;
#5407 = FACE_OUTER_BOUND ( 'NONE', #6228, .T. ) ;
#5408 = DIRECTION ( 'NONE',  ( 0.000000000000000000, 0.000000000000000000, -1.000000000000000000 ) ) ;
#5409 = AXIS2_PLACEMENT_3D ( 'NONE', #8965, #11797, #9897 ) ;
#5410 = ADVANCED_FACE ( 'NONE', ( #8537 ), #6541, .F. ) ;
#5411 = VECTOR ( 'NONE', #11718, 1000.000000000000000 ) ;
#5412 = EDGE_LOOP ( 'NONE', ( #6535, #12459, #2502, #765 ) ) ;
#5413 = EDGE_CURVE ( 'NONE', #1751, #11827, #133, .T. ) ;
#5414 = CARTESIAN_POINT ( 'NONE',  ( -3.250000000000000000, 1.550000000000000044, -2.149999999999999911 ) ) ;
#5415 = ORIENTED_EDGE ( 'NONE', *, *, #298, .T. ) ;
#5416 = EDGE_CURVE ( 'NONE', #11113, #4042, #8287, .T. ) ;
#5417 = FACE_OUTER_BOUND ( 'NONE', #2608, .T. ) ;
#5418 = ORIENTED_EDGE ( 'NONE', *, *, #5543, .T. ) ;
#5419 = EDGE_CURVE ( 'NONE', #3058, #2806, #12574, .T. ) ;
#5420 = VECTOR ( 'NONE', #11914, 1000.000000000000000 ) ;
#5421 = EDGE_CURVE ( 'NONE', #12195, #10019, #8518, .T. ) ;
#5422 = DIRECTION ( 'NONE',  ( 0.000000000000000000, -1.016439536705159026E-15, -1.000000000000000000 ) ) ;
#5423 = LINE ( 'NONE', #6579, #907 ) ;
#5424 = PLANE ( 'NONE',  #1504 ) ;
#5425 = LINE ( 'NONE', #10154, #9915 ) ;
#5426 = EDGE_CURVE ( 'NONE', #8806, #589, #4344, .T. ) ;
#5427 = CARTESIAN_POINT ( 'NONE',  ( -1.814999999999999947, 0.000000000000000000, 0.4000000000000000222 ) ) ;
#5428 = PLANE ( 'NONE',  #4337 ) ;
#5429 = CARTESIAN_POINT ( 'NONE',  ( 0.2049999999999999878, 0.000000000000000000, -0.4000000000000000222 ) ) ;
#5430 = VECTOR ( 'NONE', #2983, 1000.000000000000000 ) ;
#5431 = DIRECTION ( 'NONE',  ( -1.000000000000000000, 0.000000000000000000, 0.000000000000000000 ) ) ;
#5432 = CARTESIAN_POINT ( 'NONE',  ( 1.669999999999999929, 0.04000000000000000083, 0.1250000000000003331 ) ) ;
#5433 = VECTOR ( 'NONE', #1175, 1000.000000000000000 ) ;
#5434 = DIRECTION ( 'NONE',  ( 0.000000000000000000, 0.000000000000000000, 1.000000000000000000 ) ) ;
#5435 = VERTEX_POINT ( 'NONE', #12398 ) ;
#5436 = EDGE_CURVE ( 'NONE', #11684, #6932, #4431, .T. ) ;
#5437 = VERTEX_POINT ( 'NONE', #12128 ) ;
#5438 = LINE ( 'NONE', #5164, #9628 ) ;
#5439 = VERTEX_POINT ( 'NONE', #8520 ) ;
#5440 = CARTESIAN_POINT ( 'NONE',  ( -1.778654915153689897, 1.494803025212261938, -0.1811072303486525037 ) ) ;
#5441 = EDGE_CURVE ( 'NONE', #2601, #6843, #4186, .T. ) ;
#5442 = LINE ( 'NONE', #11317, #5704 ) ;
#5443 = DIRECTION ( 'NONE',  ( 0.000000000000000000, 0.000000000000000000, -1.000000000000000000 ) ) ;
#5444 = DIRECTION ( 'NONE',  ( 1.000000000000000000, 0.000000000000000000, 0.000000000000000000 ) ) ;
#5445 = EDGE_CURVE ( 'NONE', #7917, #9237, #111, .T. ) ;
#5446 = EDGE_CURVE ( 'NONE', #12435, #1402, #4387, .T. ) ;
#5447 = EDGE_CURVE ( 'NONE', #12042, #6751, #274, .T. ) ;
#5448 = SURFACE_STYLE_FILL_AREA ( #1235 ) ;
#5449 = AXIS2_PLACEMENT_3D ( 'NONE', #3250, #10944, #1306 ) ;
#5450 = FACE_OUTER_BOUND ( 'NONE', #7307, .T. ) ;
#5451 = CARTESIAN_POINT ( 'NONE',  ( -4.159999999999998366, 0.5000000000000000000, -2.875000000000000000 ) ) ;
#5452 = PRODUCT_CONTEXT ( 'NONE', #4520, 'mechanical' ) ;
#5453 = DIRECTION ( 'NONE',  ( 0.000000000000000000, 0.000000000000000000, 1.000000000000000000 ) ) ;
#5454 = ORIENTED_EDGE ( 'NONE', *, *, #5611, .T. ) ;
#5455 = DIRECTION ( 'NONE',  ( -1.000000000000000000, 0.000000000000000000, 0.000000000000000000 ) ) ;
#5456 = CARTESIAN_POINT ( 'NONE',  ( -1.214999999999999858, 0.1000000000000000056, -1.000000000000000000 ) ) ;
#5457 = CARTESIAN_POINT ( 'NONE',  ( -5.714999999999998970, 0.000000000000000000, -0.5406000000000004135 ) ) ;
#5458 = DIRECTION ( 'NONE',  ( 1.000000000000000000, 0.000000000000000000, 0.000000000000000000 ) ) ;
#5459 = ORIENTED_EDGE ( 'NONE', *, *, #10305, .F. ) ;
#5460 = CIRCLE ( 'NONE', #8883, 0.7600000000000002309 ) ;
#5461 = ORIENTED_EDGE ( 'NONE', *, *, #11623, .F. ) ;
#5462 = DIRECTION ( 'NONE',  ( -0.000000000000000000, 1.000000000000000000, -0.000000000000000000 ) ) ;
#5463 = ADVANCED_FACE ( 'NONE', ( #12529 ), #11360, .F. ) ;
#5464 = VECTOR ( 'NONE', #7449, 1000.000000000000000 ) ;
#5465 = AXIS2_PLACEMENT_3D ( 'NONE', #10033, #7283, #2252 ) ;
#5466 = LINE ( 'NONE', #445, #5145 ) ;
#5467 = CARTESIAN_POINT ( 'NONE',  ( 5.714999999999999858, -0.1000000000000000056, 0.4952999999999994074 ) ) ;
#5468 = EDGE_CURVE ( 'NONE', #7442, #11204, #8453, .T. ) ;
#5469 = CARTESIAN_POINT ( 'NONE',  ( 6.985000000000000320, -0.1000000000000000472, -1.765299999999998981 ) ) ;
#5470 = AXIS2_PLACEMENT_3D ( 'NONE', #913, #3129, #11931 ) ;
#5471 = ORIENTED_EDGE ( 'NONE', *, *, #11468, .T. ) ;
#5472 = EDGE_CURVE ( 'NONE', #4736, #2642, #207, .T. ) ;
#5473 = ORIENTED_EDGE ( 'NONE', *, *, #4169, .T. ) ;
#5474 = SURFACE_STYLE_FILL_AREA ( #8706 ) ;
#5475 = ORIENTED_EDGE ( 'NONE', *, *, #9363, .T. ) ;
#5476 = CARTESIAN_POINT ( 'NONE',  ( 4.570000000000001172, 0.3099999999999999978, -2.775000000000002576 ) ) ;
#5477 = DIRECTION ( 'NONE',  ( -0.4472135954999587604, 0.7745966692414824051, -0.4472135954999587604 ) ) ;
#5478 = CARTESIAN_POINT ( 'NONE',  ( -1.969999999999995532, 1.529289321881347696, 1.179999999999999494 ) ) ;
#5479 = CARTESIAN_POINT ( 'NONE',  ( -4.159999999999998366, 0.000000000000000000, -2.875000000000000000 ) ) ;
#5480 = CARTESIAN_POINT ( 'NONE',  ( -3.809999999999999609, 0.000000000000000000, 8.130000000000000782 ) ) ;
#5481 = DIRECTION ( 'NONE',  ( 0.000000000000000000, -1.000000000000000000, 0.000000000000000000 ) ) ;
#5482 = COLOUR_RGB ( '',0.7921568627450980005, 0.8196078431372548767, 0.9333333333333333481 ) ;
#5483 = CARTESIAN_POINT ( 'NONE',  ( 4.209999999999999076, 0.04000000000000000083, -1.394999999999999796 ) ) ;
#5484 = CARTESIAN_POINT ( 'NONE',  ( -2.350000000000000089, -3.135336068297440409E-17, 1.199999999999999956 ) ) ;
#5485 = ADVANCED_FACE ( 'NONE', ( #4074 ), #11443, .T. ) ;
#5486 = PRESENTATION_STYLE_ASSIGNMENT (( #9619 ) ) ;
#5487 = DIRECTION ( 'NONE',  ( -0.000000000000000000, 1.000000000000000000, -0.000000000000000000 ) ) ;
#5488 = LINE ( 'NONE', #11147, #1477 ) ;
#5489 = ADVANCED_FACE ( 'NONE', ( #4477 ), #8650, .F. ) ;
#5490 = AXIS2_PLACEMENT_3D ( 'NONE', #7350, #5597, #12103 ) ;
#5491 = VECTOR ( 'NONE', #2355, 1000.000000000000000 ) ;
#5492 = EDGE_CURVE ( 'NONE', #8014, #1298, #8264, .T. ) ;
#5493 = CARTESIAN_POINT ( 'NONE',  ( 1.864999999999999991, 0.000000000000000000, 1.050000000000000044 ) ) ;
#5494 = COLOUR_RGB ( '',0.9960784313725490335, 0.8705882352941176627, 0.7607843137254901578 ) ;
#5495 = AXIS2_PLACEMENT_3D ( 'NONE', #1934, #884, #4583 ) ;
#5496 = ORIENTED_EDGE ( 'NONE', *, *, #4173, .T. ) ;
#5497 = ORIENTED_EDGE ( 'NONE', *, *, #10071, .F. ) ;
#5498 = VERTEX_POINT ( 'NONE', #12219 ) ;
#5499 = EDGE_CURVE ( 'NONE', #6434, #1506, #8376, .T. ) ;
#5500 = LINE ( 'NONE', #5919, #1260 ) ;
#5501 = ORIENTED_EDGE ( 'NONE', *, *, #6641, .T. ) ;
#5502 = VECTOR ( 'NONE', #6359, 1000.000000000000000 ) ;
#5503 = DIRECTION ( 'NONE',  ( 0.000000000000000000, 0.000000000000000000, 1.000000000000000000 ) ) ;
#5504 = LINE ( 'NONE', #9332, #5728 ) ;
#5505 = DIRECTION ( 'NONE',  ( 0.000000000000000000, 1.000000000000000000, 0.000000000000000000 ) ) ;
#5506 = PLANE ( 'NONE',  #10403 ) ;
#5507 = DIRECTION ( 'NONE',  ( 0.000000000000000000, 1.000000000000000000, 0.000000000000000000 ) ) ;
#5508 = CARTESIAN_POINT ( 'NONE',  ( 1.669999999999999929, 0.03999999999999999389, -0.08499999999999968692 ) ) ;
#5509 = LINE ( 'NONE', #1386, #5190 ) ;
#5510 = DIRECTION ( 'NONE',  ( -1.000000000000000000, 0.000000000000000000, 3.491481338843133355E-15 ) ) ;
#5511 = CARTESIAN_POINT ( 'NONE',  ( 3.250000000000000000, 1.149999999999999911, -1.199999999999999956 ) ) ;
#5512 = ADVANCED_FACE ( 'NONE', ( #4414 ), #575, .T. ) ;
#5513 = FACE_OUTER_BOUND ( 'NONE', #10533, .T. ) ;
#5514 = CARTESIAN_POINT ( 'NONE',  ( -4.410000000000001030, 0.000000000000000000, -3.474999999999999645 ) ) ;
#5515 = ORIENTED_EDGE ( 'NONE', *, *, #2598, .F. ) ;
#5516 = VERTEX_POINT ( 'NONE', #7544 ) ;
#5517 = LINE ( 'NONE', #9994, #5758 ) ;
#5518 = DIRECTION ( 'NONE',  ( 0.000000000000000000, 0.000000000000000000, 1.000000000000000000 ) ) ;
#5519 = CARTESIAN_POINT ( 'NONE',  ( 0.8050000000000000488, 0.000000000000000000, 1.000000000000000000 ) ) ;
#5520 = LINE ( 'NONE', #7694, #1229 ) ;
#5521 = DIRECTION ( 'NONE',  ( 0.000000000000000000, -0.000000000000000000, 1.000000000000000000 ) ) ;
#5522 = SURFACE_STYLE_USAGE ( .BOTH. , #12376 ) ;
#5523 = SURFACE_STYLE_FILL_AREA ( #5702 ) ;
#5524 = EDGE_CURVE ( 'NONE', #9321, #5982, #4301, .T. ) ;
#5525 = VECTOR ( 'NONE', #2059, 1000.000000000000000 ) ;
#5526 = UNCERTAINTY_MEASURE_WITH_UNIT (LENGTH_MEASURE( 1.000000000000000082E-05 ), #2887, 'distance_accuracy_value', 'NONE');
#5527 = UNCERTAINTY_MEASURE_WITH_UNIT (LENGTH_MEASURE( 1.000000000000000082E-05 ), #2081, 'distance_accuracy_value', 'NONE');
#5528 =( GEOMETRIC_REPRESENTATION_CONTEXT ( 3 ) GLOBAL_UNCERTAINTY_ASSIGNED_CONTEXT ( ( #11977 ) ) GLOBAL_UNIT_ASSIGNED_CONTEXT ( ( #7026, #1598, #8048 ) ) REPRESENTATION_CONTEXT ( 'NONE', 'WORKASPACE' ) );
#5529 = SURFACE_SIDE_STYLE ('',( #11864 ) ) ;
#5530 = SURFACE_SIDE_STYLE ('',( #1735 ) ) ;
#5531 = SURFACE_STYLE_FILL_AREA ( #11531 ) ;
#5532 = DIRECTION ( 'NONE',  ( 0.000000000000000000, -1.000000000000000000, 0.000000000000000000 ) ) ;
#5533 = ORIENTED_EDGE ( 'NONE', *, *, #4924, .T. ) ;
#5534 = CARTESIAN_POINT ( 'NONE',  ( 1.814999999999999947, 0.1000000000000000056, -0.4000000000000000222 ) ) ;
#5535 = CARTESIAN_POINT ( 'NONE',  ( -4.159999999999998366, 0.5000000000000000000, -2.875000000000000000 ) ) ;
#5536 = ORIENTED_EDGE ( 'NONE', *, *, #10760, .F. ) ;
#5537 = DIRECTION ( 'NONE',  ( 1.000000000000000000, 0.000000000000000000, 0.000000000000000000 ) ) ;
#5538 = DIRECTION ( 'NONE',  ( 1.000000000000000000, -2.168404344971009115E-16, -3.491481338843133355E-15 ) ) ;
#5539 = CARTESIAN_POINT ( 'NONE',  ( -1.430000000000000160, 1.550000000000000044, 0.000000000000000000 ) ) ;
#5540 = LINE ( 'NONE', #9546, #9828 ) ;
#5541 = DIRECTION ( 'NONE',  ( 0.000000000000000000, 0.000000000000000000, -1.000000000000000000 ) ) ;
#5542 = FACE_OUTER_BOUND ( 'NONE', #11196, .T. ) ;
#5543 = EDGE_CURVE ( 'NONE', #7343, #5831, #8633, .T. ) ;
#5544 = AXIS2_PLACEMENT_3D ( 'NONE', #2776, #11645, #5637 ) ;
#5545 = VECTOR ( 'NONE', #6601, 1000.000000000000000 ) ;
#5546 = DIRECTION ( 'NONE',  ( 0.000000000000000000, 0.000000000000000000, -1.000000000000000000 ) ) ;
#5547 = CIRCLE ( 'NONE', #9357, 0.09999999999999982514 ) ;
#5548 = DIRECTION ( 'NONE',  ( 1.000000000000000000, -0.000000000000000000, 0.000000000000000000 ) ) ;
#5549 = AXIS2_PLACEMENT_3D ( 'NONE', #11922, #3716, #6593 ) ;
#5550 = EDGE_CURVE ( 'NONE', #11305, #7492, #8584, .T. ) ;
#5551 = EDGE_CURVE ( 'NONE', #7328, #11339, #4120, .T. ) ;
#5552 = EDGE_CURVE ( 'NONE', #11887, #7857, #12551, .T. ) ;
#5553 = EDGE_LOOP ( 'NONE', ( #9168, #3951, #6763, #8896 ) ) ;
#5554 =( GEOMETRIC_REPRESENTATION_CONTEXT ( 3 ) GLOBAL_UNCERTAINTY_ASSIGNED_CONTEXT ( ( #5808 ) ) GLOBAL_UNIT_ASSIGNED_CONTEXT ( ( #1718, #11416, #4686 ) ) REPRESENTATION_CONTEXT ( 'NONE', 'WORKASPACE' ) );
#5555 = ORIENTED_EDGE ( 'NONE', *, *, #12315, .T. ) ;
#5556 = CARTESIAN_POINT ( 'NONE',  ( -3.299999999999999822, 0.2999999999999999889, 1.199999999999999956 ) ) ;
#5557 = CARTESIAN_POINT ( 'NONE',  ( 6.985000000000000320, -1.519903165712366722, -0.1397000000000004072 ) ) ;
#5558 = DIRECTION ( 'NONE',  ( 1.000000000000000000, 0.000000000000000000, 0.000000000000000000 ) ) ;
#5559 = DIRECTION ( 'NONE',  ( 0.000000000000000000, 0.000000000000000000, 1.000000000000000000 ) ) ;
#5560 = LINE ( 'NONE', #2087, #5814 ) ;
#5561 = DIRECTION ( 'NONE',  ( -0.000000000000000000, -0.000000000000000000, 1.000000000000000000 ) ) ;
#5562 = EDGE_CURVE ( 'NONE', #230, #11403, #8239, .T. ) ;
#5563 = VECTOR ( 'NONE', #6023, 1000.000000000000000 ) ;
#5564 = DIRECTION ( 'NONE',  ( -1.000000000000000000, 0.000000000000000000, -1.707404996040164018E-16 ) ) ;
#5565 = CARTESIAN_POINT ( 'NONE',  ( -0.9449999999999999512, 1.550000000000000044, 1.129999999999999893 ) ) ;
#5566 = EDGE_CURVE ( 'NONE', #12133, #4744, #4006, .T. ) ;
#5567 = LINE ( 'NONE', #1113, #5585 ) ;
#5568 = CARTESIAN_POINT ( 'NONE',  ( 4.609999999999997655, 0.3499999999999999778, -3.575000000000002842 ) ) ;
#5569 = EDGE_CURVE ( 'NONE', #11204, #2175, #2432, .T. ) ;
#5570 = CARTESIAN_POINT ( 'NONE',  ( -6.984999999999999432, -0.1000000000000000056, -0.7293999999999991601 ) ) ;
#5571 = ORIENTED_EDGE ( 'NONE', *, *, #10165, .T. ) ;
#5572 = ORIENTED_EDGE ( 'NONE', *, *, #1023, .T. ) ;
#5573 = EDGE_CURVE ( 'NONE', #10837, #904, #89, .T. ) ;
#5574 = CARTESIAN_POINT ( 'NONE',  ( -7.619999999999999218, 0.000000000000000000, 10.15999999999999837 ) ) ;
#5575 = FACE_OUTER_BOUND ( 'NONE', #12310, .T. ) ;
#5576 = LINE ( 'NONE', #7515, #5648 ) ;
#5577 = ADVANCED_FACE ( 'NONE', ( #8357 ), #7767, .F. ) ;
#5578 = EDGE_CURVE ( 'NONE', #5021, #10714, #12481, .T. ) ;
#5579 = AXIS2_PLACEMENT_3D ( 'NONE', #3677, #11348, #5538 ) ;
#5580 = DIRECTION ( 'NONE',  ( -0.000000000000000000, -3.226792180016387497E-17, 1.000000000000000000 ) ) ;
#5581 = ADVANCED_FACE ( 'NONE', ( #20 ), #8748, .T. ) ;
#5582 = CARTESIAN_POINT ( 'NONE',  ( 0.000000000000000000, 3.100000000000000089, 0.000000000000000000 ) ) ;
#5583 = CARTESIAN_POINT ( 'NONE',  ( -0.7449999999999999956, 1.500000000000000000, 1.180000000000000160 ) ) ;
#5584 = DIRECTION ( 'NONE',  ( 1.000000000000000000, 0.000000000000000000, 1.707404996040164018E-16 ) ) ;
#5585 = VECTOR ( 'NONE', #259, 1000.000000000000000 ) ;
#5586 = CARTESIAN_POINT ( 'NONE',  ( 0.2049999999999999878, 0.1000000000000000056, 0.4000000000000000222 ) ) ;
#5587 = CARTESIAN_POINT ( 'NONE',  ( -3.809999999999999609, 0.000000000000000000, 8.890000000000000568 ) ) ;
#5588 = PRESENTATION_STYLE_ASSIGNMENT (( #3089 ) ) ;
#5589 = DIRECTION ( 'NONE',  ( -1.000000000000000000, -0.000000000000000000, -0.000000000000000000 ) ) ;
#5590 = ORIENTED_EDGE ( 'NONE', *, *, #5573, .T. ) ;
#5591 = EDGE_LOOP ( 'NONE', ( #7985, #5454, #12154, #8576 ) ) ;
#5592 = EDGE_CURVE ( 'NONE', #11410, #10531, #4236, .T. ) ;
#5593 = EDGE_CURVE ( 'NONE', #6249, #3683, #4252, .T. ) ;
#5594 = AXIS2_PLACEMENT_3D ( 'NONE', #6329, #11460, #3619 ) ;
#5595 = LINE ( 'NONE', #7539, #5464 ) ;
#5596 = FILL_AREA_STYLE ('',( #6224 ) ) ;
#5597 = DIRECTION ( 'NONE',  ( -0.000000000000000000, -1.000000000000000000, -0.000000000000000000 ) ) ;
#5598 = DIRECTION ( 'NONE',  ( 0.000000000000000000, 0.000000000000000000, -1.000000000000000000 ) ) ;
#5599 = VECTOR ( 'NONE', #1833, 1000.000000000000000 ) ;
#5600 = DIRECTION ( 'NONE',  ( 0.000000000000000000, -0.000000000000000000, -1.000000000000000000 ) ) ;
#5601 = FILL_AREA_STYLE_COLOUR ( '', #2094 ) ;
#5602 = VECTOR ( 'NONE', #12343, 1000.000000000000000 ) ;
#5603 = PLANE ( 'NONE',  #1323 ) ;
#5604 = ORIENTED_EDGE ( 'NONE', *, *, #3965, .T. ) ;
#5605 = CARTESIAN_POINT ( 'NONE',  ( -2.350000000000000089, 0.2999999999999999889, 1.199999999999999956 ) ) ;
#5606 = CARTESIAN_POINT ( 'NONE',  ( 1.864999999999999991, 0.000000000000000000, -1.050000000000000044 ) ) ;
#5607 = VERTEX_POINT ( 'NONE', #1061 ) ;
#5608 = CARTESIAN_POINT ( 'NONE',  ( -1.757097798201095129, 1.499986769817502008, 0.1757601389744810061 ) ) ;
#5609 = CARTESIAN_POINT ( 'NONE',  ( 1.814999999999999947, 0.000000000000000000, -0.4000000000000000222 ) ) ;
#5610 = PLANE ( 'NONE',  #10738 ) ;
#5611 = EDGE_CURVE ( 'NONE', #10739, #8679, #8900, .T. ) ;
#5612 = AXIS2_PLACEMENT_3D ( 'NONE', #853, #3875, #4913 ) ;
#5613 = AXIS2_PLACEMENT_3D ( 'NONE', #672, #2512, #6574 ) ;
#5614 = LINE ( 'NONE', #1858, #1351 ) ;
#5615 = FACE_OUTER_BOUND ( 'NONE', #8948, .T. ) ;
#5616 = DIRECTION ( 'NONE',  ( -1.000000000000000000, 0.000000000000000000, 0.000000000000000000 ) ) ;
#5617 = DIRECTION ( 'NONE',  ( 0.000000000000000000, 1.000000000000000000, 0.000000000000000000 ) ) ;
#5618 = VECTOR ( 'NONE', #8450, 1000.000000000000000 ) ;
#5619 = FACE_OUTER_BOUND ( 'NONE', #4774, .T. ) ;
#5620 = ORIENTED_EDGE ( 'NONE', *, *, #5252, .T. ) ;
#5621 = ORIENTED_EDGE ( 'NONE', *, *, #11203, .F. ) ;
#5622 = COLOUR_RGB ( '',0.9098039215686274384, 0.4431372549019607643, 0.03137254901960784270 ) ;
#5623 =( NAMED_UNIT ( * ) SI_UNIT ( $, .STERADIAN. ) SOLID_ANGLE_UNIT ( ) );
#5624 = AXIS2_PLACEMENT_3D ( 'NONE', #4961, #6777, #11779 ) ;
#5625 = DIRECTION ( 'NONE',  ( 0.000000000000000000, -1.000000000000000000, 0.000000000000000000 ) ) ;
#5626 = DIRECTION ( 'NONE',  ( 1.707404996040164018E-16, 0.000000000000000000, -1.000000000000000000 ) ) ;
#5627 = DIRECTION ( 'NONE',  ( 0.000000000000000000, 0.000000000000000000, 1.000000000000000000 ) ) ;
#5628 = DIRECTION ( 'NONE',  ( 0.000000000000000000, 0.000000000000000000, 1.000000000000000000 ) ) ;
#5629 = CARTESIAN_POINT ( 'NONE',  ( -1.430000000000000160, 1.500000000000000000, 0.000000000000000000 ) ) ;
#5630 = DIRECTION ( 'NONE',  ( 0.000000000000000000, 0.000000000000000000, 1.000000000000000000 ) ) ;
#5631 = EDGE_CURVE ( 'NONE', #6868, #4111, #9005, .T. ) ;
#5632 = SURFACE_STYLE_FILL_AREA ( #4524 ) ;
#5633 = CARTESIAN_POINT ( 'NONE',  ( 4.609999999999997655, 0.3499999999999999778, -3.575000000000002842 ) ) ;
#5634 = AXIS2_PLACEMENT_3D ( 'NONE', #2372, #11141, #2462 ) ;
#5635 = LINE ( 'NONE', #10381, #5545 ) ;
#5636 = CARTESIAN_POINT ( 'NONE',  ( -0.8950000000000000178, 1.399999999999999911, -1.180000000000000160 ) ) ;
#5637 = DIRECTION ( 'NONE',  ( 0.000000000000000000, 0.000000000000000000, -1.000000000000000000 ) ) ;
#5638 = MANIFOLD_SOLID_BREP ( 'Cut-Extrude3[2]', #9507 ) ;
#5639 = EDGE_CURVE ( 'NONE', #7448, #434, #4951, .T. ) ;
#5640 = CIRCLE ( 'NONE', #10942, 0.7600000000000002309 ) ;
#5641 = LINE ( 'NONE', #3362, #5692 ) ;
#5642 = CARTESIAN_POINT ( 'NONE',  ( 1.270000000000000018, 1.399999999999999911, 0.000000000000000000 ) ) ;
#5643 = ORIENTED_EDGE ( 'NONE', *, *, #7954, .T. ) ;
#5644 = ORIENTED_EDGE ( 'NONE', *, *, #3616, .F. ) ;
#5645 = CARTESIAN_POINT ( 'NONE',  ( -3.250000000000000000, 1.550000000000000044, -1.199999999999999956 ) ) ;
#5646 = CYLINDRICAL_SURFACE ( 'NONE', #200, 0.7600000000000002309 ) ;
#5647 = ADVANCED_FACE ( 'NONE', ( #4590 ), #7274, .F. ) ;
#5648 = VECTOR ( 'NONE', #3902, 1000.000000000000000 ) ;
#5649 = CARTESIAN_POINT ( 'NONE',  ( -4.410000000000001030, 0.5000000000000000000, -2.875000000000000000 ) ) ;
#5650 = VECTOR ( 'NONE', #12264, 1000.000000000000000 ) ;
#5651 = CARTESIAN_POINT ( 'NONE',  ( 1.814999999999999947, 0.1000000000000000056, 0.4000000000000000222 ) ) ;
#5652 = CARTESIAN_POINT ( 'NONE',  ( 0.8699999999999997735, -3.388131789017201356E-16, -1.184999999999999831 ) ) ;
#5653 = CARTESIAN_POINT ( 'NONE',  ( -1.814999999999999947, 0.000000000000000000, 1.000000000000000000 ) ) ;
#5654 = PLANE ( 'NONE',  #9089 ) ;
#5655 = DIRECTION ( 'NONE',  ( 0.000000000000000000, 1.000000000000000000, 0.000000000000000000 ) ) ;
#5656 = CARTESIAN_POINT ( 'NONE',  ( 4.359999999999997655, 0.3500000000000000333, -3.575000000000001954 ) ) ;
#5657 = DIRECTION ( 'NONE',  ( 0.000000000000000000, -1.000000000000000000, 0.000000000000000000 ) ) ;
#5658 = LINE ( 'NONE', #5429, #9842 ) ;
#5659 = EDGE_CURVE ( 'NONE', #8320, #5301, #663, .T. ) ;
#5660 = DIRECTION ( 'NONE',  ( 0.000000000000000000, 0.000000000000000000, 1.000000000000000000 ) ) ;
#5661 = VECTOR ( 'NONE', #6595, 1000.000000000000000 ) ;
#5662 = ORIENTED_EDGE ( 'NONE', *, *, #9232, .T. ) ;
#5663 = ORIENTED_EDGE ( 'NONE', *, *, #9704, .T. ) ;
#5664 = EDGE_CURVE ( 'NONE', #5726, #2506, #301, .T. ) ;
#5665 = DIRECTION ( 'NONE',  ( 0.000000000000000000, 0.000000000000000000, 1.000000000000000000 ) ) ;
#5666 = FACE_OUTER_BOUND ( 'NONE', #12357, .T. ) ;
#5667 = DIRECTION ( 'NONE',  ( 0.000000000000000000, 0.000000000000000000, 1.000000000000000000 ) ) ;
#5668 = UNCERTAINTY_MEASURE_WITH_UNIT (LENGTH_MEASURE( 1.000000000000000082E-05 ), #8076, 'distance_accuracy_value', 'NONE');
#5669 = ORIENTED_EDGE ( 'NONE', *, *, #11519, .F. ) ;
#5670 = MECHANICAL_DESIGN_GEOMETRIC_PRESENTATION_REPRESENTATION (  '', ( #3945 ), #12287 ) ;
#5671 = ADVANCED_FACE ( 'NONE', ( #9029 ), #388, .F. ) ;
#5672 = CYLINDRICAL_SURFACE ( 'NONE', #4546, 0.4000000000000001887 ) ;
#5673 = PLANE ( 'NONE',  #7175 ) ;
#5674 = ADVANCED_FACE ( 'NONE', ( #8694, #397, #637, #4499, #9130, #4832, #4681, #8810, #506, #549, #678, #8719, #8783, #4858 ), #6389, .T. ) ;
#5675 = VECTOR ( 'NONE', #5260, 1000.000000000000000 ) ;
#5676 = EDGE_CURVE ( 'NONE', #3146, #12572, #4518, .T. ) ;
#5677 = CARTESIAN_POINT ( 'NONE',  ( 0.8050000000000000488, 0.1000000000000000056, 0.4000000000000000222 ) ) ;
#5678 = VECTOR ( 'NONE', #11391, 1000.000000000000000 ) ;
#5679 = PLANE ( 'NONE',  #11412 ) ;
#5680 = EDGE_LOOP ( 'NONE', ( #4308, #6592, #2055, #9401 ) ) ;
#5681 = DIRECTION ( 'NONE',  ( 0.000000000000000000, 0.000000000000000000, -1.000000000000000000 ) ) ;
#5682 = DIRECTION ( 'NONE',  ( 0.000000000000000000, 0.000000000000000000, -1.000000000000000000 ) ) ;
#5683 = ORIENTED_EDGE ( 'NONE', *, *, #5413, .T. ) ;
#5684 = DIRECTION ( 'NONE',  ( -1.000000000000000000, 0.000000000000000000, 3.491481338843133355E-15 ) ) ;
#5685 = ORIENTED_EDGE ( 'NONE', *, *, #7107, .F. ) ;
#5686 = VECTOR ( 'NONE', #12360, 1000.000000000000000 ) ;
#5687 = ORIENTED_EDGE ( 'NONE', *, *, #5446, .T. ) ;
#5688 = EDGE_CURVE ( 'NONE', #8498, #4693, #4701, .T. ) ;
#5689 = VECTOR ( 'NONE', #8195, 1000.000000000000000 ) ;
#5690 = CARTESIAN_POINT ( 'NONE',  ( 3.260000000000001563, 0.3499999999999997002, -2.344883736647866534 ) ) ;
#5691 = FACE_OUTER_BOUND ( 'NONE', #2026, .T. ) ;
#5692 = VECTOR ( 'NONE', #432, 1000.000000000000000 ) ;
#5693 = ORIENTED_EDGE ( 'NONE', *, *, #11468, .F. ) ;
#5694 = ORIENTED_EDGE ( 'NONE', *, *, #6614, .T. ) ;
#5695 = LINE ( 'NONE', #8984, #9908 ) ;
#5696 = CARTESIAN_POINT ( 'NONE',  ( 5.714999999999999858, 0.000000000000000000, -0.3174999999999998934 ) ) ;
#5697 = PLANE ( 'NONE',  #1829 ) ;
#5698 = DIRECTION ( 'NONE',  ( 0.000000000000000000, 1.000000000000000000, 0.000000000000000000 ) ) ;
#5699 = EDGE_CURVE ( 'NONE', #1296, #8790, #343, .T. ) ;
#5700 = DIRECTION ( 'NONE',  ( 0.000000000000000000, 0.000000000000000000, 1.000000000000000000 ) ) ;
#5701 = DIRECTION ( 'NONE',  ( 1.707404996040164018E-16, 0.000000000000000000, -1.000000000000000000 ) ) ;
#5702 = FILL_AREA_STYLE ('',( #4730 ) ) ;
#5703 = ORIENTED_EDGE ( 'NONE', *, *, #2875, .F. ) ;
#5704 = VECTOR ( 'NONE', #7331, 1000.000000000000000 ) ;
#5705 = PLANE ( 'NONE',  #5091 ) ;
#5706 = CARTESIAN_POINT ( 'NONE',  ( 7.619999999999999218, -1.570000000000000062, -10.16000000000000192 ) ) ;
#5707 = EDGE_CURVE ( 'NONE', #10062, #9601, #4606, .T. ) ;
#5708 = ORIENTED_EDGE ( 'NONE', *, *, #6508, .F. ) ;
#5709 = VECTOR ( 'NONE', #10459, 1000.000000000000000 ) ;
#5710 = PLANE ( 'NONE',  #6330 ) ;
#5711 = CARTESIAN_POINT ( 'NONE',  ( -3.210000000000000409, 0.5000000000000000000, -2.875000000000000000 ) ) ;
#5712 = FACE_OUTER_BOUND ( 'NONE', #9092, .T. ) ;
#5713 = LINE ( 'NONE', #5556, #9735 ) ;
#5714 = DIRECTION ( 'NONE',  ( 0.000000000000000000, 1.000000000000000000, 0.000000000000000000 ) ) ;
#5715 = VECTOR ( 'NONE', #7498, 1000.000000000000000 ) ;
#5716 = CARTESIAN_POINT ( 'NONE',  ( -5.080000000000000071, -1.570000000000000062, -7.620000000000000107 ) ) ;
#5717 = DIRECTION ( 'NONE',  ( 0.000000000000000000, 0.000000000000000000, 1.000000000000000000 ) ) ;
#5718 = ORIENTED_EDGE ( 'NONE', *, *, #12220, .T. ) ;
#5719 = ORIENTED_EDGE ( 'NONE', *, *, #12147, .T. ) ;
#5720 =( LENGTH_UNIT ( ) NAMED_UNIT ( * ) SI_UNIT ( .MILLI., .METRE. ) );
#5721 = EDGE_CURVE ( 'NONE', #7550, #28, #4878, .T. ) ;
#5723 = EDGE_CURVE ( 'NONE', #11980, #360, #8828, .T. ) ;
#5722 = LINE ( 'NONE', #7754, #1297 ) ;
#5724 = VERTEX_POINT ( 'NONE', #8421 ) ;
#5725 = LINE ( 'NONE', #10023, #5794 ) ;
#5726 = VERTEX_POINT ( 'NONE', #1361 ) ;
#5727 = VECTOR ( 'NONE', #7327, 1000.000000000000000 ) ;
#5728 = VECTOR ( 'NONE', #12092, 1000.000000000000000 ) ;
#5729 = DIRECTION ( 'NONE',  ( -5.421010862427530059E-16, -1.000000000000000000, 0.000000000000000000 ) ) ;
#5730 = PLANE ( 'NONE',  #9705 ) ;
#5731 = EDGE_CURVE ( 'NONE', #10428, #7106, #8853, .T. ) ;
#5732 = DIRECTION ( 'NONE',  ( 1.000000000000000000, 0.000000000000000000, -4.517509052022940401E-16 ) ) ;
#5733 = DIRECTION ( 'NONE',  ( 1.000000000000000000, 0.000000000000000000, 0.000000000000000000 ) ) ;
#5734 = CARTESIAN_POINT ( 'NONE',  ( 1.750000000000000000, 0.2999999999999999889, 1.750000000000000000 ) ) ;
#5735 = CARTESIAN_POINT ( 'NONE',  ( 4.209999999999999076, 0.000000000000000000, 0.1650000000000001188 ) ) ;
#5736 = EDGE_CURVE ( 'NONE', #11971, #8919, #8877, .T. ) ;
#5737 = PRESENTATION_LAYER_ASSIGNMENT (  '', '', ( #1749 ) ) ;
#5738 = DIRECTION ( 'NONE',  ( 0.000000000000000000, -1.000000000000000000, 0.000000000000000000 ) ) ;
#5739 = DIRECTION ( 'NONE',  ( 0.000000000000000000, 1.000000000000000000, 0.000000000000000000 ) ) ;
#5740 = VERTEX_POINT ( 'NONE', #3408 ) ;
#5741 = CIRCLE ( 'NONE', #1428, 0.7600000000000002309 ) ;
#5742 = SURFACE_STYLE_USAGE ( .BOTH. , #11497 ) ;
#5743 = ADVANCED_FACE ( 'NONE', ( #8923 ), #3230, .T. ) ;
#5744 = EDGE_LOOP ( 'NONE', ( #7194, #3655, #12305, #3972 ) ) ;
#5745 = LINE ( 'NONE', #4585, #1586 ) ;
#5746 = DIRECTION ( 'NONE',  ( 0.000000000000000000, 0.000000000000000000, -1.000000000000000000 ) ) ;
#5747 = EDGE_LOOP ( 'NONE', ( #599, #11459, #9100, #9083 ) ) ;
#5748 = DIRECTION ( 'NONE',  ( -0.000000000000000000, 1.000000000000000000, 0.000000000000000000 ) ) ;
#5749 = TOROIDAL_SURFACE ( 'NONE', #7342, 0.3699999999999999956, 0.05000000000000000278 ) ;
#5750 = VECTOR ( 'NONE', #7936, 1000.000000000000000 ) ;
#5751 = STYLED_ITEM ( 'NONE', ( #8458 ), #11824 ) ;
#5752 = FILL_AREA_STYLE_COLOUR ( '', #12565 ) ;
#5753 = AXIS2_PLACEMENT_3D ( 'NONE', #7250, #7619, #5356 ) ;
#5754 = DIRECTION ( 'NONE',  ( 0.000000000000000000, -1.000000000000000000, 0.000000000000000000 ) ) ;
#5755 = CARTESIAN_POINT ( 'NONE',  ( -3.460000000000000409, 0.000000000000000000, -3.474999999999999645 ) ) ;
#5756 = PLANE ( 'NONE',  #11705 ) ;
#5757 = CARTESIAN_POINT ( 'NONE',  ( -1.214999999999999858, 0.000000000000000000, -0.4000000000000000222 ) ) ;
#5758 = VECTOR ( 'NONE', #10068, 1000.000000000000000 ) ;
#5759 = VERTEX_POINT ( 'NONE', #6312 ) ;
#5760 = VECTOR ( 'NONE', #10810, 1000.000000000000000 ) ;
#5761 = ORIENTED_EDGE ( 'NONE', *, *, #211, .F. ) ;
#5762 = ADVANCED_FACE ( 'NONE', ( #8947 ), #9370, .F. ) ;
#5763 = LINE ( 'NONE', #8654, #5727 ) ;
#5764 = ADVANCED_FACE ( 'NONE', ( #1068 ), #11168, .F. ) ;
#5765 = VECTOR ( 'NONE', #12604, 1000.000000000000000 ) ;
#5766 = FACE_OUTER_BOUND ( 'NONE', #7248, .T. ) ;
#5767 = EDGE_CURVE ( 'NONE', #1086, #11410, #5097, .T. ) ;
#5768 = PRESENTATION_LAYER_ASSIGNMENT (  '', '', ( #10421 ) ) ;
#5769 = CYLINDRICAL_SURFACE ( 'NONE', #4950, 0.04999999999999991257 ) ;
#5770 = DIRECTION ( 'NONE',  ( 1.000000000000000000, 0.000000000000000000, 4.517509052022940401E-16 ) ) ;
#5771 = CARTESIAN_POINT ( 'NONE',  ( 1.920000000000000151, 1.500000000000000000, 0.000000000000000000 ) ) ;
#5772 = CARTESIAN_POINT ( 'NONE',  ( 3.050000000000000711, 0.04000000000000000083, -2.774999999999997247 ) ) ;
#5773 = CARTESIAN_POINT ( 'NONE',  ( -4.159999999999998366, 1.421954445729287864, -2.875000000000000000 ) ) ;
#5774 = PLANE ( 'NONE',  #5910 ) ;
#5775 = FILL_AREA_STYLE_COLOUR ( '', #5166 ) ;
#5776 = ORIENTED_EDGE ( 'NONE', *, *, #6406, .T. ) ;
#5777 = FACE_OUTER_BOUND ( 'NONE', #6774, .T. ) ;
#5778 = CARTESIAN_POINT ( 'NONE',  ( 1.920000000000000151, 1.550000000000000044, -1.180000000000000160 ) ) ;
#5779 = DIRECTION ( 'NONE',  ( 0.000000000000000000, 1.000000000000000000, 0.000000000000000000 ) ) ;
#5780 = EDGE_LOOP ( 'NONE', ( #3967, #4121 ) ) ;
#5781 = LINE ( 'NONE', #10973, #5689 ) ;
#5782 = CARTESIAN_POINT ( 'NONE',  ( -3.432161706211294572, 3.100000000000000089, -1.932161706211289909 ) ) ;
#5783 = EDGE_CURVE ( 'NONE', #2899, #2590, #9241, .T. ) ;
#5784 = DIRECTION ( 'NONE',  ( 0.000000000000000000, 1.000000000000000000, -0.000000000000000000 ) ) ;
#5785 = LINE ( 'NONE', #8807, #9920 ) ;
#5786 = CARTESIAN_POINT ( 'NONE',  ( -1.430000000000000160, 1.399999999999999911, 0.4500000000000000111 ) ) ;
#5787 = ADVANCED_FACE ( 'NONE', ( #5013 ), #5984, .F. ) ;
#5788 = DIRECTION ( 'NONE',  ( 0.000000000000000000, 0.000000000000000000, 1.000000000000000000 ) ) ;
#5789 = CARTESIAN_POINT ( 'NONE',  ( -1.864999999999999991, 0.000000000000000000, 1.050000000000000044 ) ) ;
#5790 = ORIENTED_EDGE ( 'NONE', *, *, #9249, .F. ) ;
#5791 = PLANE ( 'NONE',  #11117 ) ;
#5792 = CYLINDRICAL_SURFACE ( 'NONE', #1287, 0.5100000000000000089 ) ;
#5793 = ORIENTED_EDGE ( 'NONE', *, *, #5860, .F. ) ;
#5794 = VECTOR ( 'NONE', #385, 1000.000000000000000 ) ;
#5795 = VERTEX_POINT ( 'NONE', #9899 ) ;
#5796 = EDGE_CURVE ( 'NONE', #11664, #1550, #5310, .T. ) ;
#5797 = CARTESIAN_POINT ( 'NONE',  ( 0.000000000000000000, 0.000000000000000000, 0.000000000000000000 ) ) ;
#5798 = DIRECTION ( 'NONE',  ( 0.000000000000000000, 1.000000000000000000, 0.000000000000000000 ) ) ;
#5799 = DIRECTION ( 'NONE',  ( 1.000000000000000000, -0.000000000000000000, 0.000000000000000000 ) ) ;
#5800 = CARTESIAN_POINT ( 'NONE',  ( 0.8699999999999997735, 0.000000000000000000, -1.434999999999999609 ) ) ;
#5801 = CARTESIAN_POINT ( 'NONE',  ( 0.4398837366478682287, 0.3500000000000000333, -0.08499999999999965916 ) ) ;
#5802 = DIRECTION ( 'NONE',  ( 0.000000000000000000, -1.000000000000000000, 1.016439536705159026E-15 ) ) ;
#5803 = DIRECTION ( 'NONE',  ( -0.000000000000000000, 1.000000000000000000, -0.000000000000000000 ) ) ;
#5804 = CARTESIAN_POINT ( 'NONE',  ( -3.809999999999999609, 0.000000000000000000, 8.890000000000000568 ) ) ;
#5805 = DIRECTION ( 'NONE',  ( 0.000000000000000000, -0.1391731009600658819, 0.9902680687415703620 ) ) ;
#5806 = DIRECTION ( 'NONE',  ( 1.000000000000000000, 0.000000000000000000, 0.000000000000000000 ) ) ;
#5807 = UNCERTAINTY_MEASURE_WITH_UNIT (LENGTH_MEASURE( 1.000000000000000082E-05 ), #8409, 'distance_accuracy_value', 'NONE');
#5808 = UNCERTAINTY_MEASURE_WITH_UNIT (LENGTH_MEASURE( 1.000000000000000082E-05 ), #1718, 'distance_accuracy_value', 'NONE');
#5809 = PRESENTATION_LAYER_ASSIGNMENT (  '', '', ( #8364 ) ) ;
#5810 = CYLINDRICAL_SURFACE ( 'NONE', #4125, 0.7600000000000002309 ) ;
#5811 = FILL_AREA_STYLE_COLOUR ( '', #2068 ) ;
#5812 = AXIS2_PLACEMENT_3D ( 'NONE', #7148, #7867, #7956 ) ;
#5813 = ORIENTED_EDGE ( 'NONE', *, *, #5721, .F. ) ;
#5814 = VECTOR ( 'NONE', #8046, 1000.000000000000000 ) ;
#5815 = CARTESIAN_POINT ( 'NONE',  ( 3.810000000000000941, 0.000000000000000000, 9.400000000000000355 ) ) ;
#5816 = ORIENTED_EDGE ( 'NONE', *, *, #7762, .T. ) ;
#5817 = EDGE_CURVE ( 'NONE', #9856, #3808, #5338, .T. ) ;
#5818 = VECTOR ( 'NONE', #1563, 1000.000000000000000 ) ;
#5819 = AXIS2_PLACEMENT_3D ( 'NONE', #1916, #1116, #2771 ) ;
#5820 = FACE_OUTER_BOUND ( 'NONE', #2449, .T. ) ;
#5821 = DIRECTION ( 'NONE',  ( 0.000000000000000000, 0.000000000000000000, -1.000000000000000000 ) ) ;
#5822 = DIRECTION ( 'NONE',  ( 0.000000000000000000, 0.000000000000000000, -1.000000000000000000 ) ) ;
#5823 = ORIENTED_EDGE ( 'NONE', *, *, #5767, .T. ) ;
#5824 = DIRECTION ( 'NONE',  ( -0.000000000000000000, -1.000000000000000000, -0.000000000000000000 ) ) ;
#5825 = EDGE_CURVE ( 'NONE', #11744, #11354, #5182, .T. ) ;
#5826 = VECTOR ( 'NONE', #3894, 1000.000000000000000 ) ;
#5827 = ADVANCED_FACE ( 'NONE', ( #1048 ), #9395, .T. ) ;
#5828 = ORIENTED_EDGE ( 'NONE', *, *, #3811, .T. ) ;
#5829 = COLOUR_RGB ( '',0.7921568627450980005, 0.8196078431372548767, 0.9333333333333333481 ) ;
#5830 = DIRECTION ( 'NONE',  ( 0.000000000000000000, 0.000000000000000000, 1.000000000000000000 ) ) ;
#5831 = VERTEX_POINT ( 'NONE', #2227 ) ;
#5832 = FACE_OUTER_BOUND ( 'NONE', #12391, .T. ) ;
#5833 = DIRECTION ( 'NONE',  ( 0.000000000000000000, 0.000000000000000000, 1.000000000000000000 ) ) ;
#5834 = EDGE_CURVE ( 'NONE', #5010, #6938, #5208, .T. ) ;
#5835 = DIRECTION ( 'NONE',  ( 0.000000000000000000, 0.000000000000000000, -1.000000000000000000 ) ) ;
#5836 = FACE_OUTER_BOUND ( 'NONE', #4429, .T. ) ;
#5837 = EDGE_CURVE ( 'NONE', #5095, #496, #9517, .T. ) ;
#5838 = EDGE_CURVE ( 'NONE', #7062, #3278, #9473, .T. ) ;
#5839 = ORIENTED_EDGE ( 'NONE', *, *, #6656, .F. ) ;
#5840 = EDGE_CURVE ( 'NONE', #7160, #4833, #941, .T. ) ;
#5841 = LINE ( 'NONE', #7324, #10267 ) ;
#5842 = EDGE_CURVE ( 'NONE', #9847, #11333, #5051, .T. ) ;
#5843 = AXIS2_PLACEMENT_3D ( 'NONE', #4762, #11319, #7237 ) ;
#5844 =( NAMED_UNIT ( * ) SI_UNIT ( $, .STERADIAN. ) SOLID_ANGLE_UNIT ( ) );
#5845 = CARTESIAN_POINT ( 'NONE',  ( -1.243805537978294113E-16, 1.500000000000000000, -1.129999999999999893 ) ) ;
#5846 = CARTESIAN_POINT ( 'NONE',  ( -1.214999999999999858, 0.000000000000000000, 1.000000000000000000 ) ) ;
#5847 = DIRECTION ( 'NONE',  ( 0.000000000000000000, -0.000000000000000000, -1.000000000000000000 ) ) ;
#5848 = CARTESIAN_POINT ( 'NONE',  ( 0.8699999999999997735, 0.3499999999999999778, 0.1650000000000003131 ) ) ;
#5849 = DIRECTION ( 'NONE',  ( 0.000000000000000000, 0.000000000000000000, 1.000000000000000000 ) ) ;
#5850 = ORIENTED_EDGE ( 'NONE', *, *, #698, .T. ) ;
#5851 = DIRECTION ( 'NONE',  ( 1.000000000000000000, 0.000000000000000000, 1.707404996040164018E-16 ) ) ;
#5852 = PLANE ( 'NONE',  #10092 ) ;
#5853 = ORIENTED_EDGE ( 'NONE', *, *, #4009, .F. ) ;
#5854 = ADVANCED_FACE ( 'NONE', ( #5354 ), #12504, .T. ) ;
#5855 = LINE ( 'NONE', #9324, #5818 ) ;
#5856 = CARTESIAN_POINT ( 'NONE',  ( 3.350000000000000089, 1.149999999999999911, 1.199999999999999956 ) ) ;
#5857 = ADVANCED_FACE ( 'NONE', ( #5121 ), #8620, .T. ) ;
#5858 = CARTESIAN_POINT ( 'NONE',  ( 3.409999999999998810, 0.3099999999999999978, 0.1250000000000001110 ) ) ;
#5859 = SURFACE_STYLE_FILL_AREA ( #11111 ) ;
#5860 = EDGE_CURVE ( 'NONE', #7819, #10896, #5136, .T. ) ;
#5861 = DIRECTION ( 'NONE',  ( 1.000000000000000000, -0.000000000000000000, 0.000000000000000000 ) ) ;
#5862 = DIRECTION ( 'NONE',  ( -3.491481338843133355E-15, 0.000000000000000000, -1.000000000000000000 ) ) ;
#5863 = CARTESIAN_POINT ( 'NONE',  ( 6.985000000000000320, -0.1000000000000000056, 0.4952999999999996295 ) ) ;
#5864 = EDGE_CURVE ( 'NONE', #6625, #3304, #1210, .T. ) ;
#5865 = FACE_BOUND ( 'NONE', #5116, .T. ) ;
#5866 = ORIENTED_EDGE ( 'NONE', *, *, #2979, .F. ) ;
#5867 = EDGE_CURVE ( 'NONE', #11318, #6594, #9558, .T. ) ;
#5868 = AXIS2_PLACEMENT_3D ( 'NONE', #3260, #231, #5233 ) ;
#5869 = VECTOR ( 'NONE', #6961, 1000.000000000000000 ) ;
#5870 = ORIENTED_EDGE ( 'NONE', *, *, #7118, .T. ) ;
#5871 = FACE_OUTER_BOUND ( 'NONE', #3035, .T. ) ;
#5872 = EDGE_CURVE ( 'NONE', #6949, #11775, #1024, .T. ) ;
#5873 = CARTESIAN_POINT ( 'NONE',  ( -0.8950000000000000178, 1.399999999999999911, 1.180000000000000160 ) ) ;
#5874 = DIRECTION ( 'NONE',  ( 0.000000000000000000, 0.000000000000000000, 1.000000000000000000 ) ) ;
#5875 = CARTESIAN_POINT ( 'NONE',  ( -1.430000000000000160, 1.449999999999999956, 0.000000000000000000 ) ) ;
#5876 = CARTESIAN_POINT ( 'NONE',  ( 0.4398837366478682287, 0.3099999999999999978, 0.1250000000000003331 ) ) ;
#5877 = DIRECTION ( 'NONE',  ( -1.000000000000000000, 0.000000000000000000, 0.000000000000000000 ) ) ;
#5878 = AXIS2_PLACEMENT_3D ( 'NONE', #1103, #5916, #7838 ) ;
#5879 = ORIENTED_EDGE ( 'NONE', *, *, #4142, .F. ) ;
#5880 = FACE_OUTER_BOUND ( 'NONE', #10404, .T. ) ;
#5881 = DIRECTION ( 'NONE',  ( 0.000000000000000000, 1.000000000000000000, 0.000000000000000000 ) ) ;
#5882 = ORIENTED_EDGE ( 'NONE', *, *, #8493, .F. ) ;
#5883 = EDGE_CURVE ( 'NONE', #9849, #10609, #9591, .T. ) ;
#5884 = ORIENTED_EDGE ( 'NONE', *, *, #1442, .T. ) ;
#5885 = VECTOR ( 'NONE', #1307, 1000.000000000000000 ) ;
#5886 = DIRECTION ( 'NONE',  ( 0.000000000000000000, 0.000000000000000000, 1.000000000000000000 ) ) ;
#5887 = ORIENTED_EDGE ( 'NONE', *, *, #10964, .F. ) ;
#5888 = MANIFOLD_SOLID_BREP ( 'Boss-Extrude7[2]', #720 ) ;
#5889 = STYLED_ITEM ( 'NONE', ( #5486 ), #12218 ) ;
#5890 = AXIS2_PLACEMENT_3D ( 'NONE', #7101, #6849, #8137 ) ;
#5891 = LINE ( 'NONE', #5258, #5931 ) ;
#5892 = LINE ( 'NONE', #6413, #1648 ) ;
#5893 = PLANE ( 'NONE',  #8178 ) ;
#5894 = MECHANICAL_DESIGN_GEOMETRIC_PRESENTATION_REPRESENTATION (  '', ( #2935 ), #786 ) ;
#5895 = CARTESIAN_POINT ( 'NONE',  ( -5.714999999999998970, -0.1000000000000000472, -0.5406000000000004135 ) ) ;
#5896 = CARTESIAN_POINT ( 'NONE',  ( -0.2049999999999999878, 0.1000000000000000056, -1.000000000000000000 ) ) ;
#5897 = CLOSED_SHELL ( 'NONE', ( #707, #7311, #5787, #594, #11465, #12532, #8185, #2826, #5015, #375, #10258, #8834, #11777, #4506, #596, #10732, #2524 ) ) ;
#5898 = CARTESIAN_POINT ( 'NONE',  ( -1.269999999999999352, -3.719604614807106024, 8.890000000000000568 ) ) ;
#5899 = CARTESIAN_POINT ( 'NONE',  ( -0.6949999999999999512, 1.500000000000000000, 1.180000000000000160 ) ) ;
#5900 = DIRECTION ( 'NONE',  ( -1.000000000000000000, 0.000000000000000000, 1.100712865467517941E-16 ) ) ;
#5901 = FACE_OUTER_BOUND ( 'NONE', #2612, .T. ) ;
#5902 = ORIENTED_EDGE ( 'NONE', *, *, #4420, .T. ) ;
#5903 = ORIENTED_EDGE ( 'NONE', *, *, #10254, .T. ) ;
#5904 = VECTOR ( 'NONE', #1885, 1000.000000000000000 ) ;
#5905 = CARTESIAN_POINT ( 'NONE',  ( -4.159999999999998366, 1.421954445729287864, -3.474999999999999645 ) ) ;
#5906 = EDGE_LOOP ( 'NONE', ( #2621, #1481, #4653, #9190 ) ) ;
#5907 = CIRCLE ( 'NONE', #6425, 1.650000000000000355 ) ;
#5908 = CARTESIAN_POINT ( 'NONE',  ( 3.126492742644174871, 0.6712002005156360029, 2.026492742644174783 ) ) ;
#5909 = CARTESIAN_POINT ( 'NONE',  ( 1.750000000000000000, 0.2999999999999999889, -1.750000000000000000 ) ) ;
#5910 = AXIS2_PLACEMENT_3D ( 'NONE', #6740, #5701, #12324 ) ;
#5911 = PLANE ( 'NONE',  #3963 ) ;
#5912 = EDGE_CURVE ( 'NONE', #9006, #3261, #4969, .T. ) ;
#5913 = EDGE_LOOP ( 'NONE', ( #4449, #2286, #10294, #3549 ) ) ;
#5914 = VECTOR ( 'NONE', #3025, 1000.000000000000000 ) ;
#5915 = VECTOR ( 'NONE', #788, 1000.000000000000000 ) ;
#5916 = DIRECTION ( 'NONE',  ( 0.000000000000000000, 0.000000000000000000, 1.000000000000000000 ) ) ;
#5917 = EDGE_CURVE ( 'NONE', #7383, #10728, #4991, .T. ) ;
#5918 = DIRECTION ( 'NONE',  ( -0.000000000000000000, -1.000000000000000000, -0.000000000000000000 ) ) ;
#5919 = CARTESIAN_POINT ( 'NONE',  ( -4.410000000000001030, 0.5000000000000000000, -3.474999999999999645 ) ) ;
#5921 = ORIENTED_EDGE ( 'NONE', *, *, #6861, .F. ) ;
#5920 = CARTESIAN_POINT ( 'NONE',  ( -0.9700000000000001954, 0.5000000000000000000, -0.03499999999999965639 ) ) ;
#5922 = ADVANCED_FACE ( 'NONE', ( #903 ), #2764, .F. ) ;
#5923 = CARTESIAN_POINT ( 'NONE',  ( 4.209999999999999076, 0.3499999999999997002, -1.185000000000000275 ) ) ;
#5924 = CARTESIAN_POINT ( 'NONE',  ( -3.460000000000000409, 0.000000000000000000, -2.875000000000000000 ) ) ;
#5925 = DIRECTION ( 'NONE',  ( 0.000000000000000000, 0.000000000000000000, -1.000000000000000000 ) ) ;
#5926 = ORIENTED_EDGE ( 'NONE', *, *, #9459, .T. ) ;
#5927 = VECTOR ( 'NONE', #10325, 1000.000000000000000 ) ;
#5928 = CARTESIAN_POINT ( 'NONE',  ( -0.2049999999999999878, 0.000000000000000000, -0.4000000000000000222 ) ) ;
#5929 = CARTESIAN_POINT ( 'NONE',  ( -6.984999999999999432, 0.000000000000000000, -0.5406000000000005246 ) ) ;
#5930 = ORIENTED_EDGE ( 'NONE', *, *, #6564, .F. ) ;
#5931 = VECTOR ( 'NONE', #10072, 1000.000000000000000 ) ;
#5932 = LINE ( 'NONE', #8355, #5618 ) ;
#5933 = DIRECTION ( 'NONE',  ( 0.000000000000000000, 0.000000000000000000, -1.000000000000000000 ) ) ;
#5934 = EDGE_CURVE ( 'NONE', #9283, #7853, #808, .T. ) ;
#5935 = EDGE_LOOP ( 'NONE', ( #4474, #4110, #3056, #3932 ) ) ;
#5936 = AXIS2_PLACEMENT_3D ( 'NONE', #1791, #3740, #8995 ) ;
#5937 = DIRECTION ( 'NONE',  ( 1.000000000000000000, -0.000000000000000000, -0.000000000000000000 ) ) ;
#5938 = VECTOR ( 'NONE', #4311, 1000.000000000000000 ) ;
#5939 = VERTEX_POINT ( 'NONE', #6488 ) ;
#5940 = AXIS2_PLACEMENT_3D ( 'NONE', #9244, #11145, #5510 ) ;
#5941 = CLOSED_SHELL ( 'NONE', ( #1340, #1454, #6350, #8642, #8799, #8234 ) ) ;
#5942 = LINE ( 'NONE', #5535, #10373 ) ;
#5943 = ORIENTED_EDGE ( 'NONE', *, *, #66, .T. ) ;
#5944 = EDGE_CURVE ( 'NONE', #7698, #942, #5540, .T. ) ;
#5945 =( NAMED_UNIT ( * ) PLANE_ANGLE_UNIT ( ) SI_UNIT ( $, .RADIAN. ) );
#5946 = ADVANCED_FACE ( 'NONE', ( #9851 ), #5697, .F. ) ;
#5947 = UNCERTAINTY_MEASURE_WITH_UNIT (LENGTH_MEASURE( 1.000000000000000082E-05 ), #6065, 'distance_accuracy_value', 'NONE');
#5948 = AXIS2_PLACEMENT_3D ( 'NONE', #3744, #4771, #721 ) ;
#5949 = CARTESIAN_POINT ( 'NONE',  ( 6.985000000000000320, -0.1000000000000000056, 0.4952999999999996295 ) ) ;
#5950 = PLANE ( 'NONE',  #7171 ) ;
#5951 = ADVANCED_FACE ( 'NONE', ( #9985 ), #9931, .T. ) ;
#5952 = DIRECTION ( 'NONE',  ( -1.000000000000000000, 0.000000000000000000, 0.000000000000000000 ) ) ;
#5953 = PLANE ( 'NONE',  #5890 ) ;
#5954 = DIRECTION ( 'NONE',  ( -0.000000000000000000, -0.000000000000000000, 1.000000000000000000 ) ) ;
#5955 = MANIFOLD_SOLID_BREP ( 'Boss-Extrude4[1]', #3102 ) ;
#5956 = DIRECTION ( 'NONE',  ( 1.000000000000000000, 0.000000000000000000, 0.000000000000000000 ) ) ;
#5957 = DIRECTION ( 'NONE',  ( 3.491481338843133355E-15, 0.000000000000000000, 1.000000000000000000 ) ) ;
#5958 = AXIS2_PLACEMENT_3D ( 'NONE', #4486, #442, #3458 ) ;
#5959 = DIRECTION ( 'NONE',  ( -0.000000000000000000, 1.000000000000000000, 1.084202172485506209E-15 ) ) ;
#5960 = EDGE_LOOP ( 'NONE', ( #3285, #2322, #11447, #661 ) ) ;
#5961 = VECTOR ( 'NONE', #11476, 1000.000000000000000 ) ;
#5962 = ORIENTED_EDGE ( 'NONE', *, *, #5965, .F. ) ;
#5963 = ORIENTED_EDGE ( 'NONE', *, *, #4310, .F. ) ;
#5964 = CARTESIAN_POINT ( 'NONE',  ( 3.810000000000000941, -1.570000000000000062, 8.890000000000000568 ) ) ;
#5965 = EDGE_CURVE ( 'NONE', #2789, #11129, #9774, .T. ) ;
#5966 = VERTEX_POINT ( 'NONE', #1186 ) ;
#5967 = EDGE_CURVE ( 'NONE', #10573, #7085, #9741, .T. ) ;
#5968 = VECTOR ( 'NONE', #6685, 1000.000000000000000 ) ;
#5969 = EDGE_CURVE ( 'NONE', #7885, #5740, #5500, .T. ) ;
#5970 = ADVANCED_FACE ( 'NONE', ( #9684 ), #2917, .T. ) ;
#5971 = DIRECTION ( 'NONE',  ( 0.000000000000000000, 0.000000000000000000, 1.000000000000000000 ) ) ;
#5972 = PLANE ( 'NONE',  #5449 ) ;
#5973 = DIRECTION ( 'NONE',  ( 0.000000000000000000, 0.000000000000000000, -1.000000000000000000 ) ) ;
#5974 = CARTESIAN_POINT ( 'NONE',  ( 6.350000000000001421, -3.719604614807106024, 9.650000000000000355 ) ) ;
#5975 = ORIENTED_EDGE ( 'NONE', *, *, #10359, .T. ) ;
#5976 = CARTESIAN_POINT ( 'NONE',  ( 6.985000000000000320, -0.1000000000000000056, -0.3174999999999996714 ) ) ;
#5977 = CARTESIAN_POINT ( 'NONE',  ( -3.809999999999999609, 0.000000000000000000, 8.890000000000000568 ) ) ;
#5978 = CARTESIAN_POINT ( 'NONE',  ( 3.810000000000000941, 0.000000000000000000, 8.380000000000000782 ) ) ;
#5979 = CARTESIAN_POINT ( 'NONE',  ( 6.350000000000001421, -1.570000000000000284, 8.890000000000000568 ) ) ;
#5980 = PRESENTATION_LAYER_ASSIGNMENT (  '', '', ( #4661 ) ) ;
#5981 = VECTOR ( 'NONE', #10295, 1000.000000000000000 ) ;
#5982 = VERTEX_POINT ( 'NONE', #7066 ) ;
#5983 = ORIENTED_EDGE ( 'NONE', *, *, #4300, .F. ) ;
#5984 = PLANE ( 'NONE',  #9757 ) ;
#5985 = VERTEX_POINT ( 'NONE', #7930 ) ;
#5986 = EDGE_CURVE ( 'NONE', #6705, #8919, #5695, .T. ) ;
#5987 = CARTESIAN_POINT ( 'NONE',  ( -5.714999999999998970, 0.000000000000000000, -1.364399999999998947 ) ) ;
#5988 = EDGE_CURVE ( 'NONE', #4693, #12387, #5722, .T. ) ;
#5989 = EDGE_CURVE ( 'NONE', #4208, #518, #5517, .T. ) ;
#5990 = CARTESIAN_POINT ( 'NONE',  ( 1.270000000000000018, 1.399999999999999911, 0.000000000000000000 ) ) ;
#5991 = STYLED_ITEM ( 'NONE', ( #10089 ), #10088 ) ;
#5992 = ORIENTED_EDGE ( 'NONE', *, *, #1393, .F. ) ;
#5993 = VECTOR ( 'NONE', #6402, 1000.000000000000000 ) ;
#5994 = CIRCLE ( 'NONE', #8221, 0.5100000000000000089 ) ;
#5995 = DIRECTION ( 'NONE',  ( 1.000000000000000000, -0.000000000000000000, 0.000000000000000000 ) ) ;
#5996 = PLANE ( 'NONE',  #5174 ) ;
#5997 = CARTESIAN_POINT ( 'NONE',  ( 3.074323956622009746, 0.2999999999999999889, -1.974323956622009879 ) ) ;
#5998 = VERTEX_POINT ( 'NONE', #4224 ) ;
#5999 = AXIS2_PLACEMENT_3D ( 'NONE', #1284, #2167, #8838 ) ;
#6000 = DIRECTION ( 'NONE',  ( 0.000000000000000000, 0.000000000000000000, 1.000000000000000000 ) ) ;
#6001 = ORIENTED_EDGE ( 'NONE', *, *, #9658, .F. ) ;
#6002 = LINE ( 'NONE', #2662, #10041 ) ;
#6003 = DIRECTION ( 'NONE',  ( 1.000000000000000000, 0.000000000000000000, 0.000000000000000000 ) ) ;
#6004 = DIRECTION ( 'NONE',  ( -0.000000000000000000, 1.000000000000000000, 1.084202172485506209E-15 ) ) ;
#6005 = EDGE_LOOP ( 'NONE', ( #12170, #6084 ) ) ;
#6006 = CARTESIAN_POINT ( 'NONE',  ( -0.9700000000000001954, 0.000000000000000000, -1.234999999999999876 ) ) ;
#6007 = DIRECTION ( 'NONE',  ( 1.000000000000000000, 0.000000000000000000, 1.707404996040164018E-16 ) ) ;
#6008 = EDGE_CURVE ( 'NONE', #10275, #8884, #1545, .T. ) ;
#6009 = VECTOR ( 'NONE', #11314, 1000.000000000000000 ) ;
#6010 = EDGE_CURVE ( 'NONE', #28, #12587, #1468, .T. ) ;
#6011 = AXIS2_PLACEMENT_3D ( 'NONE', #12411, #10513, #1754 ) ;
#6012 = CARTESIAN_POINT ( 'NONE',  ( -6.349999999999999645, -3.719604614807106024, 8.890000000000000568 ) ) ;
#6013 = ORIENTED_EDGE ( 'NONE', *, *, #515, .T. ) ;
#6014 = CARTESIAN_POINT ( 'NONE',  ( 1.214999999999999858, 0.1000000000000000056, 1.000000000000000000 ) ) ;
#6015 = SURFACE_STYLE_FILL_AREA ( #8652 ) ;
#6016 = EDGE_CURVE ( 'NONE', #7882, #7414, #1503, .T. ) ;
#6017 = EDGE_LOOP ( 'NONE', ( #3939, #4133, #7805, #3702 ) ) ;
#6018 = ADVANCED_FACE ( 'NONE', ( #5575 ), #5810, .F. ) ;
#6019 = ADVANCED_FACE ( 'NONE', ( #1369 ), #5769, .T. ) ;
#6020 = ORIENTED_EDGE ( 'NONE', *, *, #8263, .T. ) ;
#6021 = FACE_OUTER_BOUND ( 'NONE', #6444, .T. ) ;
#6022 = ORIENTED_EDGE ( 'NONE', *, *, #3128, .F. ) ;
#6023 = DIRECTION ( 'NONE',  ( 0.000000000000000000, -1.000000000000000000, 0.000000000000000000 ) ) ;
#6024 = CARTESIAN_POINT ( 'NONE',  ( -1.214999999999999858, 0.1000000000000000056, -0.4000000000000000222 ) ) ;
#6025 = PLANE ( 'NONE',  #5342 ) ;
#6026 = LINE ( 'NONE', #3379, #10401 ) ;
#6027 = CARTESIAN_POINT ( 'NONE',  ( 5.714999999999999858, -0.1000000000000000056, -0.9524999999999999023 ) ) ;
#6028 = CARTESIAN_POINT ( 'NONE',  ( 0.000000000000000000, 0.1000000000000000056, 0.000000000000000000 ) ) ;
#6029 = EDGE_CURVE ( 'NONE', #3999, #8572, #1391, .T. ) ;
#6030 = ORIENTED_EDGE ( 'NONE', *, *, #5107, .F. ) ;
#6031 = AXIS2_PLACEMENT_3D ( 'NONE', #4348, #384, #3986 ) ;
#6032 = VECTOR ( 'NONE', #616, 1000.000000000000000 ) ;
#6033 = ORIENTED_EDGE ( 'NONE', *, *, #4814, .F. ) ;
#6034 = EDGE_CURVE ( 'NONE', #9856, #11980, #5741, .T. ) ;
#6035 = VERTEX_POINT ( 'NONE', #3006 ) ;
#6036 = VECTOR ( 'NONE', #11165, 1000.000000000000000 ) ;
#6037 = VERTEX_POINT ( 'NONE', #6737 ) ;
#6038 = DIRECTION ( 'NONE',  ( -0.000000000000000000, -1.000000000000000000, -0.000000000000000000 ) ) ;
#6039 = ADVANCED_FACE ( 'NONE', ( #1582 ), #5792, .F. ) ;
#6040 = PRESENTATION_STYLE_ASSIGNMENT (( #6762 ) ) ;
#6041 = ADVANCED_FACE ( 'NONE', ( #5417 ), #4041, .F. ) ;
#6042 = CARTESIAN_POINT ( 'NONE',  ( 3.409999999999998810, 0.000000000000000000, -1.434999999999999831 ) ) ;
#6043 = CARTESIAN_POINT ( 'NONE',  ( 0.000000000000000000, 1.550000000000000044, 0.000000000000000000 ) ) ;
#6044 = CARTESIAN_POINT ( 'NONE',  ( -6.984999999999999432, -1.519903165712366722, 0.09439999999999945657 ) ) ;
#6045 = DIRECTION ( 'NONE',  ( 0.000000000000000000, 1.000000000000000000, 0.000000000000000000 ) ) ;
#6046 = DIRECTION ( 'NONE',  ( 0.000000000000000000, -1.000000000000000000, 0.000000000000000000 ) ) ;
#6047 = EDGE_LOOP ( 'NONE', ( #6403, #4992 ) ) ;
#6048 = DIRECTION ( 'NONE',  ( -0.1378445374916290045, -0.9808148484639889197, 0.1378445374916290045 ) ) ;
#6049 = SURFACE_STYLE_USAGE ( .BOTH. , #5320 ) ;
#6050 = CARTESIAN_POINT ( 'NONE',  ( -0.9700000000000001954, 0.5000000000000000000, -1.234999999999999876 ) ) ;
#6051 = FACE_OUTER_BOUND ( 'NONE', #3770, .T. ) ;
#6052 = ORIENTED_EDGE ( 'NONE', *, *, #3480, .T. ) ;
#6053 = CARTESIAN_POINT ( 'NONE',  ( 0.000000000000000000, -0.1000000000000000056, 0.000000000000000000 ) ) ;
#6054 = ORIENTED_EDGE ( 'NONE', *, *, #3864, .F. ) ;
#6055 = LINE ( 'NONE', #565, #10271 ) ;
#6056 = CARTESIAN_POINT ( 'NONE',  ( -3.207837749589280030, 1.250000000000000000, 1.199999999999999956 ) ) ;
#6057 = ORIENTED_EDGE ( 'NONE', *, *, #7718, .F. ) ;
#6058 = CARTESIAN_POINT ( 'NONE',  ( -1.570000000000000062, 0.5000000000000000000, -0.03499999999999965639 ) ) ;
#6059 = CARTESIAN_POINT ( 'NONE',  ( 1.814999999999999947, 0.1000000000000000056, 1.000000000000000000 ) ) ;
#6060 = ADVANCED_FACE ( 'NONE', ( #1406 ), #5646, .T. ) ;
#6061 = AXIS2_PLACEMENT_3D ( 'NONE', #9868, #1139, #10767 ) ;
#6062 = VERTEX_POINT ( 'NONE', #5997 ) ;
#6063 = VECTOR ( 'NONE', #1552, 1000.000000000000000 ) ;
#6064 = DIRECTION ( 'NONE',  ( 0.000000000000000000, 1.000000000000000000, 0.000000000000000000 ) ) ;
#6065 =( LENGTH_UNIT ( ) NAMED_UNIT ( * ) SI_UNIT ( .MILLI., .METRE. ) );
#6066 = DIRECTION ( 'NONE',  ( -3.491481338843133355E-15, 0.000000000000000000, -1.000000000000000000 ) ) ;
#6067 = VERTEX_POINT ( 'NONE', #2136 ) ;
#6068 = DIRECTION ( 'NONE',  ( 1.000000000000000000, 0.000000000000000000, 0.000000000000000000 ) ) ;
#6069 = ORIENTED_EDGE ( 'NONE', *, *, #12563, .T. ) ;
#6070 = DIRECTION ( 'NONE',  ( 0.000000000000000000, 0.000000000000000000, 1.000000000000000000 ) ) ;
#6071 = DIRECTION ( 'NONE',  ( 1.000000000000000000, 0.000000000000000000, 0.000000000000000000 ) ) ;
#6072 = ORIENTED_EDGE ( 'NONE', *, *, #6098, .T. ) ;
#6073 = CARTESIAN_POINT ( 'NONE',  ( 4.359999999999997655, 0.03999999999999999389, -3.575000000000001954 ) ) ;
#6074 = AXIS2_PLACEMENT_3D ( 'NONE', #1439, #5210, #12032 ) ;
#6075 = CARTESIAN_POINT ( 'NONE',  ( 0.000000000000000000, 0.1000000000000000056, 0.000000000000000000 ) ) ;
#6076 = COLOUR_RGB ( '',0.5019607843137254832, 0.5019607843137254832, 0.5019607843137254832 ) ;
#6077 =( GEOMETRIC_REPRESENTATION_CONTEXT ( 3 ) GLOBAL_UNCERTAINTY_ASSIGNED_CONTEXT ( ( #11474 ) ) GLOBAL_UNIT_ASSIGNED_CONTEXT ( ( #12090, #7517, #11230 ) ) REPRESENTATION_CONTEXT ( 'NONE', 'WORKASPACE' ) );
#6078 = DIRECTION ( 'NONE',  ( -1.000000000000000000, 0.000000000000000000, 0.000000000000000000 ) ) ;
#6079 = ORIENTED_EDGE ( 'NONE', *, *, #10168, .F. ) ;
#6080 = EDGE_CURVE ( 'NONE', #11592, #2175, #5438, .T. ) ;
#6081 = CARTESIAN_POINT ( 'NONE',  ( -2.232161706211294838, 2.899999999999999911, 1.932161706211294794 ) ) ;
#6082 = DIRECTION ( 'NONE',  ( 1.000000000000000000, 0.000000000000000000, 0.000000000000000000 ) ) ;
#6083 = VECTOR ( 'NONE', #2361, 1000.000000000000000 ) ;
#6084 = ORIENTED_EDGE ( 'NONE', *, *, #3532, .T. ) ;
#6085 = ORIENTED_EDGE ( 'NONE', *, *, #11745, .T. ) ;
#6086 = LINE ( 'NONE', #6877, #5869 ) ;
#6087 = EDGE_LOOP ( 'NONE', ( #11427, #3523, #12003, #3896 ) ) ;
#6088 = CARTESIAN_POINT ( 'NONE',  ( -3.809999999999999609, -1.570000000000000284, 8.130000000000000782 ) ) ;
#6089 = SHAPE_REPRESENTATION_RELATIONSHIP ( 'NONE' , 'NONE' ,  #12489, #3308 ) ;
#6090 = DIRECTION ( 'NONE',  ( 0.000000000000000000, 0.000000000000000000, -1.000000000000000000 ) ) ;
#6091 = CARTESIAN_POINT ( 'NONE',  ( -3.649999999999999911, 1.149999999999999911, 1.199999999999999956 ) ) ;
#6092 = DIRECTION ( 'NONE',  ( 0.000000000000000000, -1.000000000000000000, 0.000000000000000000 ) ) ;
#6093 = DIRECTION ( 'NONE',  ( 0.000000000000000000, 0.000000000000000000, -1.000000000000000000 ) ) ;
#6094 = CARTESIAN_POINT ( 'NONE',  ( 0.2049999999999999878, 0.1000000000000000056, -0.4000000000000000222 ) ) ;
#6095 = DIRECTION ( 'NONE',  ( 0.000000000000000000, 0.000000000000000000, -1.000000000000000000 ) ) ;
#6096 = EDGE_CURVE ( 'NONE', #12377, #8334, #5460, .T. ) ;
#6097 = CARTESIAN_POINT ( 'NONE',  ( -3.809999999999999609, 0.000000000000000000, 8.890000000000000568 ) ) ;
#6098 = EDGE_CURVE ( 'NONE', #8632, #2642, #9650, .T. ) ;
#6099 = ORIENTED_EDGE ( 'NONE', *, *, #2274, .T. ) ;
#6100 = EDGE_CURVE ( 'NONE', #4821, #2705, #6136, .T. ) ;
#6101 = EDGE_CURVE ( 'NONE', #7906, #2033, #5841, .T. ) ;
#6102 = EDGE_CURVE ( 'NONE', #6896, #3058, #6121, .T. ) ;
#6103 = ORIENTED_EDGE ( 'NONE', *, *, #236, .T. ) ;
#6104 = ADVANCED_FACE ( 'NONE', ( #1971 ), #4399, .T. ) ;
#6105 = EDGE_CURVE ( 'NONE', #528, #5117, #1838, .T. ) ;
#6106 = ADVANCED_FACE ( 'NONE', ( #10036 ), #6433, .F. ) ;
#6107 = ORIENTED_EDGE ( 'NONE', *, *, #5721, .T. ) ;
#6108 = VECTOR ( 'NONE', #4882, 1000.000000000000000 ) ;
#6109 = PLANE ( 'NONE',  #7024 ) ;
#6110 = VERTEX_POINT ( 'NONE', #3639 ) ;
#6111 = LINE ( 'NONE', #11224, #10362 ) ;
#6112 = EDGE_CURVE ( 'NONE', #11271, #9006, #10157, .T. ) ;
#6113 = DIRECTION ( 'NONE',  ( 0.000000000000000000, -1.000000000000000000, 0.000000000000000000 ) ) ;
#6114 = FILL_AREA_STYLE ('',( #9968 ) ) ;
#6115 = CARTESIAN_POINT ( 'NONE',  ( 3.649999999999999911, 1.149999999999999911, 1.199999999999999956 ) ) ;
#6116 = ORIENTED_EDGE ( 'NONE', *, *, #6974, .T. ) ;
#6117 = CARTESIAN_POINT ( 'NONE',  ( -5.714999999999998970, -1.519903165712366722, -1.364399999999998947 ) ) ;
#6118 = CARTESIAN_POINT ( 'NONE',  ( 1.669999999999999929, -3.407492542097300425E-16, -1.184999999999999831 ) ) ;
#6119 = DIRECTION ( 'NONE',  ( 0.000000000000000000, 1.000000000000000000, 0.000000000000000000 ) ) ;
#6120 = COLOUR_RGB ( '',1.000000000000000000, 0.8117647058823529438, 0.5019607843137254832 ) ;
#6121 = LINE ( 'NONE', #2369, #10342 ) ;
#6122 = EDGE_CURVE ( 'NONE', #10583, #10548, #1876, .T. ) ;
#6123 = VERTEX_POINT ( 'NONE', #12351 ) ;
#6124 = DIRECTION ( 'NONE',  ( -1.000000000000000000, 0.000000000000000000, -1.707404996040164018E-16 ) ) ;
#6125 = ORIENTED_EDGE ( 'NONE', *, *, #6769, .T. ) ;
#6126 =( GEOMETRIC_REPRESENTATION_CONTEXT ( 3 ) GLOBAL_UNCERTAINTY_ASSIGNED_CONTEXT ( ( #5947 ) ) GLOBAL_UNIT_ASSIGNED_CONTEXT ( ( #6065, #8888, #5844 ) ) REPRESENTATION_CONTEXT ( 'NONE', 'WORKASPACE' ) );
#6127 = VECTOR ( 'NONE', #2401, 1000.000000000000000 ) ;
#6128 = SURFACE_STYLE_USAGE ( .BOTH. , #4560 ) ;
#6129 = CLOSED_SHELL ( 'NONE', ( #3581, #5970, #10664, #1742, #3493, #1131 ) ) ;
#6130 = ADVANCED_FACE ( 'NONE', ( #10115 ), #11217, .T. ) ;
#6131 = CARTESIAN_POINT ( 'NONE',  ( -0.2049999999999999878, 0.000000000000000000, 1.000000000000000000 ) ) ;
#6132 = ADVANCED_FACE ( 'NONE', ( #1989 ), #12079, .F. ) ;
#6133 = CARTESIAN_POINT ( 'NONE',  ( -0.7449999999999999956, 1.500000000000000000, 1.180000000000000160 ) ) ;
#6134 = FACE_OUTER_BOUND ( 'NONE', #1443, .T. ) ;
#6135 = ORIENTED_EDGE ( 'NONE', *, *, #1319, .T. ) ;
#6136 = LINE ( 'NONE', #2629, #5915 ) ;
#6137 = AXIS2_PLACEMENT_3D ( 'NONE', #6248, #10855, #306 ) ;
#6138 = DIRECTION ( 'NONE',  ( 0.000000000000000000, -1.000000000000000000, 0.000000000000000000 ) ) ;
#6139 = ORIENTED_EDGE ( 'NONE', *, *, #5419, .F. ) ;
#6140 = CARTESIAN_POINT ( 'NONE',  ( 0.000000000000000000, 0.000000000000000000, 0.000000000000000000 ) ) ;
#6141 = EDGE_LOOP ( 'NONE', ( #7227, #9904, #1841, #5975 ) ) ;
#6142 = DIRECTION ( 'NONE',  ( 0.000000000000000000, 0.000000000000000000, 1.000000000000000000 ) ) ;
#6143 =( NAMED_UNIT ( * ) SI_UNIT ( $, .STERADIAN. ) SOLID_ANGLE_UNIT ( ) );
#6144 = ORIENTED_EDGE ( 'NONE', *, *, #2964, .F. ) ;
#6145 = AXIS2_PLACEMENT_3D ( 'NONE', #7997, #9043, #5397 ) ;
#6146 = CARTESIAN_POINT ( 'NONE',  ( -3.350000000000000089, 1.149999999999999911, -1.199999999999999956 ) ) ;
#6147 = EDGE_CURVE ( 'NONE', #7442, #8498, #6161, .T. ) ;
#6148 = AXIS2_PLACEMENT_3D ( 'NONE', #70, #1980, #7389 ) ;
#6149 = CARTESIAN_POINT ( 'NONE',  ( 2.979883736647867654, 0.3099999999999999978, -1.185000000000000275 ) ) ;
#6150 = CARTESIAN_POINT ( 'NONE',  ( 4.209999999999999076, 0.3499999999999997002, -1.185000000000000275 ) ) ;
#6151 = VECTOR ( 'NONE', #8656, 1000.000000000000000 ) ;
#6152 = PRODUCT_DEFINITION_CONTEXT ( 'detailed design', #9975, 'design' ) ;
#6153 = ADVANCED_FACE ( 'NONE', ( #10310 ), #7505, .F. ) ;
#6154 = CARTESIAN_POINT ( 'NONE',  ( 1.864999999999999991, 0.2000000000000000111, 1.050000000000000044 ) ) ;
#6155 = CARTESIAN_POINT ( 'NONE',  ( -4.159999999999998366, 0.5000000000000000000, -2.875000000000000000 ) ) ;
#6156 = ORIENTED_EDGE ( 'NONE', *, *, #4465, .F. ) ;
#6157 = CARTESIAN_POINT ( 'NONE',  ( 4.444999999999997620, 0.000000000000000000, -3.575000000000002842 ) ) ;
#6158 = DIRECTION ( 'NONE',  ( 0.000000000000000000, 1.000000000000000000, 0.000000000000000000 ) ) ;
#6159 = AXIS2_PLACEMENT_3D ( 'NONE', #8042, #1053, #968 ) ;
#6160 = LINE ( 'NONE', #10445, #1851 ) ;
#6161 = LINE ( 'NONE', #6518, #6032 ) ;
#6162 = ORIENTED_EDGE ( 'NONE', *, *, #4838, .F. ) ;
#6163 = ORIENTED_EDGE ( 'NONE', *, *, #4310, .T. ) ;
#6164 = AXIS2_PLACEMENT_3D ( 'NONE', #5414, #1698, #7500 ) ;
#6165 = CLOSED_SHELL ( 'NONE', ( #2418, #3577, #2757, #10039, #9925, #1315 ) ) ;
#6166 =( LENGTH_UNIT ( ) NAMED_UNIT ( * ) SI_UNIT ( .MILLI., .METRE. ) );
#6167 = AXIS2_PLACEMENT_3D ( 'NONE', #11316, #7599, #5733 ) ;
#6168 = DIRECTION ( 'NONE',  ( 0.000000000000000000, 1.000000000000000000, 0.000000000000000000 ) ) ;
#6169 = CARTESIAN_POINT ( 'NONE',  ( 5.714999999999999858, -0.1000000000000000472, -1.130299999999999194 ) ) ;
#6170 = DIRECTION ( 'NONE',  ( 0.000000000000000000, 0.000000000000000000, 1.000000000000000000 ) ) ;
#6171 = FACE_OUTER_BOUND ( 'NONE', #8444, .T. ) ;
#6172 = DIRECTION ( 'NONE',  ( 0.000000000000000000, 0.000000000000000000, 1.000000000000000000 ) ) ;
#6173 = DIRECTION ( 'NONE',  ( 0.000000000000000000, 1.000000000000000000, 0.000000000000000000 ) ) ;
#6174 = ADVANCED_FACE ( 'NONE', ( #10368 ), #9565, .F. ) ;
#6175 = ORIENTED_EDGE ( 'NONE', *, *, #1319, .F. ) ;
#6176 = LINE ( 'NONE', #4240, #2004 ) ;
#6177 = ORIENTED_EDGE ( 'NONE', *, *, #10880, .F. ) ;
#6178 = VERTEX_POINT ( 'NONE', #8475 ) ;
#6179 = LINE ( 'NONE', #10489, #1844 ) ;
#6180 = CARTESIAN_POINT ( 'NONE',  ( 0.000000000000000000, 1.399999999999999911, 0.000000000000000000 ) ) ;
#6181 = VERTEX_POINT ( 'NONE', #9489 ) ;
#6182 = CARTESIAN_POINT ( 'NONE',  ( -5.080000000000000071, 0.000000000000000000, -5.969999999999999751 ) ) ;
#6183 = DIRECTION ( 'NONE',  ( 0.000000000000000000, 1.000000000000000000, 0.000000000000000000 ) ) ;
#6184 = DIRECTION ( 'NONE',  ( 0.000000000000000000, -1.000000000000000000, -0.000000000000000000 ) ) ;
#6185 = DIRECTION ( 'NONE',  ( 0.000000000000000000, 1.000000000000000000, 0.000000000000000000 ) ) ;
#6186 = EDGE_CURVE ( 'NONE', #8776, #4007, #1652, .T. ) ;
#6187 = ORIENTED_EDGE ( 'NONE', *, *, #7750, .F. ) ;
#6188 = CARTESIAN_POINT ( 'NONE',  ( 2.979883736647867654, 0.3499999999999997002, -1.185000000000000275 ) ) ;
#6189 = CARTESIAN_POINT ( 'NONE',  ( 3.409999999999998810, 0.3099999999999999978, 0.1250000000000001110 ) ) ;
#6190 = CARTESIAN_POINT ( 'NONE',  ( 1.270000000000000240, -1.570000000000000062, 9.650000000000000355 ) ) ;
#6191 = VECTOR ( 'NONE', #9639, 1000.000000000000000 ) ;
#6192 = ORIENTED_EDGE ( 'NONE', *, *, #3652, .F. ) ;
#6193 = ADVANCED_FACE ( 'NONE', ( #5880, #5865 ), #6277, .F. ) ;
#6194 = EDGE_CURVE ( 'NONE', #7328, #10858, #10328, .T. ) ;
#6195 = ADVANCED_FACE ( 'NONE', ( #5901 ), #11758, .T. ) ;
#6196 = VERTEX_POINT ( 'NONE', #9715 ) ;
#6197 = FACE_BOUND ( 'NONE', #4667, .T. ) ;
#6198 = EDGE_LOOP ( 'NONE', ( #3350, #5094, #5415, #1169 ) ) ;
#6199 = MANIFOLD_SOLID_BREP ( 'Boss-Extrude7[3]', #11524 ) ;
#6200 = PRESENTATION_STYLE_ASSIGNMENT (( #12204 ) ) ;
#6201 = DIRECTION ( 'NONE',  ( 0.000000000000000000, 1.000000000000000000, 0.000000000000000000 ) ) ;
#6202 = DIRECTION ( 'NONE',  ( 1.000000000000000000, 0.000000000000000000, 1.707404996040164018E-16 ) ) ;
#6203 = VECTOR ( 'NONE', #447, 1000.000000000000000 ) ;
#6204 = ORIENTED_EDGE ( 'NONE', *, *, #6974, .F. ) ;
#6205 = AXIS2_PLACEMENT_3D ( 'NONE', #1253, #9059, #5835 ) ;
#6206 = SURFACE_STYLE_FILL_AREA ( #3569 ) ;
#6207 = EDGE_CURVE ( 'NONE', #10775, #11272, #10410, .T. ) ;
#6208 = AXIS2_PLACEMENT_3D ( 'NONE', #11375, #854, #3790 ) ;
#6209 = VERTEX_POINT ( 'NONE', #97 ) ;
#6210 = DIRECTION ( 'NONE',  ( 0.000000000000000000, 0.000000000000000000, 1.000000000000000000 ) ) ;
#6211 = CARTESIAN_POINT ( 'NONE',  ( 1.669999999999999929, 0.3500000000000000333, -0.08499999999999965916 ) ) ;
#6212 = DIRECTION ( 'NONE',  ( 0.000000000000000000, 1.000000000000000000, 0.000000000000000000 ) ) ;
#6213 = VERTEX_POINT ( 'NONE', #1927 ) ;
#6214 = LINE ( 'NONE', #8226, #1730 ) ;
#6215 = CARTESIAN_POINT ( 'NONE',  ( -0.2049999999999999878, 0.1000000000000000056, 0.4000000000000000222 ) ) ;
#6216 = DIRECTION ( 'NONE',  ( 0.000000000000000000, -1.000000000000000000, -1.362997016838921353E-15 ) ) ;
#6217 = ORIENTED_EDGE ( 'NONE', *, *, #1837, .T. ) ;
#6218 = ADVANCED_FACE ( 'NONE', ( #1915 ), #1130, .T. ) ;
#6219 = EDGE_LOOP ( 'NONE', ( #7627, #8372, #11888, #9624 ) ) ;
#6220 = CARTESIAN_POINT ( 'NONE',  ( 0.8699999999999997735, 0.3099999999999999978, 0.1250000000000003331 ) ) ;
#6221 = ADVANCED_FACE ( 'NONE', ( #1928 ), #7780, .F. ) ;
#6222 = EDGE_CURVE ( 'NONE', #6760, #1926, #10177, .T. ) ;
#6223 = VECTOR ( 'NONE', #2085, 1000.000000000000000 ) ;
#6224 = FILL_AREA_STYLE_COLOUR ( '', #3371 ) ;
#6225 = LINE ( 'NONE', #5519, #10652 ) ;
#6227 = EDGE_CURVE ( 'NONE', #7059, #11710, #1950, .T. ) ;
#6226 = VECTOR ( 'NONE', #10637, 1000.000000000000000 ) ;
#6228 = EDGE_LOOP ( 'NONE', ( #6911, #4698, #1255, #6999 ) ) ;
#6229 = CLOSED_SHELL ( 'NONE', ( #3126, #12189, #9907, #8724, #2239, #5922 ) ) ;
#6230 = FACE_BOUND ( 'NONE', #10834, .T. ) ;
#6231 = EDGE_LOOP ( 'NONE', ( #7862, #8169, #11711, #3095 ) ) ;
#6232 = EDGE_CURVE ( 'NONE', #10676, #4602, #1621, .T. ) ;
#6233 = COLOUR_RGB ( '',0.7921568627450980005, 0.8196078431372548767, 0.9333333333333333481 ) ;
#6234 = VERTEX_POINT ( 'NONE', #9860 ) ;
#6235 = DIRECTION ( 'NONE',  ( 0.000000000000000000, 0.000000000000000000, -1.000000000000000000 ) ) ;
#6236 = APPLICATION_CONTEXT ( 'automotive_design' ) ;
#6237 = DIRECTION ( 'NONE',  ( 1.000000000000000000, 0.000000000000000000, -4.517509052022940401E-16 ) ) ;
#6238 = PLANE ( 'NONE',  #6426 ) ;
#6239 = FACE_OUTER_BOUND ( 'NONE', #8472, .T. ) ;
#6240 = EDGE_CURVE ( 'NONE', #10585, #2478, #5994, .T. ) ;
#6241 = CARTESIAN_POINT ( 'NONE',  ( 5.714999999999999858, -0.1000000000000000056, -1.765299999999999203 ) ) ;
#6242 = VECTOR ( 'NONE', #3929, 1000.000000000000000 ) ;
#6243 = ORIENTED_EDGE ( 'NONE', *, *, #443, .F. ) ;
#6244 = AXIS2_PLACEMENT_3D ( 'NONE', #7874, #7964, #11852 ) ;
#6245 = EDGE_CURVE ( 'NONE', #1502, #11601, #10196, .T. ) ;
#6246 = ORIENTED_EDGE ( 'NONE', *, *, #8718, .T. ) ;
#6247 = CIRCLE ( 'NONE', #7593, 1.650000000000000355 ) ;
#6248 = CARTESIAN_POINT ( 'NONE',  ( -3.250000000000000000, 1.550000000000000044, 1.199999999999999956 ) ) ;
#6249 = VERTEX_POINT ( 'NONE', #4750 ) ;
#6250 = EDGE_LOOP ( 'NONE', ( #6669, #4880, #7461, #11009 ) ) ;
#6251 =( NAMED_UNIT ( * ) SI_UNIT ( $, .STERADIAN. ) SOLID_ANGLE_UNIT ( ) );
#6252 = AXIS2_PLACEMENT_3D ( 'NONE', #6024, #2241, #6306 ) ;
#6253 = CARTESIAN_POINT ( 'NONE',  ( -1.969999999999999973, 1.500000000000000000, 1.180000000000000160 ) ) ;
#6254 = CARTESIAN_POINT ( 'NONE',  ( -1.814999999999999947, 0.000000000000000000, 0.4000000000000000222 ) ) ;
#6255 = CARTESIAN_POINT ( 'NONE',  ( 1.814999999999999947, 0.1000000000000000056, 1.000000000000000000 ) ) ;
#6256 = CARTESIAN_POINT ( 'NONE',  ( 5.714999999999999858, 0.000000000000000000, -1.765299999999999203 ) ) ;
#6257 = FACE_OUTER_BOUND ( 'NONE', #1003, .T. ) ;
#6258 = ORIENTED_EDGE ( 'NONE', *, *, #6016, .F. ) ;
#6259 = DIRECTION ( 'NONE',  ( 0.000000000000000000, 1.000000000000000000, 0.000000000000000000 ) ) ;
#6260 = ORIENTED_EDGE ( 'NONE', *, *, #11717, .T. ) ;
#6261 = VECTOR ( 'NONE', #3905, 1000.000000000000000 ) ;
#6262 = PLANE ( 'NONE',  #6269 ) ;
#6263 = ORIENTED_EDGE ( 'NONE', *, *, #10107, .F. ) ;
#6264 = EDGE_LOOP ( 'NONE', ( #4626, #10256, #11929, #1937 ) ) ;
#6265 = DIRECTION ( 'NONE',  ( 0.000000000000000000, 0.000000000000000000, 1.000000000000000000 ) ) ;
#6266 = CARTESIAN_POINT ( 'NONE',  ( 0.000000000000000000, 0.000000000000000000, 0.000000000000000000 ) ) ;
#6267 = CARTESIAN_POINT ( 'NONE',  ( -0.9449999999999999512, 1.550000000000000044, -1.180000000000000160 ) ) ;
#6268 = LINE ( 'NONE', #3553, #1869 ) ;
#6269 = AXIS2_PLACEMENT_3D ( 'NONE', #9470, #3177, #11970 ) ;
#6270 = CARTESIAN_POINT ( 'NONE',  ( -3.432161706211294572, 2.899999999999999911, 1.932161706211294794 ) ) ;
#6271 = MANIFOLD_SOLID_BREP ( 'Sketch-Pattern1[5]', #1918 ) ;
#6272 = AXIS2_PLACEMENT_3D ( 'NONE', #9791, #8746, #5956 ) ;
#6273 = EDGE_CURVE ( 'NONE', #5012, #5183, #6497, .T. ) ;
#6274 = AXIS2_PLACEMENT_3D ( 'NONE', #9329, #3554, #10228 ) ;
#6275 = COLOUR_RGB ( '',0.7921568627450980005, 0.8196078431372548767, 0.9333333333333333481 ) ;
#6276 = LINE ( 'NONE', #5141, #10567 ) ;
#6277 = PLANE ( 'NONE',  #5812 ) ;
#6278 = ORIENTED_EDGE ( 'NONE', *, *, #9732, .F. ) ;
#6279 = ADVANCED_FACE ( 'NONE', ( #6257 ), #6927, .F. ) ;
#6280 = DIRECTION ( 'NONE',  ( -1.000000000000000000, 0.000000000000000000, -0.000000000000000000 ) ) ;
#6281 = PLANE ( 'NONE',  #5198 ) ;
#6282 = CARTESIAN_POINT ( 'NONE',  ( 1.814999999999999947, 0.1000000000000000056, -1.000000000000000000 ) ) ;
#6283 = ADVANCED_FACE ( 'NONE', ( #2255 ), #2404, .T. ) ;
#6284 = EDGE_LOOP ( 'NONE', ( #8422, #2822, #3099, #12609 ) ) ;
#6285 = VECTOR ( 'NONE', #7993, 1000.000000000000000 ) ;
#6286 = PLANE ( 'NONE',  #3098 ) ;
#6287 = ORIENTED_EDGE ( 'NONE', *, *, #4811, .T. ) ;
#6288 = CARTESIAN_POINT ( 'NONE',  ( -3.350000000000000089, 1.149999999999999911, 1.199999999999999956 ) ) ;
#6289 = ORIENTED_EDGE ( 'NONE', *, *, #5736, .T. ) ;
#6290 = CARTESIAN_POINT ( 'NONE',  ( 4.209999999999999076, 0.03999999999999999389, -0.08499999999999989508 ) ) ;
#6291 = CARTESIAN_POINT ( 'NONE',  ( -0.8050000000000000488, 0.1000000000000000056, -1.000000000000000000 ) ) ;
#6292 = SURFACE_SIDE_STYLE ('',( #2553 ) ) ;
#6293 = CIRCLE ( 'NONE', #11885, 0.5100000000000000089 ) ;
#6294 = CARTESIAN_POINT ( 'NONE',  ( 1.050000000000000044, -0.9124355652982150122, 1.050000000000000044 ) ) ;
#6295 = DIRECTION ( 'NONE',  ( 0.000000000000000000, 1.000000000000000000, 0.000000000000000000 ) ) ;
#6296 = CARTESIAN_POINT ( 'NONE',  ( -1.214999999999999858, 0.000000000000000000, 0.4000000000000000222 ) ) ;
#6297 = FACE_OUTER_BOUND ( 'NONE', #3264, .T. ) ;
#6298 = AXIS2_PLACEMENT_3D ( 'NONE', #5629, #11283, #7843 ) ;
#6299 = ORIENTED_EDGE ( 'NONE', *, *, #2158, .T. ) ;
#6300 = ORIENTED_EDGE ( 'NONE', *, *, #8528, .F. ) ;
#6301 = ORIENTED_EDGE ( 'NONE', *, *, #8801, .F. ) ;
#6302 = EDGE_LOOP ( 'NONE', ( #208, #1246, #9226, #9651 ) ) ;
#6303 = PLANE ( 'NONE',  #2202 ) ;
#6304 = DIRECTION ( 'NONE',  ( 0.000000000000000000, 0.000000000000000000, 1.000000000000000000 ) ) ;
#6305 = ADVANCED_FACE ( 'NONE', ( #6297 ), #655, .F. ) ;
#6306 = DIRECTION ( 'NONE',  ( 1.000000000000000000, 0.000000000000000000, 6.324512672832110842E-16 ) ) ;
#6307 = DIRECTION ( 'NONE',  ( 0.000000000000000000, 0.000000000000000000, -1.000000000000000000 ) ) ;
#6308 = SURFACE_SIDE_STYLE ('',( #1861 ) ) ;
#6309 = LINE ( 'NONE', #10073, #10379 ) ;
#6310 = CARTESIAN_POINT ( 'NONE',  ( -1.269999999999999352, 0.000000000000000000, 8.890000000000000568 ) ) ;
#6311 = CARTESIAN_POINT ( 'NONE',  ( -3.649999999999999911, 1.550000000000000044, 2.149999999999999911 ) ) ;
#6312 = CARTESIAN_POINT ( 'NONE',  ( 6.985000000000000320, 0.000000000000000000, -0.1397000000000004072 ) ) ;
#6313 = LINE ( 'NONE', #7251, #6371 ) ;
#6314 = FACE_OUTER_BOUND ( 'NONE', #1774, .T. ) ;
#6315 = ORIENTED_EDGE ( 'NONE', *, *, #3041, .T. ) ;
#6316 = DIRECTION ( 'NONE',  ( 1.000000000000000000, -0.000000000000000000, -0.000000000000000000 ) ) ;
#6317 = ORIENTED_EDGE ( 'NONE', *, *, #1865, .F. ) ;
#6318 = SURFACE_STYLE_FILL_AREA ( #8771 ) ;
#6319 = VERTEX_POINT ( 'NONE', #11166 ) ;
#6320 = VERTEX_POINT ( 'NONE', #8594 ) ;
#6321 = EDGE_CURVE ( 'NONE', #7310, #5435, #10692, .T. ) ;
#6322 = PLANE ( 'NONE',  #3439 ) ;
#6323 = CARTESIAN_POINT ( 'NONE',  ( 0.4398837366478682287, 0.3499999999999997002, -1.185000000000000053 ) ) ;
#6324 = DIRECTION ( 'NONE',  ( 0.000000000000000000, 1.000000000000000000, 0.000000000000000000 ) ) ;
#6325 = DIRECTION ( 'NONE',  ( -4.517509052022940401E-16, 0.000000000000000000, 1.000000000000000000 ) ) ;
#6326 =( LENGTH_UNIT ( ) NAMED_UNIT ( * ) SI_UNIT ( .MILLI., .METRE. ) );
#6327 = CARTESIAN_POINT ( 'NONE',  ( 2.979883736647867654, 0.03999999999999999389, -1.185000000000000053 ) ) ;
#6328 = CARTESIAN_POINT ( 'NONE',  ( 4.569999999999997620, 0.3099999999999999978, -3.575000000000002842 ) ) ;
#6329 = CARTESIAN_POINT ( 'NONE',  ( 1.214999999999999858, 0.000000000000000000, -0.4000000000000000222 ) ) ;
#6330 = AXIS2_PLACEMENT_3D ( 'NONE', #9390, #6585, #10521 ) ;
#6331 = LINE ( 'NONE', #10901, #10468 ) ;
#6332 = VECTOR ( 'NONE', #4884, 1000.000000000000000 ) ;
#6333 = ORIENTED_EDGE ( 'NONE', *, *, #2415, .T. ) ;
#6334 = CARTESIAN_POINT ( 'NONE',  ( 3.409999999999998810, 0.04000000000000000083, 0.1250000000000001110 ) ) ;
#6335 = ORIENTED_EDGE ( 'NONE', *, *, #182, .F. ) ;
#6336 = COLOUR_RGB ( '',1.000000000000000000, 0.8117647058823529438, 0.5019607843137254832 ) ;
#6337 = CARTESIAN_POINT ( 'NONE',  ( 5.714999999999999858, -1.519903165712366722, -0.1397000000000006292 ) ) ;
#6338 = EDGE_LOOP ( 'NONE', ( #3116, #7672, #2908, #7159 ) ) ;
#6339 =( GEOMETRIC_REPRESENTATION_CONTEXT ( 3 ) GLOBAL_UNCERTAINTY_ASSIGNED_CONTEXT ( ( #6344 ) ) GLOBAL_UNIT_ASSIGNED_CONTEXT ( ( #347, #5257, #1328 ) ) REPRESENTATION_CONTEXT ( 'NONE', 'WORKASPACE' ) );
#6340 = SURFACE_STYLE_FILL_AREA ( #11199 ) ;
#6341 = UNCERTAINTY_MEASURE_WITH_UNIT (LENGTH_MEASURE( 1.000000000000000082E-05 ), #7557, 'distance_accuracy_value', 'NONE');
#6342 = VERTEX_POINT ( 'NONE', #7363 ) ;
#6343 = DIRECTION ( 'NONE',  ( 0.000000000000000000, -1.016439536705159026E-15, -1.000000000000000000 ) ) ;
#6344 = UNCERTAINTY_MEASURE_WITH_UNIT (LENGTH_MEASURE( 1.000000000000000082E-05 ), #347, 'distance_accuracy_value', 'NONE');
#6345 = DIRECTION ( 'NONE',  ( -0.000000000000000000, 1.000000000000000000, -1.016439536705159026E-15 ) ) ;
#6346 = CIRCLE ( 'NONE', #11236, 1.650000000000000355 ) ;
#6347 = EDGE_CURVE ( 'NONE', #8288, #8514, #2123, .T. ) ;
#6348 = AXIS2_PLACEMENT_3D ( 'NONE', #6696, #6536, #2640 ) ;
#6349 =( NAMED_UNIT ( * ) SI_UNIT ( $, .STERADIAN. ) SOLID_ANGLE_UNIT ( ) );
#6350 = ADVANCED_FACE ( 'NONE', ( #6314 ), #12120, .F. ) ;
#6351 = VECTOR ( 'NONE', #6965, 1000.000000000000000 ) ;
#6352 = EDGE_CURVE ( 'NONE', #275, #1138, #2300, .T. ) ;
#6353 = DIRECTION ( 'NONE',  ( 8.537024980200820092E-17, 0.000000000000000000, -1.000000000000000000 ) ) ;
#6354 = ORIENTED_EDGE ( 'NONE', *, *, #10359, .F. ) ;
#6355 = DIRECTION ( 'NONE',  ( -1.000000000000000000, 8.199904827254259034E-17, 0.000000000000000000 ) ) ;
#6356 = DIRECTION ( 'NONE',  ( -0.000000000000000000, -0.000000000000000000, -1.000000000000000000 ) ) ;
#6357 = ORIENTED_EDGE ( 'NONE', *, *, #6814, .T. ) ;
#6358 = ORIENTED_EDGE ( 'NONE', *, *, #1045, .F. ) ;
#6359 = DIRECTION ( 'NONE',  ( -0.000000000000000000, 1.000000000000000000, -0.000000000000000000 ) ) ;
#6360 = DIRECTION ( 'NONE',  ( -1.000000000000000000, 0.000000000000000000, 1.100712865467517941E-16 ) ) ;
#6361 = VECTOR ( 'NONE', #8539, 1000.000000000000000 ) ;
#6362 = ORIENTED_EDGE ( 'NONE', *, *, #3993, .F. ) ;
#6363 = FILL_AREA_STYLE ('',( #1644 ) ) ;
#6364 = CARTESIAN_POINT ( 'NONE',  ( -0.9700000000000001954, 0.5000000000000000000, -0.2850000000000003642 ) ) ;
#6365 = VECTOR ( 'NONE', #8680, 1000.000000000000000 ) ;
#6366 = EDGE_CURVE ( 'NONE', #1879, #8808, #10547, .T. ) ;
#6367 = EDGE_CURVE ( 'NONE', #8964, #7917, #6597, .T. ) ;
#6368 = CARTESIAN_POINT ( 'NONE',  ( -1.570000000000000062, 0.5000000000000000000, -1.234999999999999876 ) ) ;
#6369 =( NAMED_UNIT ( * ) SI_UNIT ( $, .STERADIAN. ) SOLID_ANGLE_UNIT ( ) );
#6370 = EDGE_CURVE ( 'NONE', #9361, #6705, #10490, .T. ) ;
#6371 = VECTOR ( 'NONE', #11920, 1000.000000000000000 ) ;
#6372 = LINE ( 'NONE', #9672, #10808 ) ;
#6373 = EDGE_CURVE ( 'NONE', #2746, #6949, #6561, .T. ) ;
#6374 = ORIENTED_EDGE ( 'NONE', *, *, #4866, .T. ) ;
#6375 = ADVANCED_FACE ( 'NONE', ( #2222 ), #6415, .F. ) ;
#6376 = ORIENTED_EDGE ( 'NONE', *, *, #4300, .T. ) ;
#6377 = EDGE_CURVE ( 'NONE', #7578, #5035, #10635, .T. ) ;
#6378 = AXIS2_PLACEMENT_3D ( 'NONE', #9501, #5657, #10386 ) ;
#6379 = ORIENTED_EDGE ( 'NONE', *, *, #9275, .F. ) ;
#6380 = VERTEX_POINT ( 'NONE', #6845 ) ;
#6381 = VERTEX_POINT ( 'NONE', #1663 ) ;
#6382 =( NAMED_UNIT ( * ) SI_UNIT ( $, .STERADIAN. ) SOLID_ANGLE_UNIT ( ) );
#6383 = APPLICATION_PROTOCOL_DEFINITION ( 'draft international standard', 'automotive_design', 1998, #560 ) ;
#6384 = DIRECTION ( 'NONE',  ( -1.000000000000000000, 0.000000000000000000, 0.000000000000000000 ) ) ;
#6385 = CARTESIAN_POINT ( 'NONE',  ( 0.4398837366478682287, 0.3499999999999999778, -1.434999999999999609 ) ) ;
#6386 = CARTESIAN_POINT ( 'NONE',  ( 4.569999999999997620, 0.04000000000000000083, -3.575000000000002842 ) ) ;
#6387 = LINE ( 'NONE', #9720, #2392 ) ;
#6388 = CARTESIAN_POINT ( 'NONE',  ( 1.214999999999999858, 0.1000000000000000056, -0.4000000000000000222 ) ) ;
#6389 = PLANE ( 'NONE',  #10594 ) ;
#6390 = CARTESIAN_POINT ( 'NONE',  ( -1.920000000000000151, 1.550000000000000044, 1.180000000000000160 ) ) ;
#6391 = LINE ( 'NONE', #12461, #2221 ) ;
#6392 = LINE ( 'NONE', #4015, #6242 ) ;
#6393 = EDGE_CURVE ( 'NONE', #10629, #12358, #2099, .T. ) ;
#6394 = ORIENTED_EDGE ( 'NONE', *, *, #1993, .F. ) ;
#6395 = CARTESIAN_POINT ( 'NONE',  ( 6.985000000000000320, -1.519903165712366722, -1.765299999999998981 ) ) ;
#6396 = VERTEX_POINT ( 'NONE', #6088 ) ;
#6397 = SURFACE_STYLE_FILL_AREA ( #1380 ) ;
#6398 = CARTESIAN_POINT ( 'NONE',  ( -1.430000000000000160, 1.399999999999999911, 0.000000000000000000 ) ) ;
#6399 = VERTEX_POINT ( 'NONE', #7996 ) ;
#6400 = AXIS2_PLACEMENT_3D ( 'NONE', #11606, #2743, #2036 ) ;
#6401 = LINE ( 'NONE', #6337, #6422 ) ;
#6402 = DIRECTION ( 'NONE',  ( 0.000000000000000000, -1.000000000000000000, 0.000000000000000000 ) ) ;
#6403 = ORIENTED_EDGE ( 'NONE', *, *, #9976, .F. ) ;
#6404 = ADVANCED_FACE ( 'NONE', ( #2375 ), #10709, .T. ) ;
#6405 = VECTOR ( 'NONE', #3314, 1000.000000000000000 ) ;
#6406 = EDGE_CURVE ( 'NONE', #2891, #11333, #2183, .T. ) ;
#6407 = DIRECTION ( 'NONE',  ( 0.000000000000000000, 0.000000000000000000, -1.000000000000000000 ) ) ;
#6408 = DIRECTION ( 'NONE',  ( 1.000000000000000000, 0.000000000000000000, -0.000000000000000000 ) ) ;
#6409 = CARTESIAN_POINT ( 'NONE',  ( -4.159999999999998366, 0.5000000000000000000, -2.875000000000000000 ) ) ;
#6410 = DIRECTION ( 'NONE',  ( 0.000000000000000000, 1.000000000000000000, 0.000000000000000000 ) ) ;
#6411 = DIRECTION ( 'NONE',  ( -1.000000000000000000, -0.000000000000000000, -0.000000000000000000 ) ) ;
#6412 = CARTESIAN_POINT ( 'NONE',  ( -1.570000000000000062, 0.5000000000000000000, -0.2850000000000003642 ) ) ;
#6413 = CARTESIAN_POINT ( 'NONE',  ( -1.214999999999999858, 0.1000000000000000056, -0.4000000000000000222 ) ) ;
#6414 =( GEOMETRIC_REPRESENTATION_CONTEXT ( 3 ) GLOBAL_UNCERTAINTY_ASSIGNED_CONTEXT ( ( #379 ) ) GLOBAL_UNIT_ASSIGNED_CONTEXT ( ( #2575, #10247, #381 ) ) REPRESENTATION_CONTEXT ( 'NONE', 'WORKASPACE' ) );
#6415 = CYLINDRICAL_SURFACE ( 'NONE', #2000, 0.5100000000000017852 ) ;
#6416 = EDGE_LOOP ( 'NONE', ( #164, #12552 ) ) ;
#6417 = CARTESIAN_POINT ( 'NONE',  ( -1.430000000000000160, 1.449999999999999956, 0.000000000000000000 ) ) ;
#6418 = VERTEX_POINT ( 'NONE', #12576 ) ;
#6419 = AXIS2_PLACEMENT_3D ( 'NONE', #7775, #2156, #178 ) ;
#6420 = CARTESIAN_POINT ( 'NONE',  ( -5.080000000000000071, -1.570000000000000062, -9.269999999999999574 ) ) ;
#6421 = ORIENTED_EDGE ( 'NONE', *, *, #67, .F. ) ;
#6422 = VECTOR ( 'NONE', #6830, 1000.000000000000000 ) ;
#6423 = EDGE_LOOP ( 'NONE', ( #9191, #5268, #7632, #4498 ) ) ;
#6424 = DIRECTION ( 'NONE',  ( -0.9902680687415703620, -0.1391731009600656321, 0.000000000000000000 ) ) ;
#6425 = AXIS2_PLACEMENT_3D ( 'NONE', #12355, #4579, #7509 ) ;
#6426 = AXIS2_PLACEMENT_3D ( 'NONE', #10922, #4256, #7963 ) ;
#6427 = SURFACE_SIDE_STYLE ('',( #10326 ) ) ;
#6428 = LINE ( 'NONE', #10614, #6716 ) ;
#6429 = FILL_AREA_STYLE ('',( #606 ) ) ;
#6430 = EDGE_CURVE ( 'NONE', #10728, #3173, #2082, .T. ) ;
#6431 = AXIS2_PLACEMENT_3D ( 'NONE', #12602, #4819, #11373 ) ;
#6432 = CYLINDRICAL_SURFACE ( 'NONE', #3654, 1.650000000000000355 ) ;
#6433 = PLANE ( 'NONE',  #3661 ) ;
#6434 = VERTEX_POINT ( 'NONE', #1162 ) ;
#6435 = CARTESIAN_POINT ( 'NONE',  ( 3.409999999999998810, 0.3099999999999999978, -1.394999999999999796 ) ) ;
#6436 = CARTESIAN_POINT ( 'NONE',  ( 3.009999999999998010, 0.3499999999999999778, -3.574999999999997513 ) ) ;
#6437 = ORIENTED_EDGE ( 'NONE', *, *, #2280, .T. ) ;
#6438 = VECTOR ( 'NONE', #10634, 1000.000000000000000 ) ;
#6439 = DIRECTION ( 'NONE',  ( 0.000000000000000000, 0.000000000000000000, -1.000000000000000000 ) ) ;
#6440 = PLANE ( 'NONE',  #10693 ) ;
#6441 = ORIENTED_EDGE ( 'NONE', *, *, #9132, .T. ) ;
#6442 = DIRECTION ( 'NONE',  ( 0.000000000000000000, 1.000000000000000000, 0.000000000000000000 ) ) ;
#6443 = DIRECTION ( 'NONE',  ( -0.000000000000000000, -0.000000000000000000, 1.000000000000000000 ) ) ;
#6444 = EDGE_LOOP ( 'NONE', ( #11951, #9344, #8231, #3484 ) ) ;
#6445 = PLANE ( 'NONE',  #180 ) ;
#6446 = PLANE ( 'NONE',  #1154 ) ;
#6447 = PLANE ( 'NONE',  #6348 ) ;
#6448 = FACE_OUTER_BOUND ( 'NONE', #4342, .T. ) ;
#6449 = AXIS2_PLACEMENT_3D ( 'NONE', #11956, #12235, #3159 ) ;
#6450 = DIRECTION ( 'NONE',  ( 1.000000000000000000, 0.000000000000000000, 1.707404996040164018E-16 ) ) ;
#6451 = ADVANCED_FACE ( 'NONE', ( #2144 ), #9811, .T. ) ;
#6452 = EDGE_CURVE ( 'NONE', #4989, #2832, #2319, .T. ) ;
#6453 = CARTESIAN_POINT ( 'NONE',  ( 0.000000000000000000, -1.570000000000000062, 0.000000000000000000 ) ) ;
#6454 = CARTESIAN_POINT ( 'NONE',  ( 2.979883736647867654, 0.000000000000000000, -1.434999999999999831 ) ) ;
#6455 = VERTEX_POINT ( 'NONE', #136 ) ;
#6456 = EDGE_CURVE ( 'NONE', #877, #7226, #6372, .T. ) ;
#6457 = ORIENTED_EDGE ( 'NONE', *, *, #6665, .F. ) ;
#6458 = ORIENTED_EDGE ( 'NONE', *, *, #6508, .T. ) ;
#6459 = ORIENTED_EDGE ( 'NONE', *, *, #11944, .T. ) ;
#6460 = DIRECTION ( 'NONE',  ( 0.000000000000000000, 0.000000000000000000, 1.000000000000000000 ) ) ;
#6461 =( NAMED_UNIT ( * ) PLANE_ANGLE_UNIT ( ) SI_UNIT ( $, .RADIAN. ) );
#6462 = DIRECTION ( 'NONE',  ( -0.000000000000000000, 1.000000000000000000, -0.000000000000000000 ) ) ;
#6463 = DIRECTION ( 'NONE',  ( 1.000000000000000000, 0.000000000000000000, 0.000000000000000000 ) ) ;
#6464 = LINE ( 'NONE', #12205, #2338 ) ;
#6465 = DIRECTION ( 'NONE',  ( 0.000000000000000000, 0.000000000000000000, 1.000000000000000000 ) ) ;
#6466 = PLANE ( 'NONE',  #3242 ) ;
#6467 = DIRECTION ( 'NONE',  ( 0.000000000000000000, -1.000000000000000000, 0.000000000000000000 ) ) ;
#6468 = DIRECTION ( 'NONE',  ( -1.000000000000000000, 0.000000000000000000, 0.000000000000000000 ) ) ;
#6469 = CARTESIAN_POINT ( 'NONE',  ( -1.805769684305110090, 1.399999999999999911, -0.1876090199250475266 ) ) ;
#6470 = VECTOR ( 'NONE', #1422, 1000.000000000000000 ) ;
#6471 = EDGE_CURVE ( 'NONE', #587, #7421, #2424, .T. ) ;
#6472 = LINE ( 'NONE', #3851, #11002 ) ;
#6473 =( GEOMETRIC_REPRESENTATION_CONTEXT ( 3 ) GLOBAL_UNCERTAINTY_ASSIGNED_CONTEXT ( ( #7938 ) ) GLOBAL_UNIT_ASSIGNED_CONTEXT ( ( #10619, #1573, #3472 ) ) REPRESENTATION_CONTEXT ( 'NONE', 'WORKASPACE' ) );
#6474 = ORIENTED_EDGE ( 'NONE', *, *, #613, .T. ) ;
#6475 = ADVANCED_FACE ( 'NONE', ( #2341 ), #5756, .T. ) ;
#6476 = DIRECTION ( 'NONE',  ( -3.491481338843133355E-15, 0.000000000000000000, -1.000000000000000000 ) ) ;
#6477 = ADVANCED_FACE ( 'NONE', ( #10469, #10724 ), #2113, .F. ) ;
#6478 = ORIENTED_EDGE ( 'NONE', *, *, #9310, .F. ) ;
#6479 = LINE ( 'NONE', #8902, #10472 ) ;
#6480 = CARTESIAN_POINT ( 'NONE',  ( 3.260000000000001563, -3.407492542097300425E-16, -2.344883736647866534 ) ) ;
#6481 = EDGE_LOOP ( 'NONE', ( #8262, #8055, #11157, #548 ) ) ;
#6482 = AXIS2_PLACEMENT_3D ( 'NONE', #5804, #4857, #7696 ) ;
#6483 = LINE ( 'NONE', #11551, #2174 ) ;
#6484 = ORIENTED_EDGE ( 'NONE', *, *, #748, .T. ) ;
#6485 = EDGE_CURVE ( 'NONE', #2601, #3841, #10447, .T. ) ;
#6486 = FACE_OUTER_BOUND ( 'NONE', #8817, .T. ) ;
#6487 = CARTESIAN_POINT ( 'NONE',  ( -1.430000000000000160, 1.449999999999999956, 0.000000000000000000 ) ) ;
#6488 = CARTESIAN_POINT ( 'NONE',  ( 3.432161706211290131, 3.100000000000000089, 1.932161706211294794 ) ) ;
#6489 = CARTESIAN_POINT ( 'NONE',  ( -0.8050000000000000488, 0.000000000000000000, -1.000000000000000000 ) ) ;
#6490 = STYLED_ITEM ( 'NONE', ( #1816 ), #6271 ) ;
#6491 = SURFACE_STYLE_USAGE ( .BOTH. , #8804 ) ;
#6492 = DIRECTION ( 'NONE',  ( 1.000000000000000000, 0.000000000000000000, -3.491481338843133355E-15 ) ) ;
#6493 = DIRECTION ( 'NONE',  ( 1.000000000000000000, 0.000000000000000000, -3.491481338843133355E-15 ) ) ;
#6494 = UNCERTAINTY_MEASURE_WITH_UNIT (LENGTH_MEASURE( 1.000000000000000082E-05 ), #11099, 'distance_accuracy_value', 'NONE');
#6495 = UNCERTAINTY_MEASURE_WITH_UNIT (LENGTH_MEASURE( 1.000000000000000082E-05 ), #10866, 'distance_accuracy_value', 'NONE');
#6496 = FACE_OUTER_BOUND ( 'NONE', #7005, .T. ) ;
#6497 = LINE ( 'NONE', #4071, #2235 ) ;
#6498 = STYLED_ITEM ( 'NONE', ( #5588 ), #1534 ) ;
#6499 = ORIENTED_EDGE ( 'NONE', *, *, #4632, .F. ) ;
#6500 = PLANE ( 'NONE',  #9340 ) ;
#6501 = VERTEX_POINT ( 'NONE', #4975 ) ;
#6502 = LINE ( 'NONE', #4195, #6547 ) ;
#6503 = CARTESIAN_POINT ( 'NONE',  ( -0.7449999999999999956, 1.399999999999999911, -1.180000000000000160 ) ) ;
#6504 = VERTEX_POINT ( 'NONE', #10569 ) ;
#6505 = EDGE_CURVE ( 'NONE', #6037, #3733, #6392, .T. ) ;
#6506 = EDGE_LOOP ( 'NONE', ( #334, #7092, #11647, #8057 ) ) ;
#6507 = CARTESIAN_POINT ( 'NONE',  ( 1.270000000000000240, 0.000000000000000000, 8.890000000000000568 ) ) ;
#6508 = EDGE_CURVE ( 'NONE', #6751, #5213, #2069, .T. ) ;
#6509 = ORIENTED_EDGE ( 'NONE', *, *, #4900, .T. ) ;
#6510 = SURFACE_SIDE_STYLE ('',( #4535 ) ) ;
#6511 =( NAMED_UNIT ( * ) PLANE_ANGLE_UNIT ( ) SI_UNIT ( $, .RADIAN. ) );
#6512 = VECTOR ( 'NONE', #101, 1000.000000000000000 ) ;
#6513 = EDGE_CURVE ( 'NONE', #342, #7406, #6276, .T. ) ;
#6514 = PLANE ( 'NONE',  #8141 ) ;
#6515 = EDGE_CURVE ( 'NONE', #1086, #11823, #10674, .T. ) ;
#6516 = LINE ( 'NONE', #5357, #10546 ) ;
#6517 = VECTOR ( 'NONE', #6556, 1000.000000000000000 ) ;
#6518 = CARTESIAN_POINT ( 'NONE',  ( 4.610000000000000320, 0.3499999999999999778, -2.775000000000002576 ) ) ;
#6519 = ORIENTED_EDGE ( 'NONE', *, *, #2308, .T. ) ;
#6520 = EDGE_CURVE ( 'NONE', #7853, #2207, #10600, .T. ) ;
#6521 = AXIS2_PLACEMENT_3D ( 'NONE', #2818, #2744, #3764 ) ;
#6522 = CARTESIAN_POINT ( 'NONE',  ( 3.409999999999998810, 0.3099999999999999978, -0.08499999999999982569 ) ) ;
#6523 = DIRECTION ( 'NONE',  ( 1.000000000000000000, 0.000000000000000000, 0.000000000000000000 ) ) ;
#6524 = ORIENTED_EDGE ( 'NONE', *, *, #8546, .T. ) ;
#6525 = LINE ( 'NONE', #2817, #2244 ) ;
#6526 = CARTESIAN_POINT ( 'NONE',  ( 0.2049999999999999878, 0.000000000000000000, 0.4000000000000000222 ) ) ;
#6527 = CARTESIAN_POINT ( 'NONE',  ( 3.649999999999999911, 1.550000000000000044, 2.149999999999999911 ) ) ;
#6528 = EDGE_LOOP ( 'NONE', ( #6805, #2820 ) ) ;
#6529 = DIRECTION ( 'NONE',  ( 0.000000000000000000, -1.000000000000000000, -0.000000000000000000 ) ) ;
#6530 = CARTESIAN_POINT ( 'NONE',  ( -6.984999999999999432, -0.1000000000000000056, -0.5406000000000005246 ) ) ;
#6531 = VERTEX_POINT ( 'NONE', #11517 ) ;
#6532 = CARTESIAN_POINT ( 'NONE',  ( 4.360000000000001208, 0.3099999999999999978, -2.775000000000001688 ) ) ;
#6533 = EDGE_CURVE ( 'NONE', #6594, #11318, #10620, .T. ) ;
#6534 = DIRECTION ( 'NONE',  ( 0.000000000000000000, 1.000000000000000000, 0.000000000000000000 ) ) ;
#6535 = ORIENTED_EDGE ( 'NONE', *, *, #1741, .F. ) ;
#6536 = DIRECTION ( 'NONE',  ( -1.000000000000000000, 0.000000000000000000, 0.000000000000000000 ) ) ;
#6537 = EDGE_CURVE ( 'NONE', #12483, #4088, #10653, .T. ) ;
#6538 = LINE ( 'NONE', #10564, #6572 ) ;
#6539 = MECHANICAL_DESIGN_GEOMETRIC_PRESENTATION_REPRESENTATION (  '', ( #2901 ), #5314 ) ;
#6540 = FILL_AREA_STYLE_COLOUR ( '', #6275 ) ;
#6541 = PLANE ( 'NONE',  #11162 ) ;
#6542 = DIRECTION ( 'NONE',  ( 1.000000000000000000, 0.000000000000000000, 0.000000000000000000 ) ) ;
#6543 = VECTOR ( 'NONE', #2476, 1000.000000000000000 ) ;
#6544 = ORIENTED_EDGE ( 'NONE', *, *, #11021, .T. ) ;
#6545 = DIRECTION ( 'NONE',  ( 1.707404996040164018E-16, 0.000000000000000000, -1.000000000000000000 ) ) ;
#6546 = ORIENTED_EDGE ( 'NONE', *, *, #1748, .T. ) ;
#6547 = VECTOR ( 'NONE', #9116, 1000.000000000000000 ) ;
#6548 = EDGE_LOOP ( 'NONE', ( #3878, #3431, #10142, #10199 ) ) ;
#6549 = FACE_OUTER_BOUND ( 'NONE', #6198, .T. ) ;
#6550 = ORIENTED_EDGE ( 'NONE', *, *, #6798, .T. ) ;
#6551 = DIRECTION ( 'NONE',  ( 0.000000000000000000, 1.000000000000000000, 0.000000000000000000 ) ) ;
#6552 = ORIENTED_EDGE ( 'NONE', *, *, #1398, .T. ) ;
#6553 = CARTESIAN_POINT ( 'NONE',  ( 0.000000000000000000, 0.000000000000000000, 0.000000000000000000 ) ) ;
#6554 = VECTOR ( 'NONE', #2165, 1000.000000000000000 ) ;
#6555 = CARTESIAN_POINT ( 'NONE',  ( 1.214999999999999858, 0.1000000000000000056, -0.4000000000000000222 ) ) ;
#6556 = DIRECTION ( 'NONE',  ( -0.000000000000000000, -0.000000000000000000, -1.000000000000000000 ) ) ;
#6557 = DIRECTION ( 'NONE',  ( 1.000000000000000000, 0.000000000000000000, 0.000000000000000000 ) ) ;
#6558 = ADVANCED_FACE ( 'NONE', ( #2278 ), #1810, .F. ) ;
#6559 = STYLED_ITEM ( 'NONE', ( #3153 ), #8922 ) ;
#6560 = PRESENTATION_STYLE_ASSIGNMENT (( #5742 ) ) ;
#6561 = LINE ( 'NONE', #3500, #2395 ) ;
#6562 = ORIENTED_EDGE ( 'NONE', *, *, #10235, .F. ) ;
#6563 = DIRECTION ( 'NONE',  ( 0.000000000000000000, -2.168404344971008868E-16, 1.000000000000000000 ) ) ;
#6564 = EDGE_CURVE ( 'NONE', #4428, #2033, #6472, .T. ) ;
#6565 = VERTEX_POINT ( 'NONE', #8446 ) ;
#6566 = ORIENTED_EDGE ( 'NONE', *, *, #11573, .F. ) ;
#6567 = FACE_OUTER_BOUND ( 'NONE', #2874, .T. ) ;
#6568 = SHAPE_DEFINITION_REPRESENTATION ( #309, #1862 ) ;
#6569 = ORIENTED_EDGE ( 'NONE', *, *, #12226, .F. ) ;
#6570 = ORIENTED_EDGE ( 'NONE', *, *, #3331, .T. ) ;
#6571 =( GEOMETRIC_REPRESENTATION_CONTEXT ( 3 ) GLOBAL_UNCERTAINTY_ASSIGNED_CONTEXT ( ( #1873 ) ) GLOBAL_UNIT_ASSIGNED_CONTEXT ( ( #7264, #11253, #9435 ) ) REPRESENTATION_CONTEXT ( 'NONE', 'WORKASPACE' ) );
#6572 = VECTOR ( 'NONE', #1883, 1000.000000000000000 ) ;
#6573 = PRESENTATION_LAYER_ASSIGNMENT (  '', '', ( #5334 ) ) ;
#6574 = DIRECTION ( 'NONE',  ( 0.000000000000000000, -0.000000000000000000, -1.000000000000000000 ) ) ;
#6575 = DIRECTION ( 'NONE',  ( 1.000000000000000000, 0.000000000000000000, 0.000000000000000000 ) ) ;
#6576 = CARTESIAN_POINT ( 'NONE',  ( 4.610000000000000320, 0.3499999999999999778, -2.775000000000002576 ) ) ;
#6577 = DIRECTION ( 'NONE',  ( 0.000000000000000000, -1.000000000000000000, 0.000000000000000000 ) ) ;
#6578 = CARTESIAN_POINT ( 'NONE',  ( -1.269999999999999352, -1.570000000000000284, 8.890000000000000568 ) ) ;
#6579 = CARTESIAN_POINT ( 'NONE',  ( -6.984999999999999432, 0.000000000000000000, -1.364399999999999169 ) ) ;
#6580 = DIRECTION ( 'NONE',  ( 1.000000000000000000, 0.000000000000000000, 0.000000000000000000 ) ) ;
#6581 = VECTOR ( 'NONE', #5824, 1000.000000000000000 ) ;
#6582 = AXIS2_PLACEMENT_3D ( 'NONE', #6487, #8527, #12321 ) ;
#6583 = VERTEX_POINT ( 'NONE', #7209 ) ;
#6584 = ADVANCED_FACE ( 'NONE', ( #10983 ), #9972, .F. ) ;
#6585 = DIRECTION ( 'NONE',  ( 3.226792180016381951E-17, -1.000000000000000000, -1.126628468085215119E-31 ) ) ;
#6586 = ADVANCED_FACE ( 'NONE', ( #6993 ), #6677, .T. ) ;
#6587 = ORIENTED_EDGE ( 'NONE', *, *, #11208, .T. ) ;
#6588 = VECTOR ( 'NONE', #6185, 1000.000000000000000 ) ;
#6589 = DIRECTION ( 'NONE',  ( 0.000000000000000000, 0.000000000000000000, 1.000000000000000000 ) ) ;
#6590 = VERTEX_POINT ( 'NONE', #2519 ) ;
#6591 = EDGE_CURVE ( 'NONE', #11410, #4386, #11086, .T. ) ;
#6592 = ORIENTED_EDGE ( 'NONE', *, *, #10699, .F. ) ;
#6593 = DIRECTION ( 'NONE',  ( 0.000000000000000000, 0.000000000000000000, 1.000000000000000000 ) ) ;
#6594 = VERTEX_POINT ( 'NONE', #5480 ) ;
#6595 = DIRECTION ( 'NONE',  ( 0.000000000000000000, 0.000000000000000000, 1.000000000000000000 ) ) ;
#6596 = LINE ( 'NONE', #10921, #10612 ) ;
#6597 = LINE ( 'NONE', #8325, #2360 ) ;
#6598 = DIRECTION ( 'NONE',  ( -0.000000000000000000, -1.000000000000000000, -0.000000000000000000 ) ) ;
#6599 = VERTEX_POINT ( 'NONE', #3526 ) ;
#6600 = DIRECTION ( 'NONE',  ( 0.000000000000000000, 0.000000000000000000, 1.000000000000000000 ) ) ;
#6601 = DIRECTION ( 'NONE',  ( -1.000000000000000000, 2.168404344971009115E-16, 3.491481338843133355E-15 ) ) ;
#6602 = ORIENTED_EDGE ( 'NONE', *, *, #4502, .T. ) ;
#6603 = DIRECTION ( 'NONE',  ( -1.000000000000000000, 0.000000000000000000, 0.000000000000000000 ) ) ;
#6604 = ORIENTED_EDGE ( 'NONE', *, *, #4595, .F. ) ;
#6605 = PLANE ( 'NONE',  #107 ) ;
#6606 = CARTESIAN_POINT ( 'NONE',  ( 1.270000000000000240, -1.570000000000000284, 8.890000000000000568 ) ) ;
#6607 = CONTEXT_DEPENDENT_SHAPE_REPRESENTATION ( #10713, #4476 ) ;
#6608 = EDGE_LOOP ( 'NONE', ( #8675, #10717, #4500, #6709 ) ) ;
#6609 = DIRECTION ( 'NONE',  ( 0.000000000000000000, 0.000000000000000000, 1.000000000000000000 ) ) ;
#6610 = CARTESIAN_POINT ( 'NONE',  ( -0.7450000000000001066, 1.529289321881346364, -1.179999999999999272 ) ) ;
#6611 = ORIENTED_EDGE ( 'NONE', *, *, #8187, .T. ) ;
#6612 = CARTESIAN_POINT ( 'NONE',  ( -1.570000000000000062, 0.000000000000000000, -0.9849999999999993205 ) ) ;
#6613 = LINE ( 'NONE', #6526, #2157 ) ;
#6614 = EDGE_CURVE ( 'NONE', #12613, #6504, #2831, .T. ) ;
#6615 =( NAMED_UNIT ( * ) PLANE_ANGLE_UNIT ( ) SI_UNIT ( $, .RADIAN. ) );
#6616 = CARTESIAN_POINT ( 'NONE',  ( 3.810000000000000941, -3.719604614807106024, 8.380000000000000782 ) ) ;
#6617 = DIRECTION ( 'NONE',  ( 0.000000000000000000, 0.000000000000000000, -1.000000000000000000 ) ) ;
#6618 = LINE ( 'NONE', #3797, #10535 ) ;
#6619 = VECTOR ( 'NONE', #326, 1000.000000000000000 ) ;
#6620 = DIRECTION ( 'NONE',  ( 0.000000000000000000, 0.000000000000000000, 1.000000000000000000 ) ) ;
#6621 = ORIENTED_EDGE ( 'NONE', *, *, #896, .T. ) ;
#6622 = ORIENTED_EDGE ( 'NONE', *, *, #515, .F. ) ;
#6623 = VECTOR ( 'NONE', #5738, 1000.000000000000000 ) ;
#6624 = VERTEX_POINT ( 'NONE', #4461 ) ;
#6625 = VERTEX_POINT ( 'NONE', #7129 ) ;
#6626 = EDGE_CURVE ( 'NONE', #8202, #3186, #2554, .T. ) ;
#6627 = CARTESIAN_POINT ( 'NONE',  ( 1.814999999999999947, 0.000000000000000000, -0.4000000000000000222 ) ) ;
#6628 = ORIENTED_EDGE ( 'NONE', *, *, #3387, .F. ) ;
#6629 = CARTESIAN_POINT ( 'NONE',  ( 4.609999999999997655, 0.000000000000000000, -3.575000000000002842 ) ) ;
#6630 =( NAMED_UNIT ( * ) SI_UNIT ( $, .STERADIAN. ) SOLID_ANGLE_UNIT ( ) );
#6631 = PLANE ( 'NONE',  #11555 ) ;
#6632 = LINE ( 'NONE', #479, #6405 ) ;
#6633 = EDGE_CURVE ( 'NONE', #7885, #1604, #10886, .T. ) ;
#6634 = CYLINDRICAL_SURFACE ( 'NONE', #8725, 0.4500000000000000111 ) ;
#6635 = CARTESIAN_POINT ( 'NONE',  ( 4.359999999999997655, 0.03999999999999999389, -3.575000000000001954 ) ) ;
#6636 = CARTESIAN_POINT ( 'NONE',  ( 0.8699999999999997735, 0.03999999999999999389, -0.08499999999999968692 ) ) ;
#6637 = AXIS2_PLACEMENT_3D ( 'NONE', #9443, #6468, #660 ) ;
#6638 = AXIS2_PLACEMENT_3D ( 'NONE', #1473, #2359, #11122 ) ;
#6639 = VECTOR ( 'NONE', #3293, 1000.000000000000000 ) ;
#6640 = LINE ( 'NONE', #4197, #2716 ) ;
#6641 = EDGE_CURVE ( 'NONE', #12435, #1701, #11170, .T. ) ;
#6642 = ORIENTED_EDGE ( 'NONE', *, *, #7244, .F. ) ;
#6643 = DIRECTION ( 'NONE',  ( -1.707404996040164018E-16, 0.000000000000000000, 1.000000000000000000 ) ) ;
#6644 = VECTOR ( 'NONE', #11218, 1000.000000000000000 ) ;
#6645 = FACE_OUTER_BOUND ( 'NONE', #12182, .T. ) ;
#6646 = DIRECTION ( 'NONE',  ( 1.000000000000000000, 0.000000000000000000, 0.000000000000000000 ) ) ;
#6647 = EDGE_LOOP ( 'NONE', ( #5473, #4447, #5373, #7287 ) ) ;
#6648 = ORIENTED_EDGE ( 'NONE', *, *, #1058, .T. ) ;
#6649 = ORIENTED_EDGE ( 'NONE', *, *, #872, .T. ) ;
#6650 = LINE ( 'NONE', #11668, #6512 ) ;
#6651 = CARTESIAN_POINT ( 'NONE',  ( 0.8050000000000000488, 0.1000000000000000056, -0.4000000000000000222 ) ) ;
#6652 = DIRECTION ( 'NONE',  ( 1.000000000000000000, 0.000000000000000000, 0.000000000000000000 ) ) ;
#6653 =( NAMED_UNIT ( * ) PLANE_ANGLE_UNIT ( ) SI_UNIT ( $, .RADIAN. ) );
#6654 = ADVANCED_FACE ( 'NONE', ( #2735 ), #1616, .F. ) ;
#6655 = CARTESIAN_POINT ( 'NONE',  ( -1.214999999999999858, 0.000000000000000000, 1.000000000000000000 ) ) ;
#6656 = EDGE_CURVE ( 'NONE', #5372, #10694, #2447, .T. ) ;
#6657 = PLANE ( 'NONE',  #329 ) ;
#6658 = DIRECTION ( 'NONE',  ( 0.000000000000000000, -1.000000000000000000, 0.000000000000000000 ) ) ;
#6659 = CARTESIAN_POINT ( 'NONE',  ( 0.000000000000000000, 0.1000000000000000056, 0.000000000000000000 ) ) ;
#6660 = EDGE_CURVE ( 'NONE', #7241, #10164, #2855, .T. ) ;
#6661 = EDGE_CURVE ( 'NONE', #11938, #4538, #6758, .T. ) ;
#6662 = EDGE_LOOP ( 'NONE', ( #122, #4948, #8739, #12258 ) ) ;
#6663 = DIRECTION ( 'NONE',  ( 6.324512672832110842E-16, 0.000000000000000000, -1.000000000000000000 ) ) ;
#6664 = VECTOR ( 'NONE', #11134, 1000.000000000000000 ) ;
#6665 = EDGE_CURVE ( 'NONE', #12319, #8550, #11104, .T. ) ;
#6666 = LINE ( 'NONE', #2171, #6869 ) ;
#6667 = CARTESIAN_POINT ( 'NONE',  ( 6.985000000000000320, -0.1000000000000000056, -1.765299999999998981 ) ) ;
#6668 = ORIENTED_EDGE ( 'NONE', *, *, #9072, .F. ) ;
#6669 = ORIENTED_EDGE ( 'NONE', *, *, #6520, .T. ) ;
#6670 = ORIENTED_EDGE ( 'NONE', *, *, #4900, .F. ) ;
#6671 = FILL_AREA_STYLE ('',( #602 ) ) ;
#6672 = CARTESIAN_POINT ( 'NONE',  ( -3.350000000000000089, 0.3499999999999999778, 1.199999999999999956 ) ) ;
#6673 = FACE_OUTER_BOUND ( 'NONE', #2477, .T. ) ;
#6674 = DIRECTION ( 'NONE',  ( 1.000000000000000000, 0.000000000000000000, -3.491481338843133355E-15 ) ) ;
#6675 = EDGE_CURVE ( 'NONE', #5607, #713, #2618, .T. ) ;
#6676 = CYLINDRICAL_SURFACE ( 'NONE', #5948, 0.7600000000000002309 ) ;
#6677 = CYLINDRICAL_SURFACE ( 'NONE', #2593, 0.4200000000000000400 ) ;
#6678 = CARTESIAN_POINT ( 'NONE',  ( -4.410000000000001030, 0.5000000000000000000, -2.875000000000000000 ) ) ;
#6679 = ORIENTED_EDGE ( 'NONE', *, *, #3944, .F. ) ;
#6680 = DIRECTION ( 'NONE',  ( 0.000000000000000000, 0.000000000000000000, -1.000000000000000000 ) ) ;
#6681 = EDGE_CURVE ( 'NONE', #4320, #2723, #6841, .T. ) ;
#6682 = ADVANCED_FACE ( 'NONE', ( #10928 ), #5319, .T. ) ;
#6683 = LINE ( 'NONE', #6655, #2600 ) ;
#6684 = PRESENTATION_STYLE_ASSIGNMENT (( #1569 ) ) ;
#6685 = DIRECTION ( 'NONE',  ( 0.000000000000000000, 1.000000000000000000, 0.000000000000000000 ) ) ;
#6686 = CARTESIAN_POINT ( 'NONE',  ( 3.050000000000000711, 0.04000000000000000083, -2.774999999999997247 ) ) ;
#6687 = VERTEX_POINT ( 'NONE', #3166 ) ;
#6688 = DIRECTION ( 'NONE',  ( 0.000000000000000000, -1.000000000000000000, 0.000000000000000000 ) ) ;
#6689 = CARTESIAN_POINT ( 'NONE',  ( -3.350000000000000089, 1.149999999999999911, 1.199999999999999956 ) ) ;
#6690 = EDGE_CURVE ( 'NONE', #2564, #8097, #6640, .T. ) ;
#6691 = AXIS2_PLACEMENT_3D ( 'NONE', #2635, #9327, #7070 ) ;
#6692 = ORIENTED_EDGE ( 'NONE', *, *, #3682, .F. ) ;
#6693 = DIRECTION ( 'NONE',  ( -1.000000000000000000, 0.000000000000000000, 3.491481338843133355E-15 ) ) ;
#6694 = PLANE ( 'NONE',  #9031 ) ;
#6695 = ORIENTED_EDGE ( 'NONE', *, *, #2649, .T. ) ;
#6696 = CARTESIAN_POINT ( 'NONE',  ( 5.714999999999999858, -0.1000000000000000056, -1.765299999999999203 ) ) ;
#6697 = VECTOR ( 'NONE', #11762, 1000.000000000000000 ) ;
#6698 = DIRECTION ( 'NONE',  ( 0.000000000000000000, -3.226792180016381951E-17, -1.000000000000000000 ) ) ;
#6699 = FACE_OUTER_BOUND ( 'NONE', #9365, .T. ) ;
#6700 = ORIENTED_EDGE ( 'NONE', *, *, #10465, .F. ) ;
#6701 = ORIENTED_EDGE ( 'NONE', *, *, #5551, .T. ) ;
#6702 = MECHANICAL_DESIGN_GEOMETRIC_PRESENTATION_REPRESENTATION (  '', ( #605 ), #10252 ) ;
#6703 = LINE ( 'NONE', #1266, #10909 ) ;
#6704 = ORIENTED_EDGE ( 'NONE', *, *, #1724, .F. ) ;
#6705 = VERTEX_POINT ( 'NONE', #3433 ) ;
#6706 = MANIFOLD_SOLID_BREP ( 'Boss-Extrude7[4]', #8671 ) ;
#6707 = AXIS2_PLACEMENT_3D ( 'NONE', #881, #1706, #10298 ) ;
#6708 = DIRECTION ( 'NONE',  ( 1.000000000000000000, 0.000000000000000000, 0.000000000000000000 ) ) ;
#6710 = ADVANCED_FACE ( 'NONE', ( #10903 ), #852, .F. ) ;
#6709 = ORIENTED_EDGE ( 'NONE', *, *, #9986, .T. ) ;
#6711 = EDGE_CURVE ( 'NONE', #12358, #5335, #6722, .T. ) ;
#6712 = AXIS2_PLACEMENT_3D ( 'NONE', #12482, #8324, #824 ) ;
#6713 = CARTESIAN_POINT ( 'NONE',  ( -0.9700000000000001954, 0.5000000000000000000, -0.9849999999999993205 ) ) ;
#6714 = SURFACE_SIDE_STYLE ('',( #3504 ) ) ;
#6715 = CARTESIAN_POINT ( 'NONE',  ( 5.079999999999999183, 0.000000000000000000, -7.620000000000000107 ) ) ;
#6716 = VECTOR ( 'NONE', #9787, 1000.000000000000000 ) ;
#6717 = CARTESIAN_POINT ( 'NONE',  ( 3.250000000000000000, 1.550000000000000044, -2.149999999999999911 ) ) ;
#6718 = DIRECTION ( 'NONE',  ( 0.000000000000000000, -0.000000000000000000, -1.000000000000000000 ) ) ;
#6719 = CARTESIAN_POINT ( 'NONE',  ( 1.814999999999999947, 0.000000000000000000, -0.4000000000000000222 ) ) ;
#6720 = DIRECTION ( 'NONE',  ( 0.000000000000000000, 0.000000000000000000, -1.000000000000000000 ) ) ;
#6721 = LINE ( 'NONE', #9876, #6639 ) ;
#6722 = CIRCLE ( 'NONE', #6298, 0.3699999999999999956 ) ;
#6723 = ORIENTED_EDGE ( 'NONE', *, *, #10080, .F. ) ;
#6724 = DIRECTION ( 'NONE',  ( 0.000000000000000000, -1.000000000000000000, 0.000000000000000000 ) ) ;
#6725 = FACE_OUTER_BOUND ( 'NONE', #4605, .T. ) ;
#6726 = VECTOR ( 'NONE', #9155, 1000.000000000000000 ) ;
#6727 = CARTESIAN_POINT ( 'NONE',  ( 5.714999999999999858, -0.1000000000000000056, -0.9524999999999999023 ) ) ;
#6728 = CARTESIAN_POINT ( 'NONE',  ( 6.985000000000000320, -0.1000000000000000056, 0.4952999999999996295 ) ) ;
#6729 = ORIENTED_EDGE ( 'NONE', *, *, #10562, .F. ) ;
#6730 = AXIS2_PLACEMENT_3D ( 'NONE', #10290, #9561, #2622 ) ;
#6731 = EDGE_LOOP ( 'NONE', ( #8474, #4415, #9160, #4889 ) ) ;
#6732 = VERTEX_POINT ( 'NONE', #1907 ) ;
#6733 = LINE ( 'NONE', #8564, #2416 ) ;
#6734 = AXIS2_PLACEMENT_3D ( 'NONE', #9350, #9265, #820 ) ;
#6735 = CARTESIAN_POINT ( 'NONE',  ( -1.269999999999999352, 0.000000000000000000, 9.400000000000000355 ) ) ;
#6736 = CARTESIAN_POINT ( 'NONE',  ( 4.209999999999999076, 0.04000000000000000083, -1.394999999999999796 ) ) ;
#6737 = CARTESIAN_POINT ( 'NONE',  ( -1.269999999999999352, -1.570000000000000284, 9.400000000000000355 ) ) ;
#6738 = SURFACE_STYLE_USAGE ( .BOTH. , #3201 ) ;
#6739 = DIRECTION ( 'NONE',  ( -0.000000000000000000, -1.000000000000000000, -0.000000000000000000 ) ) ;
#6740 = CARTESIAN_POINT ( 'NONE',  ( 6.985000000000000320, -0.1000000000000000056, -0.9524999999999996803 ) ) ;
#6741 = CARTESIAN_POINT ( 'NONE',  ( -4.159999999999998366, 0.000000000000000000, -3.474999999999999645 ) ) ;
#6742 = DIRECTION ( 'NONE',  ( 0.000000000000000000, -1.000000000000000000, 0.000000000000000000 ) ) ;
#6743 = CARTESIAN_POINT ( 'NONE',  ( 4.209999999999999076, 0.000000000000000000, -0.08499999999999989508 ) ) ;
#6744 = PRESENTATION_STYLE_ASSIGNMENT (( #10209 ) ) ;
#6745 = ORIENTED_EDGE ( 'NONE', *, *, #11070, .T. ) ;
#6746 = DIRECTION ( 'NONE',  ( 0.000000000000000000, 0.000000000000000000, -1.000000000000000000 ) ) ;
#6747 = ORIENTED_EDGE ( 'NONE', *, *, #6656, .T. ) ;
#6748 = LINE ( 'NONE', #2904, #10953 ) ;
#6749 = CARTESIAN_POINT ( 'NONE',  ( 1.814999999999999947, 0.1000000000000000056, -1.000000000000000000 ) ) ;
#6750 = ORIENTED_EDGE ( 'NONE', *, *, #10313, .T. ) ;
#6751 = VERTEX_POINT ( 'NONE', #7566 ) ;
#6752 = VERTEX_POINT ( 'NONE', #9618 ) ;
#6753 = CARTESIAN_POINT ( 'NONE',  ( 5.714999999999999858, -0.1000000000000000472, -0.3174999999999998934 ) ) ;
#6754 = CARTESIAN_POINT ( 'NONE',  ( -6.349999999999999645, -1.570000000000000284, 8.890000000000000568 ) ) ;
#6755 = FACE_OUTER_BOUND ( 'NONE', #8311, .T. ) ;
#6756 = ADVANCED_FACE ( 'NONE', ( #2573 ), #6825, .F. ) ;
#6757 = EDGE_CURVE ( 'NONE', #6928, #6760, #11018, .T. ) ;
#6758 = LINE ( 'NONE', #3256, #11212 ) ;
#6759 =( LENGTH_UNIT ( ) NAMED_UNIT ( * ) SI_UNIT ( .MILLI., .METRE. ) );
#6760 = VERTEX_POINT ( 'NONE', #10354 ) ;
#6761 = CARTESIAN_POINT ( 'NONE',  ( 0.000000000000000000, 0.1000000000000000056, 0.000000000000000000 ) ) ;
#6762 = SURFACE_STYLE_USAGE ( .BOTH. , #4941 ) ;
#6763 = ORIENTED_EDGE ( 'NONE', *, *, #1723, .F. ) ;
#6764 = FACE_OUTER_BOUND ( 'NONE', #10791, .T. ) ;
#6765 = CARTESIAN_POINT ( 'NONE',  ( 1.270000000000000240, -3.719604614807106024, 8.890000000000000568 ) ) ;
#6766 = DIRECTION ( 'NONE',  ( -1.000000000000000000, -1.141265444721583757E-16, 0.000000000000000000 ) ) ;
#6767 = CLOSED_SHELL ( 'NONE', ( #3065, #8751, #10018, #4117, #493, #2287 ) ) ;
#6768 = DIRECTION ( 'NONE',  ( 0.000000000000000000, -1.000000000000000000, 0.000000000000000000 ) ) ;
#6769 = EDGE_CURVE ( 'NONE', #7142, #4821, #11041, .T. ) ;
#6770 = DIRECTION ( 'NONE',  ( 1.000000000000000000, 0.000000000000000000, 0.000000000000000000 ) ) ;
#6771 = ORIENTED_EDGE ( 'NONE', *, *, #12460, .T. ) ;
#6772 = DIRECTION ( 'NONE',  ( 0.000000000000000000, 0.000000000000000000, -1.000000000000000000 ) ) ;
#6773 = PLANE ( 'NONE',  #10035 ) ;
#6774 = EDGE_LOOP ( 'NONE', ( #9717, #958 ) ) ;
#6775 = AXIS2_PLACEMENT_3D ( 'NONE', #11279, #11184, #673 ) ;
#6776 = DIRECTION ( 'NONE',  ( 0.000000000000000000, 0.000000000000000000, 1.000000000000000000 ) ) ;
#6777 = DIRECTION ( 'NONE',  ( 1.084202172485506209E-15, 1.000000000000000000, -3.785471652766329281E-30 ) ) ;
#6778 = EDGE_CURVE ( 'NONE', #10116, #11271, #11066, .T. ) ;
#6779 = DIRECTION ( 'NONE',  ( 1.000000000000000000, 0.000000000000000000, 0.000000000000000000 ) ) ;
#6780 =( GEOMETRIC_REPRESENTATION_CONTEXT ( 3 ) GLOBAL_UNCERTAINTY_ASSIGNED_CONTEXT ( ( #1874 ) ) GLOBAL_UNIT_ASSIGNED_CONTEXT ( ( #5069, #55, #1011 ) ) REPRESENTATION_CONTEXT ( 'NONE', 'WORKASPACE' ) );
#6781 = ORIENTED_EDGE ( 'NONE', *, *, #5313, .F. ) ;
#6782 = ADVANCED_FACE ( 'NONE', ( #6946 ), #5774, .F. ) ;
#6783 = LINE ( 'NONE', #12148, #11005 ) ;
#6784 = VECTOR ( 'NONE', #11804, 1000.000000000000000 ) ;
#6785 = AXIS2_PLACEMENT_3D ( 'NONE', #9773, #4651, #11742 ) ;
#6786 = ORIENTED_EDGE ( 'NONE', *, *, #2441, .T. ) ;
#6787 = ORIENTED_EDGE ( 'NONE', *, *, #4482, .F. ) ;
#6788 = CARTESIAN_POINT ( 'NONE',  ( -1.430000000000000160, 1.399999999999999911, 0.4500000000000000111 ) ) ;
#6789 = ORIENTED_EDGE ( 'NONE', *, *, #7928, .F. ) ;
#6790 = EDGE_CURVE ( 'NONE', #7893, #3680, #2698, .T. ) ;
#6791 = CARTESIAN_POINT ( 'NONE',  ( 1.270000000000000018, 1.550000000000000044, -0.5500000000000000444 ) ) ;
#6792 = PLANE ( 'NONE',  #409 ) ;
#6793 = FACE_OUTER_BOUND ( 'NONE', #4779, .T. ) ;
#6794 = FACE_OUTER_BOUND ( 'NONE', #9129, .T. ) ;
#6795 = CARTESIAN_POINT ( 'NONE',  ( -3.809999999999999609, 0.000000000000000000, 8.130000000000000782 ) ) ;
#6796 = DIRECTION ( 'NONE',  ( 0.000000000000000000, 0.000000000000000000, 1.000000000000000000 ) ) ;
#6797 = DIRECTION ( 'NONE',  ( 1.100712865467517572E-16, 0.000000000000000000, 1.000000000000000000 ) ) ;
#6798 = EDGE_CURVE ( 'NONE', #11664, #11971, #6886, .T. ) ;
#6799 = AXIS2_PLACEMENT_3D ( 'NONE', #4928, #9709, #7582 ) ;
#6800 = MANIFOLD_SOLID_BREP ( 'NONE', #2936 ) ;
#6801 = LINE ( 'NONE', #8847, #10902 ) ;
#6802 = VECTOR ( 'NONE', #10868, 1000.000000000000000 ) ;
#6803 = ORIENTED_EDGE ( 'NONE', *, *, #4668, .F. ) ;
#6804 = CARTESIAN_POINT ( 'NONE',  ( 0.8050000000000000488, 0.1000000000000000056, -1.000000000000000000 ) ) ;
#6805 = ORIENTED_EDGE ( 'NONE', *, *, #11121, .F. ) ;
#6806 = CIRCLE ( 'NONE', #6482, 0.5100000000000017852 ) ;
#6807 = PLANE ( 'NONE',  #11983 ) ;
#6808 = CLOSED_SHELL ( 'NONE', ( #3296, #2043, #4649, #5671, #3268, #11028 ) ) ;
#6809 = ORIENTED_EDGE ( 'NONE', *, *, #9903, .T. ) ;
#6810 = EDGE_CURVE ( 'NONE', #3200, #6110, #3023, .T. ) ;
#6812 = ADVANCED_FACE ( 'NONE', ( #7375 ), #6657, .F. ) ;
#6811 = EDGE_LOOP ( 'NONE', ( #1953, #3164, #11801, #12158 ) ) ;
#6813 = LINE ( 'NONE', #6875, #11011 ) ;
#6814 = EDGE_CURVE ( 'NONE', #173, #5516, #11371, .T. ) ;
#6815 = EDGE_CURVE ( 'NONE', #6938, #11523, #3112, .T. ) ;
#6816 = PLANE ( 'NONE',  #7336 ) ;
#6817 = AXIS2_PLACEMENT_3D ( 'NONE', #821, #12051, #4972 ) ;
#6818 = DIRECTION ( 'NONE',  ( 0.000000000000000000, 1.000000000000000000, 0.000000000000000000 ) ) ;
#6819 = CARTESIAN_POINT ( 'NONE',  ( 3.260000000000000231, 0.03999999999999999389, -2.774999999999998135 ) ) ;
#6820 = DIRECTION ( 'NONE',  ( 8.537024980200821325E-17, 0.000000000000000000, 1.000000000000000000 ) ) ;
#6821 = DIRECTION ( 'NONE',  ( 1.000000000000000000, 0.000000000000000000, 0.000000000000000000 ) ) ;
#6822 = PLANE ( 'NONE',  #4700 ) ;
#6823 = DIRECTION ( 'NONE',  ( 1.000000000000000000, 0.000000000000000000, 0.000000000000000000 ) ) ;
#6824 = CARTESIAN_POINT ( 'NONE',  ( 0.8699999999999997735, 0.03999999999999999389, -1.184999999999999831 ) ) ;
#6825 = CYLINDRICAL_SURFACE ( 'NONE', #10282, 0.09999999999999982514 ) ;
#6826 = ORIENTED_EDGE ( 'NONE', *, *, #11039, .F. ) ;
#6827 = DIRECTION ( 'NONE',  ( 1.000000000000000000, 0.000000000000000000, 0.000000000000000000 ) ) ;
#6828 = ORIENTED_EDGE ( 'NONE', *, *, #5592, .T. ) ;
#6829 = LINE ( 'NONE', #5152, #6953 ) ;
#6830 = DIRECTION ( 'NONE',  ( 0.000000000000000000, 1.000000000000000000, 0.000000000000000000 ) ) ;
#6831 = ORIENTED_EDGE ( 'NONE', *, *, #12506, .T. ) ;
#6832 = VERTEX_POINT ( 'NONE', #5924 ) ;
#6833 = ORIENTED_EDGE ( 'NONE', *, *, #9723, .F. ) ;
#6834 = DIRECTION ( 'NONE',  ( -1.000000000000000000, 0.000000000000000000, 0.000000000000000000 ) ) ;
#6835 = VECTOR ( 'NONE', #5532, 1000.000000000000000 ) ;
#6836 = LINE ( 'NONE', #2525, #11037 ) ;
#6837 = CARTESIAN_POINT ( 'NONE',  ( -1.214999999999999858, 0.000000000000000000, 0.4000000000000000222 ) ) ;
#6838 = VECTOR ( 'NONE', #8745, 1000.000000000000000 ) ;
#6839 = AXIS2_PLACEMENT_3D ( 'NONE', #1355, #4434, #5453 ) ;
#6840 = LINE ( 'NONE', #2724, #6923 ) ;
#6841 = LINE ( 'NONE', #6256, #6802 ) ;
#6842 = CARTESIAN_POINT ( 'NONE',  ( -3.350000000000000089, 1.149999999999999911, 1.199999999999999956 ) ) ;
#6843 = VERTEX_POINT ( 'NONE', #8803 ) ;
#6844 = DIRECTION ( 'NONE',  ( -0.5000000000000003331, 0.8660254037844384856, 0.000000000000000000 ) ) ;
#6845 = CARTESIAN_POINT ( 'NONE',  ( -4.159999999999998366, 0.000000000000000000, -3.474999999999999645 ) ) ;
#6846 = EDGE_LOOP ( 'NONE', ( #9292, #1097, #964, #10558 ) ) ;
#6847 = FACE_OUTER_BOUND ( 'NONE', #6284, .T. ) ;
#6848 = DIRECTION ( 'NONE',  ( 1.000000000000000000, -0.000000000000000000, -0.000000000000000000 ) ) ;
#6849 = DIRECTION ( 'NONE',  ( 0.000000000000000000, -0.5000000000000003331, -0.8660254037844384856 ) ) ;
#6850 = VERTEX_POINT ( 'NONE', #3952 ) ;
#6851 = PLANE ( 'NONE',  #6244 ) ;
#6852 = CARTESIAN_POINT ( 'NONE',  ( 3.260000000000000231, 0.03999999999999999389, -2.774999999999998135 ) ) ;
#6853 = ORIENTED_EDGE ( 'NONE', *, *, #2115, .T. ) ;
#6854 = CARTESIAN_POINT ( 'NONE',  ( -1.814999999999999947, 0.1000000000000000056, -0.4000000000000000222 ) ) ;
#6855 = ORIENTED_EDGE ( 'NONE', *, *, #7013, .T. ) ;
#6856 = PRODUCT_DEFINITION ( 'UNKNOWN', '', #12405, #11916 ) ;
#6857 = VECTOR ( 'NONE', #9199, 1000.000000000000000 ) ;
#6858 = LINE ( 'NONE', #6503, #11057 ) ;
#6859 = PLANE ( 'NONE',  #2257 ) ;
#6860 = ADVANCED_FACE ( 'NONE', ( #11331 ), #11545, .T. ) ;
#6861 = EDGE_CURVE ( 'NONE', #10334, #8279, #3247, .T. ) ;
#6862 = CARTESIAN_POINT ( 'NONE',  ( -6.349999999999999645, -1.570000000000000284, 8.890000000000000568 ) ) ;
#6863 = CYLINDRICAL_SURFACE ( 'NONE', #186, 0.4000000000000001887 ) ;
#6864 = MECHANICAL_DESIGN_GEOMETRIC_PRESENTATION_REPRESENTATION (  '', ( #1910 ), #450 ) ;
#6865 = VECTOR ( 'NONE', #7480, 1000.000000000000000 ) ;
#6866 = AXIS2_PLACEMENT_3D ( 'NONE', #1565, #12177, #537 ) ;
#6867 = ORIENTED_EDGE ( 'NONE', *, *, #175, .F. ) ;
#6868 = VERTEX_POINT ( 'NONE', #6211 ) ;
#6869 = VECTOR ( 'NONE', #2870, 1000.000000000000000 ) ;
#6870 = EDGE_LOOP ( 'NONE', ( #7753, #6474, #11871, #3994 ) ) ;
#6871 = EDGE_LOOP ( 'NONE', ( #7368, #8160, #6723, #10749 ) ) ;
#6872 = CARTESIAN_POINT ( 'NONE',  ( -3.432161706211294572, 2.899999999999999911, 1.932161706211294794 ) ) ;
#6873 = ORIENTED_EDGE ( 'NONE', *, *, #608, .F. ) ;
#6874 = CARTESIAN_POINT ( 'NONE',  ( -2.350000000000000089, -3.135336068297440409E-17, 1.199999999999999956 ) ) ;
#6875 = CARTESIAN_POINT ( 'NONE',  ( 1.214999999999999858, 0.1000000000000000056, -1.000000000000000000 ) ) ;
#6876 = DIRECTION ( 'NONE',  ( 1.000000000000000000, 0.000000000000000000, 1.707404996040164018E-16 ) ) ;
#6877 = CARTESIAN_POINT ( 'NONE',  ( -1.570000000000000062, 0.5000000000000000000, -0.03499999999999965639 ) ) ;
#6878 = LINE ( 'NONE', #1378, #11365 ) ;
#6879 = CARTESIAN_POINT ( 'NONE',  ( 0.000000000000000000, 0.000000000000000000, 0.000000000000000000 ) ) ;
#6880 = DIRECTION ( 'NONE',  ( 1.000000000000000000, 0.000000000000000000, -1.100712865467515846E-16 ) ) ;
#6881 = DIRECTION ( 'NONE',  ( -0.000000000000000000, 1.000000000000000000, -0.000000000000000000 ) ) ;
#6882 = DIRECTION ( 'NONE',  ( 4.517509052022940401E-16, 0.000000000000000000, -1.000000000000000000 ) ) ;
#6883 = DIRECTION ( 'NONE',  ( -1.000000000000000000, 0.000000000000000000, 0.000000000000000000 ) ) ;
#6884 = CYLINDRICAL_SURFACE ( 'NONE', #303, 0.7600000000000002309 ) ;
#6885 = CYLINDRICAL_SURFACE ( 'NONE', #11495, 0.7600000000000002309 ) ;
#6886 = LINE ( 'NONE', #5848, #2756 ) ;
#6887 = EDGE_CURVE ( 'NONE', #11938, #8736, #7072, .T. ) ;
#6888 = ORIENTED_EDGE ( 'NONE', *, *, #9585, .F. ) ;
#6889 = ADVANCED_FACE ( 'NONE', ( #7111 ), #9071, .F. ) ;
#6890 = DIRECTION ( 'NONE',  ( 0.000000000000000000, 1.000000000000000000, 0.000000000000000000 ) ) ;
#6891 = VERTEX_POINT ( 'NONE', #11819 ) ;
#6892 = ADVANCED_FACE ( 'NONE', ( #7441 ), #11902, .F. ) ;
#6893 = LINE ( 'NONE', #9465, #2938 ) ;
#6894 = LINE ( 'NONE', #9677, #2666 ) ;
#6895 = AXIS2_PLACEMENT_3D ( 'NONE', #12263, #705, #2547 ) ;
#6896 = VERTEX_POINT ( 'NONE', #535 ) ;
#6897 = ORIENTED_EDGE ( 'NONE', *, *, #8200, .T. ) ;
#6898 = EDGE_LOOP ( 'NONE', ( #78, #7407, #7983, #3668 ) ) ;
#6899 = VECTOR ( 'NONE', #9038, 1000.000000000000000 ) ;
#6900 = VECTOR ( 'NONE', #10439, 1000.000000000000000 ) ;
#6901 = PLANE ( 'NONE',  #4998 ) ;
#6902 = CARTESIAN_POINT ( 'NONE',  ( 1.214999999999999858, 0.1000000000000000056, -0.4000000000000000222 ) ) ;
#6903 = DIRECTION ( 'NONE',  ( 0.000000000000000000, 0.000000000000000000, 1.000000000000000000 ) ) ;
#6904 = FACE_OUTER_BOUND ( 'NONE', #10336, .T. ) ;
#6905 = CARTESIAN_POINT ( 'NONE',  ( 1.214999999999999858, 0.1000000000000000056, -0.4000000000000000222 ) ) ;
#6906 = CARTESIAN_POINT ( 'NONE',  ( -0.8050000000000000488, 0.1000000000000000056, -0.4000000000000000222 ) ) ;
#6907 = CARTESIAN_POINT ( 'NONE',  ( 3.260000000000001563, 0.03999999999999999389, -2.344883736647866534 ) ) ;
#6908 = VECTOR ( 'NONE', #5040, 1000.000000000000000 ) ;
#6909 = ORIENTED_EDGE ( 'NONE', *, *, #12193, .F. ) ;
#6910 = EDGE_LOOP ( 'NONE', ( #8286, #3688, #8, #6604 ) ) ;
#6911 = ORIENTED_EDGE ( 'NONE', *, *, #4645, .T. ) ;
#6912 = LINE ( 'NONE', #9902, #11114 ) ;
#6913 = CARTESIAN_POINT ( 'NONE',  ( 2.979883736647867654, 0.3099999999999999978, -1.394999999999999796 ) ) ;
#6914 = VERTEX_POINT ( 'NONE', #4402 ) ;
#6915 = EDGE_LOOP ( 'NONE', ( #3430, #6441, #7604, #3508 ) ) ;
#6916 = ORIENTED_EDGE ( 'NONE', *, *, #62, .T. ) ;
#6917 = DIRECTION ( 'NONE',  ( 0.000000000000000000, 1.000000000000000000, 0.000000000000000000 ) ) ;
#6918 = CARTESIAN_POINT ( 'NONE',  ( 4.360000000000002096, 0.3500000000000000333, -2.344883736647870531 ) ) ;
#6919 = LINE ( 'NONE', #9379, #6962 ) ;
#6920 = EDGE_CURVE ( 'NONE', #5183, #4914, #7236, .T. ) ;
#6921 = CARTESIAN_POINT ( 'NONE',  ( -3.460000000000000409, 0.5000000000000000000, -2.875000000000000000 ) ) ;
#6922 = LINE ( 'NONE', #3341, #11617 ) ;
#6923 = VECTOR ( 'NONE', #6450, 1000.000000000000000 ) ;
#6924 = PRESENTATION_STYLE_ASSIGNMENT (( #2267 ) ) ;
#6925 = ORIENTED_EDGE ( 'NONE', *, *, #5944, .F. ) ;
#6926 = EDGE_CURVE ( 'NONE', #4654, #486, #7176, .T. ) ;
#6927 = PLANE ( 'NONE',  #5405 ) ;
#6928 = VERTEX_POINT ( 'NONE', #256 ) ;
#6929 = ORIENTED_EDGE ( 'NONE', *, *, #3133, .T. ) ;
#6930 = PLANE ( 'NONE',  #801 ) ;
#6931 = DIRECTION ( 'NONE',  ( -0.000000000000000000, 1.000000000000000000, -0.000000000000000000 ) ) ;
#6932 = VERTEX_POINT ( 'NONE', #8107 ) ;
#6933 = DIRECTION ( 'NONE',  ( 0.000000000000000000, -1.000000000000000000, 0.000000000000000000 ) ) ;
#6934 = DIRECTION ( 'NONE',  ( 1.000000000000000000, 0.000000000000000000, 0.000000000000000000 ) ) ;
#6935 = ORIENTED_EDGE ( 'NONE', *, *, #5593, .F. ) ;
#6936 = CARTESIAN_POINT ( 'NONE',  ( -2.232161706211294838, 3.100000000000000089, -1.932161706211289909 ) ) ;
#6937 = DIRECTION ( 'NONE',  ( 8.537024980200821325E-17, 0.000000000000000000, 1.000000000000000000 ) ) ;
#6938 = VERTEX_POINT ( 'NONE', #12082 ) ;
#6939 = DIRECTION ( 'NONE',  ( 0.000000000000000000, 0.000000000000000000, 1.000000000000000000 ) ) ;
#6940 = STYLED_ITEM ( 'NONE', ( #1602 ), #5955 ) ;
#6941 = ORIENTED_EDGE ( 'NONE', *, *, #3778, .T. ) ;
#6942 = VECTOR ( 'NONE', #222, 1000.000000000000000 ) ;
#6943 = EDGE_CURVE ( 'NONE', #2109, #1311, #11352, .T. ) ;
#6944 = CARTESIAN_POINT ( 'NONE',  ( 2.979883736647867654, 0.03999999999999999389, -0.08499999999999989508 ) ) ;
#6945 = VECTOR ( 'NONE', #1794, 1000.000000000000000 ) ;
#6946 = FACE_OUTER_BOUND ( 'NONE', #2897, .T. ) ;
#6947 = ORIENTED_EDGE ( 'NONE', *, *, #5313, .T. ) ;
#6948 = EDGE_CURVE ( 'NONE', #3304, #11269, #11455, .T. ) ;
#6949 = VERTEX_POINT ( 'NONE', #8194 ) ;
#6950 = EDGE_LOOP ( 'NONE', ( #7525, #6499, #6544, #8186 ) ) ;
#6951 = EDGE_LOOP ( 'NONE', ( #8720, #557 ) ) ;
#6952 = EDGE_CURVE ( 'NONE', #8498, #809, #3231, .T. ) ;
#6953 = VECTOR ( 'NONE', #5833, 1000.000000000000000 ) ;
#6954 = VERTEX_POINT ( 'NONE', #10894 ) ;
#6955 = ORIENTED_EDGE ( 'NONE', *, *, #7610, .F. ) ;
#6956 = CARTESIAN_POINT ( 'NONE',  ( -7.620000000000000995, 0.000000000000000000, -10.16000000000000192 ) ) ;
#6957 = ORIENTED_EDGE ( 'NONE', *, *, #4082, .T. ) ;
#6958 = DIRECTION ( 'NONE',  ( 0.000000000000000000, -1.000000000000000000, 0.000000000000000000 ) ) ;
#6959 = DIRECTION ( 'NONE',  ( 0.000000000000000000, -1.000000000000000000, 0.000000000000000000 ) ) ;
#6960 = SURFACE_STYLE_USAGE ( .BOTH. , #2110 ) ;
#6961 = DIRECTION ( 'NONE',  ( 1.000000000000000000, 0.000000000000000000, 0.000000000000000000 ) ) ;
#6962 = VECTOR ( 'NONE', #5391, 1000.000000000000000 ) ;
#6963 = FACE_OUTER_BOUND ( 'NONE', #539, .T. ) ;
#6964 = DIRECTION ( 'NONE',  ( 1.000000000000000000, 0.000000000000000000, 1.707404996040164018E-16 ) ) ;
#6965 = DIRECTION ( 'NONE',  ( 0.000000000000000000, 1.000000000000000000, 0.000000000000000000 ) ) ;
#6966 = DIRECTION ( 'NONE',  ( 1.000000000000000000, 0.000000000000000000, 0.000000000000000000 ) ) ;
#6967 = DIRECTION ( 'NONE',  ( 1.000000000000000000, 0.000000000000000000, 0.000000000000000000 ) ) ;
#6968 = ADVANCED_FACE ( 'NONE', ( #11631 ), #6281, .T. ) ;
#6969 = ADVANCED_FACE ( 'NONE', ( #11522, #7258 ), #10814, .T. ) ;
#6970 = DIRECTION ( 'NONE',  ( -1.000000000000000000, 3.226792180016387497E-17, 3.491481338843133355E-15 ) ) ;
#6971 = EDGE_CURVE ( 'NONE', #1530, #1138, #7216, .T. ) ;
#6972 = PRESENTATION_STYLE_ASSIGNMENT (( #4640 ) ) ;
#6973 = ORIENTED_EDGE ( 'NONE', *, *, #3672, .F. ) ;
#6974 = EDGE_CURVE ( 'NONE', #7691, #8717, #7136, .T. ) ;
#6975 = VERTEX_POINT ( 'NONE', #3104 ) ;
#6976 = EDGE_CURVE ( 'NONE', #4654, #929, #7154, .T. ) ;
#6977 = EDGE_CURVE ( 'NONE', #8083, #4204, #2972, .T. ) ;
#6978 = VERTEX_POINT ( 'NONE', #5167 ) ;
#6979 = SURFACE_STYLE_FILL_AREA ( #6363 ) ;
#6980 = EDGE_LOOP ( 'NONE', ( #11532, #7587, #1805, #1508 ) ) ;
#6981 = AXIS2_PLACEMENT_3D ( 'NONE', #5263, #9834, #9693 ) ;
#6982 = VERTEX_POINT ( 'NONE', #10147 ) ;
#6983 = ORIENTED_EDGE ( 'NONE', *, *, #10941, .F. ) ;
#6984 = LINE ( 'NONE', #10043, #2926 ) ;
#6985 = LINE ( 'NONE', #3625, #2671 ) ;
#6986 = CARTESIAN_POINT ( 'NONE',  ( -3.809999999999999609, -1.570000000000000284, 8.890000000000000568 ) ) ;
#6987 = CARTESIAN_POINT ( 'NONE',  ( 3.810000000000000941, -1.570000000000000284, 8.890000000000000568 ) ) ;
#6988 =( GEOMETRIC_REPRESENTATION_CONTEXT ( 3 ) GLOBAL_UNCERTAINTY_ASSIGNED_CONTEXT ( ( #1318 ) ) GLOBAL_UNIT_ASSIGNED_CONTEXT ( ( #1661, #3591, #11347 ) ) REPRESENTATION_CONTEXT ( 'NONE', 'WORKASPACE' ) );
#6989 = CYLINDRICAL_SURFACE ( 'NONE', #9588, 0.5100000000000000089 ) ;
#6990 = DIRECTION ( 'NONE',  ( 0.000000000000000000, -1.000000000000000000, 0.000000000000000000 ) ) ;
#6991 = CARTESIAN_POINT ( 'NONE',  ( -0.8050000000000000488, 0.000000000000000000, 0.4000000000000000222 ) ) ;
#6992 = CARTESIAN_POINT ( 'NONE',  ( 1.814999999999999947, 0.000000000000000000, 1.000000000000000000 ) ) ;
#6993 = FACE_OUTER_BOUND ( 'NONE', #9260, .T. ) ;
#6994 = VERTEX_POINT ( 'NONE', #4226 ) ;
#6995 = ADVANCED_FACE ( 'NONE', ( #11657 ), #10070, .F. ) ;
#6996 = CARTESIAN_POINT ( 'NONE',  ( 3.810000000000000941, -1.570000000000000062, 9.650000000000000355 ) ) ;
#6997 = ORIENTED_EDGE ( 'NONE', *, *, #3276, .F. ) ;
#6998 = ADVANCED_FACE ( 'NONE', ( #3136 ), #2995, .F. ) ;
#6999 = ORIENTED_EDGE ( 'NONE', *, *, #5965, .T. ) ;
#7000 = AXIS2_PLACEMENT_3D ( 'NONE', #6398, #5617, #1670 ) ;
#7001 = LINE ( 'NONE', #7158, #2877 ) ;
#7002 = DIRECTION ( 'NONE',  ( 0.000000000000000000, -1.000000000000000000, 0.000000000000000000 ) ) ;
#7003 =( BOUNDED_CURVE ( )  B_SPLINE_CURVE ( 3, ( #7915, #8972, #10806, #12067 ),
 .UNSPECIFIED., .F., .F. ) 
 B_SPLINE_CURVE_WITH_KNOTS ( ( 4, 4 ),
 ( 1.570796326794895004, 3.141592653589750039 ),
 .UNSPECIFIED. ) 
 CURVE ( )  GEOMETRIC_REPRESENTATION_ITEM ( )  RATIONAL_B_SPLINE_CURVE ( ( 1.000000000000000000, 0.8047378541243749295, 0.8047378541243749295, 1.000000000000000000 ) ) 
 REPRESENTATION_ITEM ( '' )  );
#7004 = EDGE_CURVE ( 'NONE', #2642, #11387, #3091, .T. ) ;
#7005 = EDGE_LOOP ( 'NONE', ( #10123, #7190, #11658, #7113 ) ) ;
#7006 = ORIENTED_EDGE ( 'NONE', *, *, #9666, .F. ) ;
#7007 = VERTEX_POINT ( 'NONE', #9643 ) ;
#7008 = EDGE_CURVE ( 'NONE', #10399, #7062, #11262, .T. ) ;
#7009 =( GEOMETRIC_REPRESENTATION_CONTEXT ( 3 ) GLOBAL_UNCERTAINTY_ASSIGNED_CONTEXT ( ( #2906 ) ) GLOBAL_UNIT_ASSIGNED_CONTEXT ( ( #12390, #2492, #1809 ) ) REPRESENTATION_CONTEXT ( 'NONE', 'WORKASPACE' ) );
#7010 = CARTESIAN_POINT ( 'NONE',  ( 5.714999999999999858, -1.519903165712366722, 0.4952999999999994074 ) ) ;
#7011 = LINE ( 'NONE', #10785, #11231 ) ;
#7012 = CARTESIAN_POINT ( 'NONE',  ( -1.214999999999999858, 0.000000000000000000, -1.000000000000000000 ) ) ;
#7013 = EDGE_CURVE ( 'NONE', #3186, #9139, #7418, .T. ) ;
#7014 = LINE ( 'NONE', #6874, #11367 ) ;
#7015 = CARTESIAN_POINT ( 'NONE',  ( -3.809999999999999609, -3.719604614807106024, 9.650000000000000355 ) ) ;
#7016 = VERTEX_POINT ( 'NONE', #10539 ) ;
#7017 = ORIENTED_EDGE ( 'NONE', *, *, #10913, .T. ) ;
#7018 = CARTESIAN_POINT ( 'NONE',  ( 1.969999999999999973, 1.500000000000000000, -1.180000000000000160 ) ) ;
#7019 = DIRECTION ( 'NONE',  ( 1.000000000000000000, 0.000000000000000000, 0.000000000000000000 ) ) ;
#7020 = LINE ( 'NONE', #5651, #6664 ) ;
#7021 = DIRECTION ( 'NONE',  ( 0.000000000000000000, 0.000000000000000000, -1.000000000000000000 ) ) ;
#7022 = VERTEX_POINT ( 'NONE', #8477 ) ;
#7023 = PLANE ( 'NONE',  #7807 ) ;
#7024 = AXIS2_PLACEMENT_3D ( 'NONE', #6180, #2097, #5302 ) ;
#7025 = ORIENTED_EDGE ( 'NONE', *, *, #5436, .T. ) ;
#7026 =( LENGTH_UNIT ( ) NAMED_UNIT ( * ) SI_UNIT ( .MILLI., .METRE. ) );
#7027 = DIRECTION ( 'NONE',  ( -1.000000000000000000, 0.000000000000000000, 0.000000000000000000 ) ) ;
#7028 = EDGE_LOOP ( 'NONE', ( #6826, #11694, #6621, #3827 ) ) ;
#7029 = EDGE_CURVE ( 'NONE', #2590, #5021, #7091, .T. ) ;
#7030 = AXIS2_PLACEMENT_3D ( 'NONE', #9118, #10048, #2353 ) ;
#7031 = LINE ( 'NONE', #7721, #2810 ) ;
#7032 = AXIS2_PLACEMENT_3D ( 'NONE', #3429, #9037, #9198 ) ;
#7033 = DIRECTION ( 'NONE',  ( 1.707404996040164018E-16, 0.000000000000000000, -1.000000000000000000 ) ) ;
#7034 = VECTOR ( 'NONE', #10204, 1000.000000000000000 ) ;
#7035 = ORIENTED_EDGE ( 'NONE', *, *, #12048, .T. ) ;
#7036 = ORIENTED_EDGE ( 'NONE', *, *, #11860, .F. ) ;
#7037 = ORIENTED_EDGE ( 'NONE', *, *, #8116, .T. ) ;
#7038 = VECTOR ( 'NONE', #3382, 1000.000000000000000 ) ;
#7039 = EDGE_LOOP ( 'NONE', ( #1102, #2785, #319, #9678 ) ) ;
#7040 = EDGE_LOOP ( 'NONE', ( #9087, #8553 ) ) ;
#7041 =( NAMED_UNIT ( * ) SI_UNIT ( $, .STERADIAN. ) SOLID_ANGLE_UNIT ( ) );
#7042 = VERTEX_POINT ( 'NONE', #11312 ) ;
#7043 =( NAMED_UNIT ( * ) PLANE_ANGLE_UNIT ( ) SI_UNIT ( $, .RADIAN. ) );
#7044 = PLANE ( 'NONE',  #4650 ) ;
#7045 = DIRECTION ( 'NONE',  ( -0.000000000000000000, 1.000000000000000000, -0.000000000000000000 ) ) ;
#7046 = FACE_OUTER_BOUND ( 'NONE', #10640, .T. ) ;
#7047 = CARTESIAN_POINT ( 'NONE',  ( 1.669999999999999929, 0.3499999999999999778, 0.1650000000000003131 ) ) ;
#7048 = DIRECTION ( 'NONE',  ( -1.000000000000000000, 0.000000000000000000, 4.517509052022940401E-16 ) ) ;
#7049 = PLANE ( 'NONE',  #4131 ) ;
#7050 = CARTESIAN_POINT ( 'NONE',  ( 0.000000000000000000, 0.05000000000000000278, 0.000000000000000000 ) ) ;
#7051 = MECHANICAL_DESIGN_GEOMETRIC_PRESENTATION_REPRESENTATION (  '', ( #1792 ), #11933 ) ;
#7052 =( LENGTH_UNIT ( ) NAMED_UNIT ( * ) SI_UNIT ( .MILLI., .METRE. ) );
#7053 = VECTOR ( 'NONE', #5559, 1000.000000000000000 ) ;
#7054 = ORIENTED_EDGE ( 'NONE', *, *, #1341, .F. ) ;
#7055 = DIRECTION ( 'NONE',  ( 0.000000000000000000, 0.000000000000000000, 1.000000000000000000 ) ) ;
#7056 = ORIENTED_EDGE ( 'NONE', *, *, #4676, .T. ) ;
#7057 = LINE ( 'NONE', #4680, #11071 ) ;
#7058 = DIRECTION ( 'NONE',  ( 0.000000000000000000, 0.000000000000000000, -1.000000000000000000 ) ) ;
#7059 = VERTEX_POINT ( 'NONE', #2632 ) ;
#7060 = EDGE_CURVE ( 'NONE', #8666, #3094, #11499, .T. ) ;
#7061 = ORIENTED_EDGE ( 'NONE', *, *, #2301, .T. ) ;
#7062 = VERTEX_POINT ( 'NONE', #2711 ) ;
#7063 = CYLINDRICAL_SURFACE ( 'NONE', #9224, 0.5100000000000000089 ) ;
#7064 = DIRECTION ( 'NONE',  ( 0.000000000000000000, -1.000000000000000000, 0.000000000000000000 ) ) ;
#7065 = CARTESIAN_POINT ( 'NONE',  ( 3.250000000000000000, 1.550000000000000044, 1.199999999999999956 ) ) ;
#7066 = CARTESIAN_POINT ( 'NONE',  ( -6.349999999999999645, 0.000000000000000000, 8.380000000000000782 ) ) ;
#7067 = ADVANCED_FACE ( 'NONE', ( #3158 ), #9492, .F. ) ;
#7068 = CARTESIAN_POINT ( 'NONE',  ( 1.814999999999999947, 0.000000000000000000, -1.000000000000000000 ) ) ;
#7069 = ADVANCED_FACE ( 'NONE', ( #7462 ), #3815, .F. ) ;
#7070 = DIRECTION ( 'NONE',  ( 0.000000000000000000, 0.000000000000000000, 1.000000000000000000 ) ) ;
#7071 = DIRECTION ( 'NONE',  ( -1.000000000000000000, 0.000000000000000000, -1.707404996040164018E-16 ) ) ;
#7073 = EDGE_CURVE ( 'NONE', #8314, #11808, #11304, .T. ) ;
#7072 = LINE ( 'NONE', #3010, #3063 ) ;
#7074 = DIRECTION ( 'NONE',  ( 0.000000000000000000, 1.000000000000000000, 0.000000000000000000 ) ) ;
#7075 = EDGE_LOOP ( 'NONE', ( #6379, #2667, #3570, #12085 ) ) ;
#7076 = DIRECTION ( 'NONE',  ( -0.000000000000000000, 0.000000000000000000, -1.000000000000000000 ) ) ;
#7077 = ORIENTED_EDGE ( 'NONE', *, *, #2797, .F. ) ;
#7078 = EDGE_CURVE ( 'NONE', #6209, #11671, #11901, .T. ) ;
#7079 = VECTOR ( 'NONE', #2293, 1000.000000000000000 ) ;
#7080 = LINE ( 'NONE', #1008, #3329 ) ;
#7081 = DIRECTION ( 'NONE',  ( 0.000000000000000000, 0.000000000000000000, -1.000000000000000000 ) ) ;
#7082 = ORIENTED_EDGE ( 'NONE', *, *, #4164, .F. ) ;
#7083 = ORIENTED_EDGE ( 'NONE', *, *, #8266, .F. ) ;
#7084 = AXIS2_PLACEMENT_3D ( 'NONE', #714, #7334, #8569 ) ;
#7085 = VERTEX_POINT ( 'NONE', #12172 ) ;
#7086 = DIRECTION ( 'NONE',  ( 0.000000000000000000, 0.000000000000000000, 1.000000000000000000 ) ) ;
#7087 = VECTOR ( 'NONE', #11875, 1000.000000000000000 ) ;
#7088 = DIRECTION ( 'NONE',  ( 0.000000000000000000, 0.000000000000000000, -1.000000000000000000 ) ) ;
#7089 = DIRECTION ( 'NONE',  ( -1.000000000000000000, 0.000000000000000000, 0.000000000000000000 ) ) ;
#7090 = AXIS2_PLACEMENT_3D ( 'NONE', #4132, #9919, #5079 ) ;
#7091 = LINE ( 'NONE', #6435, #7284 ) ;
#7092 = ORIENTED_EDGE ( 'NONE', *, *, #3046, .F. ) ;
#7093 = EDGE_LOOP ( 'NONE', ( #4723, #10976, #4152, #302 ) ) ;
#7094 = ORIENTED_EDGE ( 'NONE', *, *, #7378, .F. ) ;
#7095 = CARTESIAN_POINT ( 'NONE',  ( 0.000000000000000000, 0.1000000000000000056, 0.000000000000000000 ) ) ;
#7096 =( NAMED_UNIT ( * ) SI_UNIT ( $, .STERADIAN. ) SOLID_ANGLE_UNIT ( ) );
#7097 =( GEOMETRIC_REPRESENTATION_CONTEXT ( 3 ) GLOBAL_UNCERTAINTY_ASSIGNED_CONTEXT ( ( #12472 ) ) GLOBAL_UNIT_ASSIGNED_CONTEXT ( ( #4293, #5325, #1892 ) ) REPRESENTATION_CONTEXT ( 'NONE', 'WORKASPACE' ) );
#7098 = PRESENTATION_STYLE_ASSIGNMENT (( #7317 ) ) ;
#7099 = LINE ( 'NONE', #7912, #11337 ) ;
#7100 = CARTESIAN_POINT ( 'NONE',  ( -0.8050000000000000488, 0.1000000000000000056, -0.4000000000000000222 ) ) ;
#7101 = CARTESIAN_POINT ( 'NONE',  ( -1.750000000000000000, 0.2999999999999999889, -1.750000000000000000 ) ) ;
#7102 = ORIENTED_EDGE ( 'NONE', *, *, #5659, .T. ) ;
#7103 = CARTESIAN_POINT ( 'NONE',  ( -0.8950000000000004619, 1.529289321881346364, -1.179999999999999272 ) ) ;
#7104 = ORIENTED_EDGE ( 'NONE', *, *, #3219, .F. ) ;
#7105 = DIRECTION ( 'NONE',  ( 0.000000000000000000, 0.000000000000000000, 1.000000000000000000 ) ) ;
#7106 = VERTEX_POINT ( 'NONE', #5652 ) ;
#7107 = EDGE_CURVE ( 'NONE', #8964, #2488, #7744, .T. ) ;
#7108 = EDGE_CURVE ( 'NONE', #8601, #12042, #3339, .T. ) ;
#7109 = EDGE_CURVE ( 'NONE', #8427, #5740, #11818, .T. ) ;
#7110 = CARTESIAN_POINT ( 'NONE',  ( -0.2049999999999999878, 0.000000000000000000, 1.000000000000000000 ) ) ;
#7111 = FACE_OUTER_BOUND ( 'NONE', #7770, .T. ) ;
#7112 = ORIENTED_EDGE ( 'NONE', *, *, #10554, .T. ) ;
#7113 = ORIENTED_EDGE ( 'NONE', *, *, #7572, .F. ) ;
#7114 = EDGE_LOOP ( 'NONE', ( #3216, #7315, #4830, #4877 ) ) ;
#7115 = LINE ( 'NONE', #9749, #2911 ) ;
#7116 = LINE ( 'NONE', #1766, #11506 ) ;
#7117 = ORIENTED_EDGE ( 'NONE', *, *, #12518, .F. ) ;
#7118 = EDGE_CURVE ( 'NONE', #4428, #10029, #3936, .T. ) ;
#7119 = ORIENTED_EDGE ( 'NONE', *, *, #10320, .T. ) ;
#7121 = ADVANCED_FACE ( 'NONE', ( #12363 ), #11404, .T. ) ;
#7120 = ORIENTED_EDGE ( 'NONE', *, *, #11969, .T. ) ;
#7122 = CARTESIAN_POINT ( 'NONE',  ( 2.979883736647867654, 0.3099999999999999978, 0.1250000000000001110 ) ) ;
#7123 = CARTESIAN_POINT ( 'NONE',  ( 6.350000000000001421, -1.570000000000000062, 8.130000000000000782 ) ) ;
#7124 = CARTESIAN_POINT ( 'NONE',  ( -1.570000000000000062, 0.000000000000000000, -0.9849999999999993205 ) ) ;
#7125 =( NAMED_UNIT ( * ) PLANE_ANGLE_UNIT ( ) SI_UNIT ( $, .RADIAN. ) );
#7126 = EDGE_CURVE ( 'NONE', #418, #7285, #12313, .T. ) ;
#7127 = CIRCLE ( 'NONE', #68, 0.3500000000000000333 ) ;
#7128 = DIRECTION ( 'NONE',  ( 0.000000000000000000, -3.226792180016387497E-17, 1.000000000000000000 ) ) ;
#7129 = CARTESIAN_POINT ( 'NONE',  ( 3.409999999999998810, 0.04000000000000000083, -1.394999999999999796 ) ) ;
#7130 =( NAMED_UNIT ( * ) PLANE_ANGLE_UNIT ( ) SI_UNIT ( $, .RADIAN. ) );
#7131 = DIRECTION ( 'NONE',  ( 0.000000000000000000, -1.000000000000000000, 0.000000000000000000 ) ) ;
#7132 = EDGE_CURVE ( 'NONE', #7160, #12130, #3958, .T. ) ;
#7133 = CARTESIAN_POINT ( 'NONE',  ( -6.349999999999999645, -1.570000000000000062, 8.890000000000000568 ) ) ;
#7134 = AXIS2_PLACEMENT_3D ( 'NONE', #1264, #11636, #7761 ) ;
#7135 = DIRECTION ( 'NONE',  ( 0.000000000000000000, 0.000000000000000000, -1.000000000000000000 ) ) ;
#7136 = LINE ( 'NONE', #2138, #2956 ) ;
#7137 = ORIENTED_EDGE ( 'NONE', *, *, #9835, .T. ) ;
#7138 = ORIENTED_EDGE ( 'NONE', *, *, #3557, .F. ) ;
#7139 = VERTEX_POINT ( 'NONE', #1778 ) ;
#7140 = VECTOR ( 'NONE', #11310, 1000.000000000000000 ) ;
#7141 = LINE ( 'NONE', #12430, #3348 ) ;
#7142 = VERTEX_POINT ( 'NONE', #8653 ) ;
#7143 = ORIENTED_EDGE ( 'NONE', *, *, #6564, .T. ) ;
#7144 = EDGE_LOOP ( 'NONE', ( #2457, #4220, #4187, #8571 ) ) ;
#7145 = ADVANCED_FACE ( 'NONE', ( #7804 ), #8382, .F. ) ;
#7146 = FACE_OUTER_BOUND ( 'NONE', #8012, .T. ) ;
#7147 = FACE_OUTER_BOUND ( 'NONE', #12224, .T. ) ;
#7148 = CARTESIAN_POINT ( 'NONE',  ( 0.000000000000000000, -1.570000000000000062, 0.000000000000000000 ) ) ;
#7149 = LINE ( 'NONE', #11851, #7196 ) ;
#7150 = DIRECTION ( 'NONE',  ( -1.000000000000000000, 0.000000000000000000, 0.000000000000000000 ) ) ;
#7151 = CARTESIAN_POINT ( 'NONE',  ( -2.232161706211294838, 2.899999999999999911, -1.932161706211289909 ) ) ;
#7152 = SURFACE_SIDE_STYLE ('',( #2096 ) ) ;
#7153 = DIRECTION ( 'NONE',  ( 0.000000000000000000, 0.000000000000000000, -1.000000000000000000 ) ) ;
#7154 = CIRCLE ( 'NONE', #1373, 0.4000000000000001887 ) ;
#7155 = CARTESIAN_POINT ( 'NONE',  ( -3.210000000000000409, 0.000000000000000000, -2.875000000000000000 ) ) ;
#7156 = AXIS2_PLACEMENT_3D ( 'NONE', #1921, #5861, #2152 ) ;
#7157 = ORIENTED_EDGE ( 'NONE', *, *, #7765, .T. ) ;
#7158 = CARTESIAN_POINT ( 'NONE',  ( -1.969999999999999973, 1.550000000000000044, -1.129999999999999893 ) ) ;
#7159 = ORIENTED_EDGE ( 'NONE', *, *, #6660, .F. ) ;
#7160 = VERTEX_POINT ( 'NONE', #3131 ) ;
#7161 = DIRECTION ( 'NONE',  ( 1.000000000000000000, -0.000000000000000000, 0.000000000000000000 ) ) ;
#7162 = VECTOR ( 'NONE', #10378, 1000.000000000000000 ) ;
#7163 = VECTOR ( 'NONE', #2991, 1000.000000000000000 ) ;
#7164 = CARTESIAN_POINT ( 'NONE',  ( 4.209999999999999076, 0.3099999999999999978, 0.1250000000000001110 ) ) ;
#7165 = ORIENTED_EDGE ( 'NONE', *, *, #2130, .T. ) ;
#7166 = VERTEX_POINT ( 'NONE', #2237 ) ;
#7167 = ORIENTED_EDGE ( 'NONE', *, *, #11070, .F. ) ;
#7168 = CARTESIAN_POINT ( 'NONE',  ( 0.000000000000000000, -0.1000000000000000056, 0.000000000000000000 ) ) ;
#7169 = DIRECTION ( 'NONE',  ( -1.000000000000000000, 0.000000000000000000, 0.000000000000000000 ) ) ;
#7170 = CARTESIAN_POINT ( 'NONE',  ( 0.8050000000000000488, 0.000000000000000000, 0.4000000000000000222 ) ) ;
#7171 = AXIS2_PLACEMENT_3D ( 'NONE', #6, #5799, #7690 ) ;
#7172 = ADVANCED_FACE ( 'NONE', ( #3596 ), #6930, .F. ) ;
#7173 = LINE ( 'NONE', #7514, #6838 ) ;
#7174 = ADVANCED_FACE ( 'NONE', ( #3543 ), #3982, .F. ) ;
#7175 = AXIS2_PLACEMENT_3D ( 'NONE', #3579, #5598, #6280 ) ;
#7176 = LINE ( 'NONE', #2062, #11437 ) ;
#7177 = ORIENTED_EDGE ( 'NONE', *, *, #8420, .T. ) ;
#7178 = ORIENTED_EDGE ( 'NONE', *, *, #3198, .F. ) ;
#7179 = ORIENTED_EDGE ( 'NONE', *, *, #6366, .F. ) ;
#7180 = DIRECTION ( 'NONE',  ( 0.000000000000000000, 0.000000000000000000, 1.000000000000000000 ) ) ;
#7181 = VECTOR ( 'NONE', #2546, 1000.000000000000000 ) ;
#7182 = FACE_BOUND ( 'NONE', #4678, .T. ) ;
#7183 = PRESENTATION_LAYER_ASSIGNMENT (  '', '', ( #12422 ) ) ;
#7184 = DIRECTION ( 'NONE',  ( 0.000000000000000000, 0.000000000000000000, 1.000000000000000000 ) ) ;
#7185 = CARTESIAN_POINT ( 'NONE',  ( 0.8699999999999997735, 0.3099999999999999978, -0.08499999999999961753 ) ) ;
#7186 = ORIENTED_EDGE ( 'NONE', *, *, #1212, .T. ) ;
#7187 = DIRECTION ( 'NONE',  ( 0.000000000000000000, -0.000000000000000000, -1.000000000000000000 ) ) ;
#7188 = EDGE_LOOP ( 'NONE', ( #4850, #7377, #198, #827 ) ) ;
#7189 = PLANE ( 'NONE',  #5341 ) ;
#7190 = ORIENTED_EDGE ( 'NONE', *, *, #10964, .T. ) ;
#7191 = DIRECTION ( 'NONE',  ( 0.000000000000000000, 0.000000000000000000, 1.000000000000000000 ) ) ;
#7192 = EDGE_CURVE ( 'NONE', #8686, #546, #3425, .T. ) ;
#7193 = DIRECTION ( 'NONE',  ( 0.000000000000000000, -1.000000000000000000, 0.000000000000000000 ) ) ;
#7194 = ORIENTED_EDGE ( 'NONE', *, *, #391, .F. ) ;
#7195 = LINE ( 'NONE', #6629, #11341 ) ;
#7196 = VECTOR ( 'NONE', #11936, 1000.000000000000000 ) ;
#7197 = VECTOR ( 'NONE', #5505, 1000.000000000000000 ) ;
#7198 = EDGE_LOOP ( 'NONE', ( #4696, #10270, #8985, #10695 ) ) ;
#7199 = EDGE_LOOP ( 'NONE', ( #12400, #9472, #8599, #1209 ) ) ;
#7200 = ORIENTED_EDGE ( 'NONE', *, *, #684, .T. ) ;
#7201 = CYLINDRICAL_SURFACE ( 'NONE', #113, 0.7600000000000002309 ) ;
#7202 = VECTOR ( 'NONE', #1094, 1000.000000000000000 ) ;
#7203 = ORIENTED_EDGE ( 'NONE', *, *, #8029, .T. ) ;
#7204 = ORIENTED_EDGE ( 'NONE', *, *, #2435, .F. ) ;
#7205 = EDGE_LOOP ( 'NONE', ( #9003, #6315, #1224, #5032 ) ) ;
#7206 = FILL_AREA_STYLE_COLOUR ( '', #11644 ) ;
#7207 = DIRECTION ( 'NONE',  ( 0.000000000000000000, 1.000000000000000000, 0.000000000000000000 ) ) ;
#7208 = DIRECTION ( 'NONE',  ( 1.000000000000000000, 0.000000000000000000, 0.000000000000000000 ) ) ;
#7209 = CARTESIAN_POINT ( 'NONE',  ( -1.269999999999999352, 0.000000000000000000, 8.130000000000000782 ) ) ;
#7210 = PLANE ( 'NONE',  #9716 ) ;
#7211 = DIRECTION ( 'NONE',  ( 1.000000000000000000, 0.000000000000000000, -3.491481338843133355E-15 ) ) ;
#7212 = DIRECTION ( 'NONE',  ( 1.000000000000000000, 0.000000000000000000, 0.000000000000000000 ) ) ;
#7213 =( NAMED_UNIT ( * ) SI_UNIT ( $, .STERADIAN. ) SOLID_ANGLE_UNIT ( ) );
#7214 = EDGE_CURVE ( 'NONE', #11892, #4736, #11778, .T. ) ;
#7215 = CARTESIAN_POINT ( 'NONE',  ( 1.814999999999999947, 0.000000000000000000, 0.4000000000000000222 ) ) ;
#7216 = LINE ( 'NONE', #4044, #11478 ) ;
#7217 = ORIENTED_EDGE ( 'NONE', *, *, #6976, .F. ) ;
#7218 = CARTESIAN_POINT ( 'NONE',  ( 3.259999999999997122, 0.03999999999999999389, -3.574999999999998401 ) ) ;
#7219 = ORIENTED_EDGE ( 'NONE', *, *, #4748, .T. ) ;
#7220 = EDGE_LOOP ( 'NONE', ( #1019, #12432, #6997, #5133 ) ) ;
#7221 = AXIS2_PLACEMENT_3D ( 'NONE', #1499, #4509, #10242 ) ;
#7222 = LINE ( 'NONE', #11194, #3168 ) ;
#7223 = FACE_OUTER_BOUND ( 'NONE', #4561, .T. ) ;
#7224 = ORIENTED_EDGE ( 'NONE', *, *, #305, .F. ) ;
#7225 = CARTESIAN_POINT ( 'NONE',  ( 5.079999999999999183, -1.570000000000000062, -9.269999999999999574 ) ) ;
#7226 = VERTEX_POINT ( 'NONE', #7018 ) ;
#7227 = ORIENTED_EDGE ( 'NONE', *, *, #1572, .T. ) ;
#7228 = EDGE_CURVE ( 'NONE', #10609, #4088, #7916, .T. ) ;
#7229 = EDGE_CURVE ( 'NONE', #3369, #2857, #7531, .T. ) ;
#7230 = VECTOR ( 'NONE', #5971, 1000.000000000000000 ) ;
#7231 = DIRECTION ( 'NONE',  ( -3.491481338843133355E-15, 0.000000000000000000, -1.000000000000000000 ) ) ;
#7232 = CARTESIAN_POINT ( 'NONE',  ( 4.610000000000001208, 0.000000000000000000, -2.344883736647871419 ) ) ;
#7233 = PLANE ( 'NONE',  #8612 ) ;
#7234 = PLANE ( 'NONE',  #9992 ) ;
#7235 = AXIS2_PLACEMENT_3D ( 'NONE', #6507, #6201, #6265 ) ;
#7236 = LINE ( 'NONE', #6905, #3185 ) ;
#7237 = DIRECTION ( 'NONE',  ( -1.000000000000000000, 0.000000000000000000, 3.491481338843133355E-15 ) ) ;
#7238 = ORIENTED_EDGE ( 'NONE', *, *, #206, .F. ) ;
#7239 = DIRECTION ( 'NONE',  ( -0.000000000000000000, 1.000000000000000000, -0.000000000000000000 ) ) ;
#7240 = VERTEX_POINT ( 'NONE', #10613 ) ;
#7241 = VERTEX_POINT ( 'NONE', #10919 ) ;
#7242 = CARTESIAN_POINT ( 'NONE',  ( -0.2049999999999999878, 0.000000000000000000, 0.4000000000000000222 ) ) ;
#7243 = FACE_OUTER_BOUND ( 'NONE', #1226, .T. ) ;
#7244 = EDGE_CURVE ( 'NONE', #7345, #8135, #12081, .T. ) ;
#7245 = FACE_OUTER_BOUND ( 'NONE', #7075, .T. ) ;
#7246 = FILL_AREA_STYLE_COLOUR ( '', #2530 ) ;
#7247 = ORIENTED_EDGE ( 'NONE', *, *, #9891, .T. ) ;
#7248 = EDGE_LOOP ( 'NONE', ( #4068, #7117, #806, #9852 ) ) ;
#7249 = ORIENTED_EDGE ( 'NONE', *, *, #1590, .T. ) ;
#7250 = CARTESIAN_POINT ( 'NONE',  ( -3.299999999999999822, 0.3499999999999999778, 1.199999999999999956 ) ) ;
#7251 = CARTESIAN_POINT ( 'NONE',  ( -4.410000000000001030, 0.5000000000000000000, -3.474999999999999645 ) ) ;
#7252 = ADVANCED_FACE ( 'NONE', ( #7768 ), #10761, .T. ) ;
#7253 = LINE ( 'NONE', #7155, #7643 ) ;
#7254 = DIRECTION ( 'NONE',  ( -3.614007241618350250E-16, 0.000000000000000000, 1.000000000000000000 ) ) ;
#7255 = CARTESIAN_POINT ( 'NONE',  ( -4.410000000000001030, 0.5000000000000000000, -2.875000000000000000 ) ) ;
#7256 = LINE ( 'NONE', #844, #11560 ) ;
#7257 = EDGE_CURVE ( 'NONE', #2857, #8437, #11883, .T. ) ;
#7258 = FACE_OUTER_BOUND ( 'NONE', #610, .T. ) ;
#7259 = ORIENTED_EDGE ( 'NONE', *, *, #7228, .F. ) ;
#7260 = UNCERTAINTY_MEASURE_WITH_UNIT (LENGTH_MEASURE( 1.000000000000000082E-05 ), #10517, 'distance_accuracy_value', 'NONE');
#7261 = EDGE_LOOP ( 'NONE', ( #6947, #2240, #10449, #3946 ) ) ;
#7262 = ORIENTED_EDGE ( 'NONE', *, *, #6810, .T. ) ;
#7263 = DIRECTION ( 'NONE',  ( 0.000000000000000000, 0.000000000000000000, 1.000000000000000000 ) ) ;
#7264 =( LENGTH_UNIT ( ) NAMED_UNIT ( * ) SI_UNIT ( .MILLI., .METRE. ) );
#7265 = LINE ( 'NONE', #8184, #3001 ) ;
#7266 = LINE ( 'NONE', #5568, #11442 ) ;
#7267 = CARTESIAN_POINT ( 'NONE',  ( 1.214999999999999858, 0.1000000000000000056, 0.4000000000000000222 ) ) ;
#7268 = DIRECTION ( 'NONE',  ( -1.000000000000000000, 0.000000000000000000, 0.000000000000000000 ) ) ;
#7269 = ORIENTED_EDGE ( 'NONE', *, *, #5569, .F. ) ;
#7270 = DIRECTION ( 'NONE',  ( 1.000000000000000000, 0.000000000000000000, 0.000000000000000000 ) ) ;
#7271 = DIRECTION ( 'NONE',  ( 0.000000000000000000, 1.000000000000000000, 0.000000000000000000 ) ) ;
#7272 = EDGE_CURVE ( 'NONE', #2259, #6896, #3697, .T. ) ;
#7273 = ORIENTED_EDGE ( 'NONE', *, *, #8266, .T. ) ;
#7274 = PLANE ( 'NONE',  #9021 ) ;
#7275 = CARTESIAN_POINT ( 'NONE',  ( 4.359999999999997655, 0.3099999999999999978, -3.575000000000001954 ) ) ;
#7276 = VERTEX_POINT ( 'NONE', #3897 ) ;
#7277 = LINE ( 'NONE', #846, #11491 ) ;
#7278 = LINE ( 'NONE', #3969, #11704 ) ;
#7279 = LINE ( 'NONE', #2351, #3203 ) ;
#7280 = ADVANCED_FACE ( 'NONE', ( #7675 ), #4940, .F. ) ;
#7281 = CARTESIAN_POINT ( 'NONE',  ( -1.969999999999999973, 1.500000000000000000, 1.180000000000000160 ) ) ;
#7282 = ADVANCED_FACE ( 'NONE', ( #3452 ), #11848, .T. ) ;
#7283 = DIRECTION ( 'NONE',  ( 1.162683294890621812E-16, 0.000000000000000000, 1.000000000000000000 ) ) ;
#7284 = VECTOR ( 'NONE', #6600, 1000.000000000000000 ) ;
#7285 = VERTEX_POINT ( 'NONE', #1280 ) ;
#7286 = EDGE_LOOP ( 'NONE', ( #1625, #10433, #7397, #5870, #7524, #2092, #9668, #3283 ) ) ;
#7287 = ORIENTED_EDGE ( 'NONE', *, *, #12474, .T. ) ;
#7288 = VECTOR ( 'NONE', #4392, 1000.000000000000000 ) ;
#7289 = ORIENTED_EDGE ( 'NONE', *, *, #3547, .F. ) ;
#7290 = VERTEX_POINT ( 'NONE', #7689 ) ;
#7291 = DIRECTION ( 'NONE',  ( -1.000000000000000000, -0.000000000000000000, -0.000000000000000000 ) ) ;
#7292 = ORIENTED_EDGE ( 'NONE', *, *, #401, .T. ) ;
#7293 = EDGE_CURVE ( 'NONE', #500, #10968, #7855, .T. ) ;
#7294 = AXIS2_PLACEMENT_3D ( 'NONE', #5582, #9495, #10974 ) ;
#7295 = DIRECTION ( 'NONE',  ( 0.000000000000000000, 1.000000000000000000, 0.000000000000000000 ) ) ;
#7296 = DIRECTION ( 'NONE',  ( -1.000000000000000000, 0.000000000000000000, -1.707404996040164018E-16 ) ) ;
#7297 = CYLINDRICAL_SURFACE ( 'NONE', #4815, 0.7600000000000002309 ) ;
#7298 = DIRECTION ( 'NONE',  ( -0.000000000000000000, 1.000000000000000000, 3.226792180016387497E-17 ) ) ;
#7299 = CARTESIAN_POINT ( 'NONE',  ( 0.2049999999999999878, 0.1000000000000000056, -0.4000000000000000222 ) ) ;
#7300 = DIRECTION ( 'NONE',  ( -0.000000000000000000, -1.000000000000000000, -0.000000000000000000 ) ) ;
#7301 = DIRECTION ( 'NONE',  ( 0.000000000000000000, -1.000000000000000000, 0.000000000000000000 ) ) ;
#7302 = DIRECTION ( 'NONE',  ( -3.614007241618350250E-16, 0.000000000000000000, 1.000000000000000000 ) ) ;
#7303 = VECTOR ( 'NONE', #8955, 1000.000000000000000 ) ;
#7304 = DIRECTION ( 'NONE',  ( 1.000000000000000000, 0.000000000000000000, -3.491481338843133355E-15 ) ) ;
#7305 = ORIENTED_EDGE ( 'NONE', *, *, #5552, .T. ) ;
#7306 = VECTOR ( 'NONE', #4753, 1000.000000000000000 ) ;
#7307 = EDGE_LOOP ( 'NONE', ( #8396, #11294, #4741, #337 ) ) ;
#7308 = CARTESIAN_POINT ( 'NONE',  ( -3.250000000000000000, 1.550000000000000044, -2.149999999999999911 ) ) ;
#7309 = ORIENTED_EDGE ( 'NONE', *, *, #5864, .T. ) ;
#7310 = VERTEX_POINT ( 'NONE', #2163 ) ;
#7311 = ADVANCED_FACE ( 'NONE', ( #3656 ), #8832, .F. ) ;
#7312 = VECTOR ( 'NONE', #9960, 1000.000000000000000 ) ;
#7313 = FACE_OUTER_BOUND ( 'NONE', #5412, .T. ) ;
#7314 = FILL_AREA_STYLE ('',( #10138 ) ) ;
#7315 = ORIENTED_EDGE ( 'NONE', *, *, #10611, .F. ) ;
#7316 = STYLED_ITEM ( 'NONE', ( #361 ), #1301 ) ;
#7317 = SURFACE_STYLE_USAGE ( .BOTH. , #3451 ) ;
#7318 = VERTEX_POINT ( 'NONE', #10683 ) ;
#7319 = ORIENTED_EDGE ( 'NONE', *, *, #2709, .F. ) ;
#7320 = STYLED_ITEM ( 'NONE', ( #816 ), #11989 ) ;
#7321 = FACE_OUTER_BOUND ( 'NONE', #8558, .T. ) ;
#7322 = AXIS2_PLACEMENT_3D ( 'NONE', #5395, #7208, #8258 ) ;
#7323 = LINE ( 'NONE', #11100, #7230 ) ;
#7324 = CARTESIAN_POINT ( 'NONE',  ( 4.209999999999999076, 0.3099999999999999978, -0.08499999999999982569 ) ) ;
#7325 = DIRECTION ( 'NONE',  ( 1.000000000000000000, 0.000000000000000000, 0.000000000000000000 ) ) ;
#7326 = CARTESIAN_POINT ( 'NONE',  ( 4.570000000000002061, 0.3099999999999999978, -2.344883736647871419 ) ) ;
#7327 = DIRECTION ( 'NONE',  ( 0.000000000000000000, -1.000000000000000000, 0.000000000000000000 ) ) ;
#7328 = VERTEX_POINT ( 'NONE', #11666 ) ;
#7329 = CARTESIAN_POINT ( 'NONE',  ( 3.260000000000001563, -3.407492542097300425E-16, -2.344883736647866534 ) ) ;
#7330 = FILL_AREA_STYLE ('',( #9151 ) ) ;
#7331 = DIRECTION ( 'NONE',  ( 0.000000000000000000, 1.000000000000000000, 0.000000000000000000 ) ) ;
#7332 = DIRECTION ( 'NONE',  ( 1.100712865467517572E-16, 0.000000000000000000, 1.000000000000000000 ) ) ;
#7333 = CLOSED_SHELL ( 'NONE', ( #1828, #2141, #5192, #9054, #6998, #5380 ) ) ;
#7334 = DIRECTION ( 'NONE',  ( 0.000000000000000000, 1.000000000000000000, 0.000000000000000000 ) ) ;
#7335 = ORIENTED_EDGE ( 'NONE', *, *, #213, .T. ) ;
#7336 = AXIS2_PLACEMENT_3D ( 'NONE', #1979, #9330, #9067 ) ;
#7337 = ORIENTED_EDGE ( 'NONE', *, *, #11982, .T. ) ;
#7338 = CARTESIAN_POINT ( 'NONE',  ( 0.8050000000000000488, 0.000000000000000000, -1.000000000000000000 ) ) ;
#7339 = LINE ( 'NONE', #10528, #11568 ) ;
#7340 = FACE_OUTER_BOUND ( 'NONE', #7751, .T. ) ;
#7341 = CARTESIAN_POINT ( 'NONE',  ( 4.209999999999999076, 0.04000000000000000083, 0.1250000000000001110 ) ) ;
#7342 = AXIS2_PLACEMENT_3D ( 'NONE', #4045, #6212, #6000 ) ;
#7343 = VERTEX_POINT ( 'NONE', #99 ) ;
#7344 = EDGE_LOOP ( 'NONE', ( #756, #10040, #10104, #7806 ) ) ;
#7345 = VERTEX_POINT ( 'NONE', #4432 ) ;
#7346 = DIRECTION ( 'NONE',  ( -1.707404996040164018E-16, 0.000000000000000000, 1.000000000000000000 ) ) ;
#7347 = CARTESIAN_POINT ( 'NONE',  ( -0.2049999999999999878, 0.1000000000000000056, 0.4000000000000000222 ) ) ;
#7348 = LINE ( 'NONE', #5920, #3422 ) ;
#7349 = DIRECTION ( 'NONE',  ( 0.000000000000000000, 0.000000000000000000, 1.000000000000000000 ) ) ;
#7350 = CARTESIAN_POINT ( 'NONE',  ( 3.810000000000000941, -1.570000000000000284, 8.890000000000000568 ) ) ;
#7351 = AXIS2_PLACEMENT_3D ( 'NONE', #7958, #9007, #9944 ) ;
#7352 = ORIENTED_EDGE ( 'NONE', *, *, #5664, .T. ) ;
#7353 = VECTOR ( 'NONE', #6355, 1000.000000000000000 ) ;
#7354 = ORIENTED_EDGE ( 'NONE', *, *, #7436, .T. ) ;
#7355 = ORIENTED_EDGE ( 'NONE', *, *, #12190, .F. ) ;
#7356 = DIRECTION ( 'NONE',  ( -1.000000000000000000, 0.000000000000000000, 0.000000000000000000 ) ) ;
#7357 = CIRCLE ( 'NONE', #10402, 0.5100000000000017852 ) ;
#7358 = LINE ( 'NONE', #9218, #2962 ) ;
#7359 = DIRECTION ( 'NONE',  ( 0.000000000000000000, 1.000000000000000000, 0.000000000000000000 ) ) ;
#7360 = EDGE_LOOP ( 'NONE', ( #8429, #4033 ) ) ;
#7361 = DIRECTION ( 'NONE',  ( 1.000000000000000000, 0.000000000000000000, -4.517509052022940401E-16 ) ) ;
#7362 = DIRECTION ( 'NONE',  ( 0.000000000000000000, 0.000000000000000000, -1.000000000000000000 ) ) ;
#7363 = CARTESIAN_POINT ( 'NONE',  ( 0.8050000000000000488, 0.000000000000000000, -1.000000000000000000 ) ) ;
#7364 = DIRECTION ( 'NONE',  ( 0.000000000000000000, 1.000000000000000000, 0.000000000000000000 ) ) ;
#7365 = ORIENTED_EDGE ( 'NONE', *, *, #6377, .T. ) ;
#7366 = DIRECTION ( 'NONE',  ( 0.000000000000000000, 0.000000000000000000, 1.000000000000000000 ) ) ;
#7367 = CARTESIAN_POINT ( 'NONE',  ( 3.810000000000000941, -3.719604614807106024, 8.890000000000000568 ) ) ;
#7368 = ORIENTED_EDGE ( 'NONE', *, *, #154, .F. ) ;
#7369 = ADVANCED_FACE ( 'NONE', ( #11946 ), #11252, .T. ) ;
#7370 = CIRCLE ( 'NONE', #8757, 0.7600000000000002309 ) ;
#7371 = SURFACE_STYLE_FILL_AREA ( #421 ) ;
#7372 = CARTESIAN_POINT ( 'NONE',  ( -2.232161706211294838, 3.100000000000000089, -1.932161706211289909 ) ) ;
#7373 = ORIENTED_EDGE ( 'NONE', *, *, #1852, .F. ) ;
#7374 = CARTESIAN_POINT ( 'NONE',  ( 1.669999999999999929, 0.000000000000000000, 0.000000000000000000 ) ) ;
#7375 = FACE_OUTER_BOUND ( 'NONE', #2002, .T. ) ;
#7376 = ORIENTED_EDGE ( 'NONE', *, *, #5447, .F. ) ;
#7377 = ORIENTED_EDGE ( 'NONE', *, *, #4160, .T. ) ;
#7378 = EDGE_CURVE ( 'NONE', #2705, #10183, #12338, .T. ) ;
#7379 = CIRCLE ( 'NONE', #293, 0.7600000000000002309 ) ;
#7380 = LINE ( 'NONE', #7218, #11687 ) ;
#7381 = ORIENTED_EDGE ( 'NONE', *, *, #1348, .T. ) ;
#7382 = ORIENTED_EDGE ( 'NONE', *, *, #10034, .T. ) ;
#7383 = VERTEX_POINT ( 'NONE', #5451 ) ;
#7384 = DIRECTION ( 'NONE',  ( 0.000000000000000000, 0.000000000000000000, 1.000000000000000000 ) ) ;
#7385 = ORIENTED_EDGE ( 'NONE', *, *, #6245, .T. ) ;
#7386 = DIRECTION ( 'NONE',  ( 0.000000000000000000, 0.000000000000000000, 1.000000000000000000 ) ) ;
#7387 =( NAMED_UNIT ( * ) SI_UNIT ( $, .STERADIAN. ) SOLID_ANGLE_UNIT ( ) );
#7388 = CARTESIAN_POINT ( 'NONE',  ( 3.250000000000000000, 1.149999999999999911, -1.199999999999999956 ) ) ;
#7389 = DIRECTION ( 'NONE',  ( 0.000000000000000000, 0.000000000000000000, 1.000000000000000000 ) ) ;
#7390 = CARTESIAN_POINT ( 'NONE',  ( 3.350000000000000089, 1.149999999999999911, -1.199999999999999956 ) ) ;
#7391 = DIRECTION ( 'NONE',  ( 0.000000000000000000, 0.000000000000000000, -1.000000000000000000 ) ) ;
#7392 = DIRECTION ( 'NONE',  ( -8.199904827254259034E-17, 1.000000000000000000, 0.000000000000000000 ) ) ;
#7393 = LINE ( 'NONE', #3255, #3061 ) ;
#7394 = ADVANCED_FACE ( 'NONE', ( #7892 ), #6303, .T. ) ;
#7395 = DIRECTION ( 'NONE',  ( 0.000000000000000000, 0.000000000000000000, 1.000000000000000000 ) ) ;
#7396 = ADVANCED_FACE ( 'NONE', ( #3386 ), #12385, .F. ) ;
#7397 = ORIENTED_EDGE ( 'NONE', *, *, #3449, .T. ) ;
#7398 = DIRECTION ( 'NONE',  ( -0.1391731009600656321, 0.9902680687415703620, 0.000000000000000000 ) ) ;
#7399 = EDGE_LOOP ( 'NONE', ( #433, #10314, #1994, #8492 ) ) ;
#7400 = CLOSED_SHELL ( 'NONE', ( #4903, #12135, #12367, #4122, #2173, #10504 ) ) ;
#7401 = FACE_OUTER_BOUND ( 'NONE', #8485, .T. ) ;
#7402 = VECTOR ( 'NONE', #3446, 1000.000000000000000 ) ;
#7403 = FILL_AREA_STYLE ('',( #1627 ) ) ;
#7404 = ORIENTED_EDGE ( 'NONE', *, *, #3565, .T. ) ;
#7405 = STYLED_ITEM ( 'NONE', ( #700 ), #3376 ) ;
#7406 = VERTEX_POINT ( 'NONE', #1589 ) ;
#7407 = ORIENTED_EDGE ( 'NONE', *, *, #6971, .T. ) ;
#7408 = FACE_OUTER_BOUND ( 'NONE', #6915, .T. ) ;
#7409 = DIRECTION ( 'NONE',  ( 0.000000000000000000, 1.000000000000000000, 0.000000000000000000 ) ) ;
#7410 = CARTESIAN_POINT ( 'NONE',  ( 0.000000000000000000, 0.000000000000000000, 0.000000000000000000 ) ) ;
#7411 = AXIS2_PLACEMENT_3D ( 'NONE', #9801, #5881, #6776 ) ;
#7412 = CARTESIAN_POINT ( 'NONE',  ( 4.209999999999999076, 0.3499999999999999778, 0.1650000000000001188 ) ) ;
#7413 = CARTESIAN_POINT ( 'NONE',  ( -6.984999999999999432, -0.1000000000000000056, -1.364399999999999169 ) ) ;
#7414 = VERTEX_POINT ( 'NONE', #1657 ) ;
#7415 = CARTESIAN_POINT ( 'NONE',  ( 6.985000000000000320, -0.1000000000000000056, -0.3174999999999996714 ) ) ;
#7416 = DIRECTION ( 'NONE',  ( 0.000000000000000000, 1.000000000000000000, 0.000000000000000000 ) ) ;
#7417 = DIRECTION ( 'NONE',  ( 0.000000000000000000, 0.000000000000000000, 1.000000000000000000 ) ) ;
#7418 = LINE ( 'NONE', #4489, #7197 ) ;
#7419 = DIRECTION ( 'NONE',  ( 1.000000000000000000, 0.000000000000000000, 0.000000000000000000 ) ) ;
#7420 = CARTESIAN_POINT ( 'NONE',  ( 4.570000000000001172, 0.3099999999999999978, -2.775000000000002576 ) ) ;
#7421 = VERTEX_POINT ( 'NONE', #2485 ) ;
#7422 = ORIENTED_EDGE ( 'NONE', *, *, #6515, .F. ) ;
#7423 = VECTOR ( 'NONE', #6724, 1000.000000000000000 ) ;
#7424 = CARTESIAN_POINT ( 'NONE',  ( 1.814999999999999947, 0.1000000000000000056, 1.000000000000000000 ) ) ;
#7425 = ORIENTED_EDGE ( 'NONE', *, *, #5099, .F. ) ;
#7426 = ORIENTED_EDGE ( 'NONE', *, *, #2681, .T. ) ;
#7427 = MANIFOLD_SOLID_BREP ( 'Cut-Extrude2', #4629 ) ;
#7428 = ORIENTED_EDGE ( 'NONE', *, *, #11045, .F. ) ;
#7429 = DIRECTION ( 'NONE',  ( -0.000000000000000000, 0.000000000000000000, 1.000000000000000000 ) ) ;
#7430 = EDGE_CURVE ( 'NONE', #5249, #12061, #7829, .T. ) ;
#7431 = LINE ( 'NONE', #2373, #11648 ) ;
#7432 = DIRECTION ( 'NONE',  ( -0.000000000000000000, -1.000000000000000000, -0.000000000000000000 ) ) ;
#7433 = CARTESIAN_POINT ( 'NONE',  ( 4.570000000000001172, 0.04000000000000000083, -2.775000000000002576 ) ) ;
#7434 = UNCERTAINTY_MEASURE_WITH_UNIT (LENGTH_MEASURE( 1.000000000000000082E-05 ), #1217, 'distance_accuracy_value', 'NONE');
#7435 = EDGE_CURVE ( 'NONE', #11780, #11129, #12035, .T. ) ;
#7436 = EDGE_CURVE ( 'NONE', #12004, #8162, #3681, .T. ) ;
#7437 = EDGE_CURVE ( 'NONE', #7139, #8647, #3721, .T. ) ;
#7438 = FACE_OUTER_BOUND ( 'NONE', #5309, .T. ) ;
#7439 = AXIS2_PLACEMENT_3D ( 'NONE', #12450, #886, #712 ) ;
#7440 = ORIENTED_EDGE ( 'NONE', *, *, #5227, .T. ) ;
#7441 = FACE_OUTER_BOUND ( 'NONE', #1347, .T. ) ;
#7442 = VERTEX_POINT ( 'NONE', #1430 ) ;
#7443 = ORIENTED_EDGE ( 'NONE', *, *, #11836, .F. ) ;
#7444 = DIRECTION ( 'NONE',  ( 1.000000000000000000, -0.000000000000000000, 0.000000000000000000 ) ) ;
#7445 = FACE_OUTER_BOUND ( 'NONE', #9912, .T. ) ;
#7446 = VECTOR ( 'NONE', #8785, 1000.000000000000227 ) ;
#7447 = CARTESIAN_POINT ( 'NONE',  ( 3.810000000000000941, -3.719604614807106024, 8.130000000000000782 ) ) ;
#7448 = VERTEX_POINT ( 'NONE', #10246 ) ;
#7449 = DIRECTION ( 'NONE',  ( 1.000000000000000000, 0.000000000000000000, -4.517509052022940401E-16 ) ) ;
#7450 = DIRECTION ( 'NONE',  ( -1.000000000000000000, 0.000000000000000000, 0.000000000000000000 ) ) ;
#7451 = CARTESIAN_POINT ( 'NONE',  ( -1.214999999999999858, 0.1000000000000000056, 0.4000000000000000222 ) ) ;
#7452 = ORIENTED_EDGE ( 'NONE', *, *, #3184, .T. ) ;
#7453 = CARTESIAN_POINT ( 'NONE',  ( 1.814999999999999947, 0.000000000000000000, 1.000000000000000000 ) ) ;
#7454 = AXIS2_PLACEMENT_3D ( 'NONE', #3405, #11081, #1593 ) ;
#7455 = VERTEX_POINT ( 'NONE', #5677 ) ;
#7456 = VECTOR ( 'NONE', #10731, 1000.000000000000000 ) ;
#7457 = VECTOR ( 'NONE', #4460, 1000.000000000000000 ) ;
#7458 = EDGE_CURVE ( 'NONE', #1688, #11600, #8125, .T. ) ;
#7459 = DIRECTION ( 'NONE',  ( 0.000000000000000000, 1.000000000000000000, 0.000000000000000000 ) ) ;
#7460 = EDGE_CURVE ( 'NONE', #11823, #10531, #4157, .T. ) ;
#7461 = ORIENTED_EDGE ( 'NONE', *, *, #2583, .F. ) ;
#7462 = FACE_OUTER_BOUND ( 'NONE', #4573, .T. ) ;
#7463 = EDGE_CURVE ( 'NONE', #3667, #8135, #4002, .T. ) ;
#7464 = AXIS2_PLACEMENT_3D ( 'NONE', #4170, #5199, #7184 ) ;
#7465 = EDGE_LOOP ( 'NONE', ( #130, #394, #1002, #8617 ) ) ;
#7466 = ORIENTED_EDGE ( 'NONE', *, *, #3014, .F. ) ;
#7467 = VECTOR ( 'NONE', #1371, 1000.000000000000000 ) ;
#7468 = LINE ( 'NONE', #5786, #3280 ) ;
#7469 = ORIENTED_EDGE ( 'NONE', *, *, #5419, .T. ) ;
#7470 = VERTEX_POINT ( 'NONE', #649 ) ;
#7471 = DIRECTION ( 'NONE',  ( 0.000000000000000000, -1.084202172485506209E-15, 1.000000000000000000 ) ) ;
#7472 = ORIENTED_EDGE ( 'NONE', *, *, #5639, .T. ) ;
#7473 = DIRECTION ( 'NONE',  ( 1.000000000000000000, 0.000000000000000000, 0.000000000000000000 ) ) ;
#7474 = CARTESIAN_POINT ( 'NONE',  ( -3.809999999999999609, 0.000000000000000000, 8.890000000000000568 ) ) ;
#7475 = PLANE ( 'NONE',  #7615 ) ;
#7476 = ADVANCED_FACE ( 'NONE', ( #4115 ), #12113, .T. ) ;
#7477 = AXIS2_PLACEMENT_3D ( 'NONE', #3317, #6768, #6093 ) ;
#7478 = VECTOR ( 'NONE', #72, 1000.000000000000000 ) ;
#7479 = DIRECTION ( 'NONE',  ( 0.000000000000000000, -0.000000000000000000, 1.000000000000000000 ) ) ;
#7480 = DIRECTION ( 'NONE',  ( 0.000000000000000000, -1.000000000000000000, 0.000000000000000000 ) ) ;
#7481 =( NAMED_UNIT ( * ) SI_UNIT ( $, .STERADIAN. ) SOLID_ANGLE_UNIT ( ) );
#7482 = DIRECTION ( 'NONE',  ( -3.491481338843133355E-15, 0.000000000000000000, -1.000000000000000000 ) ) ;
#7483 = CARTESIAN_POINT ( 'NONE',  ( 1.214999999999999858, 0.000000000000000000, -1.000000000000000000 ) ) ;
#7484 = PRODUCT_DEFINITION_FORMATION_WITH_SPECIFIED_SOURCE ( 'ANY', '', #1231, .NOT_KNOWN. ) ;
#7485 = CARTESIAN_POINT ( 'NONE',  ( 6.985000000000000320, -0.1000000000000000472, -0.3174999999999996714 ) ) ;
#7486 = AXIS2_PLACEMENT_3D ( 'NONE', #8549, #3720, #7586 ) ;
#7487 = ORIENTED_EDGE ( 'NONE', *, *, #11432, .T. ) ;
#7488 = SURFACE_STYLE_FILL_AREA ( #7722 ) ;
#7489 = EDGE_CURVE ( 'NONE', #7310, #6396, #4206, .T. ) ;
#7490 = VECTOR ( 'NONE', #10516, 1000.000000000000000 ) ;
#7491 = CARTESIAN_POINT ( 'NONE',  ( -6.349999999999999645, -3.719604614807106024, 8.890000000000000568 ) ) ;
#7492 = VERTEX_POINT ( 'NONE', #8505 ) ;
#7493 = ORIENTED_EDGE ( 'NONE', *, *, #3838, .T. ) ;
#7494 =( GEOMETRIC_REPRESENTATION_CONTEXT ( 3 ) GLOBAL_UNCERTAINTY_ASSIGNED_CONTEXT ( ( #5234 ) ) GLOBAL_UNIT_ASSIGNED_CONTEXT ( ( #10616, #386, #9950 ) ) REPRESENTATION_CONTEXT ( 'NONE', 'WORKASPACE' ) );
#7495 = LINE ( 'NONE', #703, #7181 ) ;
#7496 = FACE_OUTER_BOUND ( 'NONE', #413, .T. ) ;
#7497 = AXIS2_PLACEMENT_3D ( 'NONE', #10765, #11764, #192 ) ;
#7498 = DIRECTION ( 'NONE',  ( 0.000000000000000000, 1.000000000000000000, 0.000000000000000000 ) ) ;
#7499 = ORIENTED_EDGE ( 'NONE', *, *, #11328, .F. ) ;
#7500 = DIRECTION ( 'NONE',  ( 0.000000000000000000, -0.9902680687415703620, 0.1391731009600658819 ) ) ;
#7501 = EDGE_LOOP ( 'NONE', ( #10391, #10141, #1368, #1367, #6116, #2801, #9824 ) ) ;
#7502 = ORIENTED_EDGE ( 'NONE', *, *, #9732, .T. ) ;
#7503 = CIRCLE ( 'NONE', #6981, 0.7600000000000002309 ) ;
#7504 = FACE_OUTER_BOUND ( 'NONE', #10179, .T. ) ;
#7505 = PLANE ( 'NONE',  #7563 ) ;
#7506 = ADVANCED_FACE ( 'NONE', ( #246 ), #10782, .F. ) ;
#7507 = CARTESIAN_POINT ( 'NONE',  ( 3.299999999999999822, 0.3499999999999999778, -1.199999999999999956 ) ) ;
#7508 = DIRECTION ( 'NONE',  ( -1.000000000000000000, 0.000000000000000000, 0.000000000000000000 ) ) ;
#7509 = DIRECTION ( 'NONE',  ( 0.000000000000000000, 0.000000000000000000, 1.000000000000000000 ) ) ;
#7510 = ADVANCED_FACE ( 'NONE', ( #8190 ), #5893, .T. ) ;
#7511 = EDGE_LOOP ( 'NONE', ( #10344, #7292, #6374, #4829 ) ) ;
#7512 = LINE ( 'NONE', #4012, #3295 ) ;
#7513 =( NAMED_UNIT ( * ) SI_UNIT ( $, .STERADIAN. ) SOLID_ANGLE_UNIT ( ) );
#7514 = CARTESIAN_POINT ( 'NONE',  ( 0.4398837366478682287, 0.3499999999999997002, -1.185000000000000053 ) ) ;
#7515 = CARTESIAN_POINT ( 'NONE',  ( 0.2049999999999999878, 0.000000000000000000, -0.4000000000000000222 ) ) ;
#7516 = DIRECTION ( 'NONE',  ( 0.000000000000000000, 1.000000000000000000, 0.000000000000000000 ) ) ;
#7517 =( NAMED_UNIT ( * ) PLANE_ANGLE_UNIT ( ) SI_UNIT ( $, .RADIAN. ) );
#7518 = ORIENTED_EDGE ( 'NONE', *, *, #2426, .T. ) ;
#7519 = ORIENTED_EDGE ( 'NONE', *, *, #10506, .T. ) ;
#7520 = CIRCLE ( 'NONE', #4760, 1.650000000000000355 ) ;
#7521 = DIRECTION ( 'NONE',  ( 0.000000000000000000, 0.000000000000000000, -1.000000000000000000 ) ) ;
#7522 = ORIENTED_EDGE ( 'NONE', *, *, #11181, .T. ) ;
#7523 = AXIS2_PLACEMENT_3D ( 'NONE', #348, #11731, #1330 ) ;
#7524 = ORIENTED_EDGE ( 'NONE', *, *, #11534, .T. ) ;
#7525 = ORIENTED_EDGE ( 'NONE', *, *, #5120, .F. ) ;
#7526 = CARTESIAN_POINT ( 'NONE',  ( 0.8699999999999997735, 0.04000000000000000083, 0.1250000000000003331 ) ) ;
#7527 = VECTOR ( 'NONE', #8166, 1000.000000000000000 ) ;
#7528 = VECTOR ( 'NONE', #3343, 1000.000000000000000 ) ;
#7529 = CARTESIAN_POINT ( 'NONE',  ( 1.669999999999999929, 0.3099999999999999978, 0.1250000000000003331 ) ) ;
#7530 = EDGE_LOOP ( 'NONE', ( #4127, #3218, #7784, #11893 ) ) ;
#7531 = LINE ( 'NONE', #9094, #7650 ) ;
#7532 = VERTEX_POINT ( 'NONE', #6788 ) ;
#7533 = ORIENTED_EDGE ( 'NONE', *, *, #1445, .F. ) ;
#7534 = CARTESIAN_POINT ( 'NONE',  ( -2.350000000000000089, 0.2999999999999999889, 1.199999999999999956 ) ) ;
#7535 = LINE ( 'NONE', #1923, #3328 ) ;
#7536 = LINE ( 'NONE', #3179, #11569 ) ;
#7537 = DIRECTION ( 'NONE',  ( -1.000000000000000000, -1.141265444721583757E-16, 0.000000000000000000 ) ) ;
#7538 = VERTEX_POINT ( 'NONE', #6627 ) ;
#7539 = CARTESIAN_POINT ( 'NONE',  ( -1.214999999999999858, 0.1000000000000000056, 0.4000000000000000222 ) ) ;
#7540 = DIRECTION ( 'NONE',  ( 0.000000000000000000, 1.000000000000000000, 0.000000000000000000 ) ) ;
#7541 = CARTESIAN_POINT ( 'NONE',  ( 3.260000000000000231, -3.388131789017201356E-16, -2.774999999999998135 ) ) ;
#7542 = ORIENTED_EDGE ( 'NONE', *, *, #185, .F. ) ;
#7543 = ORIENTED_EDGE ( 'NONE', *, *, #4797, .F. ) ;
#7544 = CARTESIAN_POINT ( 'NONE',  ( 6.350000000000001421, 0.000000000000000000, 8.380000000000000782 ) ) ;
#7545 = ORIENTED_EDGE ( 'NONE', *, *, #7762, .F. ) ;
#7546 = DIRECTION ( 'NONE',  ( -0.000000000000000000, 1.000000000000000000, 0.000000000000000000 ) ) ;
#7547 = AXIS2_PLACEMENT_3D ( 'NONE', #1425, #5443, #3394 ) ;
#7548 = VECTOR ( 'NONE', #7869, 1000.000000000000000 ) ;
#7549 = ORIENTED_EDGE ( 'NONE', *, *, #3198, .T. ) ;
#7550 = VERTEX_POINT ( 'NONE', #3846 ) ;
#7551 = VECTOR ( 'NONE', #9086, 1000.000000000000227 ) ;
#7552 = EDGE_CURVE ( 'NONE', #2507, #3623, #124, .T. ) ;
#7553 = FACE_BOUND ( 'NONE', #4146, .T. ) ;
#7554 = EDGE_CURVE ( 'NONE', #1474, #8162, #12496, .T. ) ;
#7555 = EDGE_LOOP ( 'NONE', ( #310, #4451, #4275, #4097 ) ) ;
#7556 = VERTEX_POINT ( 'NONE', #2030 ) ;
#7557 =( LENGTH_UNIT ( ) NAMED_UNIT ( * ) SI_UNIT ( .MILLI., .METRE. ) );
#7558 = CLOSED_SHELL ( 'NONE', ( #8038, #10859, #9999, #5340, #4263, #2118, #7821, #4646, #1208, #6584 ) ) ;
#7559 = CARTESIAN_POINT ( 'NONE',  ( -4.410000000000001030, 0.000000000000000000, -3.474999999999999645 ) ) ;
#7560 = DIRECTION ( 'NONE',  ( 0.000000000000000000, 0.000000000000000000, 1.000000000000000000 ) ) ;
#7561 = DIRECTION ( 'NONE',  ( -3.491481338843133355E-15, 0.000000000000000000, -1.000000000000000000 ) ) ;
#7562 = DIRECTION ( 'NONE',  ( 0.000000000000000000, 0.000000000000000000, -1.000000000000000000 ) ) ;
#7563 = AXIS2_PLACEMENT_3D ( 'NONE', #2545, #1561, #7409 ) ;
#7564 = LINE ( 'NONE', #4496, #11832 ) ;
#7565 = CARTESIAN_POINT ( 'NONE',  ( 0.000000000000000000, 0.5000000000000000000, 0.000000000000000000 ) ) ;
#7566 = CARTESIAN_POINT ( 'NONE',  ( -5.714999999999998970, 0.000000000000000000, 0.09439999999999956759 ) ) ;
#7567 = DIRECTION ( 'NONE',  ( -0.000000000000000000, -1.000000000000000000, -0.000000000000000000 ) ) ;
#7568 = CARTESIAN_POINT ( 'NONE',  ( 1.270000000000000240, -3.719604614807106024, 8.380000000000000782 ) ) ;
#7569 = EDGE_CURVE ( 'NONE', #4242, #7819, #4093, .T. ) ;
#7570 = FACE_BOUND ( 'NONE', #12199, .T. ) ;
#7571 = FILL_AREA_STYLE_COLOUR ( '', #6233 ) ;
#7572 = EDGE_CURVE ( 'NONE', #7745, #7909, #4027, .T. ) ;
#7573 = ORIENTED_EDGE ( 'NONE', *, *, #1338, .T. ) ;
#7574 = DIRECTION ( 'NONE',  ( 0.000000000000000000, 1.000000000000000000, 0.000000000000000000 ) ) ;
#7575 = EDGE_CURVE ( 'NONE', #7579, #7578, #4359, .T. ) ;
#7576 = CARTESIAN_POINT ( 'NONE',  ( -3.299999999999999822, 0.3499999999999999778, 1.199999999999999956 ) ) ;
#7577 = EDGE_CURVE ( 'NONE', #10474, #2109, #12524, .T. ) ;
#7578 = VERTEX_POINT ( 'NONE', #11696 ) ;
#7579 = VERTEX_POINT ( 'NONE', #2736 ) ;
#7580 = FACE_OUTER_BOUND ( 'NONE', #3640, .T. ) ;
#7581 = SURFACE_STYLE_FILL_AREA ( #2728 ) ;
#7582 = DIRECTION ( 'NONE',  ( 0.000000000000000000, 0.000000000000000000, -1.000000000000000000 ) ) ;
#7583 = EDGE_LOOP ( 'NONE', ( #11220, #8763, #9004, #8602 ) ) ;
#7584 = ORIENTED_EDGE ( 'NONE', *, *, #5986, .F. ) ;
#7585 = EDGE_CURVE ( 'NONE', #8467, #7597, #4269, .T. ) ;
#7586 = DIRECTION ( 'NONE',  ( 1.000000000000000000, 0.000000000000000000, 0.000000000000000000 ) ) ;
#7587 = ORIENTED_EDGE ( 'NONE', *, *, #7554, .T. ) ;
#7588 = EDGE_CURVE ( 'NONE', #7226, #496, #4382, .T. ) ;
#7589 = ORIENTED_EDGE ( 'NONE', *, *, #4453, .F. ) ;
#7590 = ADVANCED_FACE ( 'NONE', ( #12470 ), #10563, .F. ) ;
#7591 = FACE_OUTER_BOUND ( 'NONE', #9955, .T. ) ;
#7592 = CARTESIAN_POINT ( 'NONE',  ( 4.445000000000002949, 0.3499999999999999778, -1.905000000000002691 ) ) ;
#7593 = AXIS2_PLACEMENT_3D ( 'NONE', #6715, #11516, #132 ) ;
#7594 = EDGE_CURVE ( 'NONE', #6896, #2564, #8331, .T. ) ;
#7595 = DIRECTION ( 'NONE',  ( 0.000000000000000000, 0.000000000000000000, 1.000000000000000000 ) ) ;
#7596 = DIRECTION ( 'NONE',  ( 0.000000000000000000, 0.000000000000000000, 1.000000000000000000 ) ) ;
#7597 = VERTEX_POINT ( 'NONE', #8588 ) ;
#7598 = DIRECTION ( 'NONE',  ( -1.000000000000000000, 0.000000000000000000, 0.000000000000000000 ) ) ;
#7599 = DIRECTION ( 'NONE',  ( -0.000000000000000000, 1.000000000000000000, 0.000000000000000000 ) ) ;
#7600 = CARTESIAN_POINT ( 'NONE',  ( 0.000000000000000000, -0.1000000000000000056, 0.000000000000000000 ) ) ;
#7601 = VECTOR ( 'NONE', #789, 1000.000000000000000 ) ;
#7602 = DIRECTION ( 'NONE',  ( -0.000000000000000000, -1.000000000000000000, -0.000000000000000000 ) ) ;
#7603 = PLANE ( 'NONE',  #10876 ) ;
#7604 = ORIENTED_EDGE ( 'NONE', *, *, #6948, .F. ) ;
#7605 = EDGE_LOOP ( 'NONE', ( #9335, #9171, #4521, #5052 ) ) ;
#7606 = EDGE_CURVE ( 'NONE', #7042, #342, #12546, .T. ) ;
#7607 = CARTESIAN_POINT ( 'NONE',  ( -1.570000000000000062, 1.421954445729287864, -0.2850000000000003642 ) ) ;
#7608 = VECTOR ( 'NONE', #9710, 1000.000000000000000 ) ;
#7609 = CARTESIAN_POINT ( 'NONE',  ( -6.349999999999999645, -3.719604614807106024, 9.650000000000000355 ) ) ;
#7610 = EDGE_CURVE ( 'NONE', #3486, #7276, #8235, .T. ) ;
#7611 = EDGE_LOOP ( 'NONE', ( #571, #1016, #9513, #6701 ) ) ;
#7612 = EDGE_CURVE ( 'NONE', #7470, #9139, #4067, .T. ) ;
#7613 = EDGE_LOOP ( 'NONE', ( #3817, #3861, #7472, #11479 ) ) ;
#7614 = ORIENTED_EDGE ( 'NONE', *, *, #5125, .F. ) ;
#7615 = AXIS2_PLACEMENT_3D ( 'NONE', #8530, #3701, #585 ) ;
#7616 = DIRECTION ( 'NONE',  ( 0.000000000000000000, 1.000000000000000000, 0.000000000000000000 ) ) ;
#7617 = LINE ( 'NONE', #3342, #3469 ) ;
#7618 = DIRECTION ( 'NONE',  ( 0.000000000000000000, 1.000000000000000000, 0.000000000000000000 ) ) ;
#7619 = DIRECTION ( 'NONE',  ( 0.000000000000000000, 0.000000000000000000, -1.000000000000000000 ) ) ;
#7620 = LINE ( 'NONE', #9613, #11749 ) ;
#7621 = ADVANCED_FACE ( 'NONE', ( #8552 ), #10486, .T. ) ;
#7622 = ADVANCED_FACE ( 'NONE', ( #8348 ), #10269, .T. ) ;
#7623 = ORIENTED_EDGE ( 'NONE', *, *, #11857, .F. ) ;
#7624 =( GEOMETRIC_REPRESENTATION_CONTEXT ( 3 ) GLOBAL_UNCERTAINTY_ASSIGNED_CONTEXT ( ( #10850 ) ) GLOBAL_UNIT_ASSIGNED_CONTEXT ( ( #3676, #5369, #9523 ) ) REPRESENTATION_CONTEXT ( 'NONE', 'WORKASPACE' ) );
#7625 = VECTOR ( 'NONE', #6090, 1000.000000000000000 ) ;
#7626 = EDGE_LOOP ( 'NONE', ( #8582, #2837, #4180, #11200 ) ) ;
#7627 = ORIENTED_EDGE ( 'NONE', *, *, #12011, .T. ) ;
#7628 = DIRECTION ( 'NONE',  ( 0.000000000000000000, 0.000000000000000000, -1.000000000000000000 ) ) ;
#7629 = LINE ( 'NONE', #10905, #11844 ) ;
#7630 = VECTOR ( 'NONE', #5101, 1000.000000000000000 ) ;
#7631 = CARTESIAN_POINT ( 'NONE',  ( 5.714999999999999858, -0.1000000000000000472, -0.1397000000000006292 ) ) ;
#7632 = ORIENTED_EDGE ( 'NONE', *, *, #6757, .T. ) ;
#7633 = DIRECTION ( 'NONE',  ( 0.000000000000000000, -1.000000000000000000, 0.000000000000000000 ) ) ;
#7634 = CARTESIAN_POINT ( 'NONE',  ( -6.349999999999999645, 0.000000000000000000, 9.400000000000000355 ) ) ;
#7635 = DIRECTION ( 'NONE',  ( -0.000000000000000000, 1.000000000000000000, 0.000000000000000000 ) ) ;
#7636 = CARTESIAN_POINT ( 'NONE',  ( -1.269999999999999352, -1.570000000000000284, 9.650000000000000355 ) ) ;
#7637 = ORIENTED_EDGE ( 'NONE', *, *, #1967, .F. ) ;
#7638 = APPLICATION_PROTOCOL_DEFINITION ( 'draft international standard', 'automotive_design', 1998, #3223 ) ;
#7639 = ORIENTED_EDGE ( 'NONE', *, *, #4632, .T. ) ;
#7640 = EDGE_CURVE ( 'NONE', #11549, #7814, #8515, .T. ) ;
#7641 = CARTESIAN_POINT ( 'NONE',  ( 1.214999999999999858, 0.000000000000000000, 1.000000000000000000 ) ) ;
#7642 = MANIFOLD_SOLID_BREP ( 'NONE', #7400 ) ;
#7643 = VECTOR ( 'NONE', #4996, 1000.000000000000000 ) ;
#7644 = EDGE_CURVE ( 'NONE', #11486, #10428, #3715, .T. ) ;
#7645 = AXIS2_PLACEMENT_3D ( 'NONE', #502, #4100, #5139 ) ;
#7646 = AXIS2_PLACEMENT_3D ( 'NONE', #9298, #6410, #4286 ) ;
#7647 = LINE ( 'NONE', #4370, #3495 ) ;
#7648 = DIRECTION ( 'NONE',  ( 0.000000000000000000, 0.000000000000000000, 1.000000000000000000 ) ) ;
#7649 = VERTEX_POINT ( 'NONE', #1536 ) ;
#7650 = VECTOR ( 'NONE', #3222, 1000.000000000000000 ) ;
#7651 = ORIENTED_EDGE ( 'NONE', *, *, #9056, .T. ) ;
#7652 = ORIENTED_EDGE ( 'NONE', *, *, #369, .T. ) ;
#7653 = ADVANCED_FACE ( 'NONE', ( #12142 ), #4548, .F. ) ;
#7654 = LINE ( 'NONE', #2389, #7881 ) ;
#7655 = ORIENTED_EDGE ( 'NONE', *, *, #1446, .T. ) ;
#7656 = EDGE_LOOP ( 'NONE', ( #6935, #3950, #6668, #8247 ) ) ;
#7657 = VERTEX_POINT ( 'NONE', #6042 ) ;
#7658 = AXIS2_PLACEMENT_3D ( 'NONE', #10243, #11152, #2231 ) ;
#7659 = CARTESIAN_POINT ( 'NONE',  ( 0.4398837366478682287, 0.03999999999999999389, -0.08499999999999968692 ) ) ;
#7660 = FILL_AREA_STYLE_COLOUR ( '', #5622 ) ;
#7661 = CARTESIAN_POINT ( 'NONE',  ( 3.299999999999999822, 0.3499999999999999778, 1.199999999999999956 ) ) ;
#7662 = EDGE_CURVE ( 'NONE', #10334, #4061, #8220, .T. ) ;
#7663 = CIRCLE ( 'NONE', #9800, 0.5100000000000000089 ) ;
#7664 = CARTESIAN_POINT ( 'NONE',  ( 1.864999999999999991, 0.2000000000000000111, -1.050000000000000044 ) ) ;
#7665 = CARTESIAN_POINT ( 'NONE',  ( -3.207837749589280030, 1.250000000000000000, 1.199999999999999956 ) ) ;
#7666 = EDGE_CURVE ( 'NONE', #109, #12198, #12280, .T. ) ;
#7667 = CARTESIAN_POINT ( 'NONE',  ( -1.969999999999999973, 7.692733390912210645, 1.180000000000000160 ) ) ;
#7668 = CARTESIAN_POINT ( 'NONE',  ( -3.074323956622009746, 0.2999999999999999889, -1.974323956622009879 ) ) ;
#7669 = VECTOR ( 'NONE', #1613, 1000.000000000000000 ) ;
#7670 = AXIS2_PLACEMENT_3D ( 'NONE', #1736, #5455, #822 ) ;
#7671 = DIRECTION ( 'NONE',  ( -1.000000000000000000, 0.000000000000000000, 0.000000000000000000 ) ) ;
#7672 = ORIENTED_EDGE ( 'NONE', *, *, #1136, .T. ) ;
#7673 = LINE ( 'NONE', #1958, #11752 ) ;
#7674 = DIRECTION ( 'NONE',  ( 0.000000000000000000, 1.000000000000000000, 0.000000000000000000 ) ) ;
#7675 = FACE_OUTER_BOUND ( 'NONE', #7890, .T. ) ;
#7676 = DIRECTION ( 'NONE',  ( -1.000000000000000000, 0.000000000000000000, 0.000000000000000000 ) ) ;
#7677 = EDGE_LOOP ( 'NONE', ( #544, #7992, #4988, #4968 ) ) ;
#7678 = ORIENTED_EDGE ( 'NONE', *, *, #4189, .T. ) ;
#7679 = VECTOR ( 'NONE', #9778, 1000.000000000000000 ) ;
#7680 =( NAMED_UNIT ( * ) SI_UNIT ( $, .STERADIAN. ) SOLID_ANGLE_UNIT ( ) );
#7681 = DIRECTION ( 'NONE',  ( 1.000000000000000000, 0.000000000000000000, 4.517509052022940401E-16 ) ) ;
#7682 = ORIENTED_EDGE ( 'NONE', *, *, #9656, .F. ) ;
#7683 = CARTESIAN_POINT ( 'NONE',  ( -1.864999999999999991, 0.2000000000000000111, 1.050000000000000044 ) ) ;
#7684 = VERTEX_POINT ( 'NONE', #582 ) ;
#7685 = ORIENTED_EDGE ( 'NONE', *, *, #11021, .F. ) ;
#7686 = VECTOR ( 'NONE', #10046, 1000.000000000000000 ) ;
#7687 = DIRECTION ( 'NONE',  ( 1.707404996040164018E-16, 0.000000000000000000, -1.000000000000000000 ) ) ;
#7688 = LINE ( 'NONE', #6254, #11897 ) ;
#7689 = CARTESIAN_POINT ( 'NONE',  ( 4.359999999999997655, 0.000000000000000000, -3.575000000000001954 ) ) ;
#7690 = DIRECTION ( 'NONE',  ( 0.000000000000000000, 0.000000000000000000, -1.000000000000000000 ) ) ;
#7691 = VERTEX_POINT ( 'NONE', #2429 ) ;
#7692 = MECHANICAL_DESIGN_GEOMETRIC_PRESENTATION_REPRESENTATION (  '', ( #4076 ), #2509 ) ;
#7693 = CARTESIAN_POINT ( 'NONE',  ( -2.232161706211294838, -1.146355821698993971, -1.932161706211289909 ) ) ;
#7694 = CARTESIAN_POINT ( 'NONE',  ( 1.214999999999999858, 0.000000000000000000, -1.000000000000000000 ) ) ;
#7695 = CARTESIAN_POINT ( 'NONE',  ( -1.570000000000000062, 0.5000000000000000000, -0.2850000000000003642 ) ) ;
#7696 = DIRECTION ( 'NONE',  ( 0.000000000000000000, 0.000000000000000000, 1.000000000000000000 ) ) ;
#7697 = ORIENTED_EDGE ( 'NONE', *, *, #5840, .F. ) ;
#7698 = VERTEX_POINT ( 'NONE', #9962 ) ;
#7699 = DIRECTION ( 'NONE',  ( -1.000000000000000000, 0.000000000000000000, 0.000000000000000000 ) ) ;
#7700 = VECTOR ( 'NONE', #10220, 1000.000000000000000 ) ;
#7701 = DIRECTION ( 'NONE',  ( -1.000000000000000000, -0.000000000000000000, -0.000000000000000000 ) ) ;
#7702 = ORIENTED_EDGE ( 'NONE', *, *, #6887, .F. ) ;
#7703 = EDGE_LOOP ( 'NONE', ( #12530, #7238 ) ) ;
#7704 = ORIENTED_EDGE ( 'NONE', *, *, #1312, .F. ) ;
#7705 = EDGE_CURVE ( 'NONE', #2942, #1144, #12167, .T. ) ;
#7706 = DIRECTION ( 'NONE',  ( 0.000000000000000000, 0.000000000000000000, 1.000000000000000000 ) ) ;
#7707 = ADVANCED_FACE ( 'NONE', ( #7759 ), #6322, .F. ) ;
#7708 = LINE ( 'NONE', #6530, #7932 ) ;
#7709 = CARTESIAN_POINT ( 'NONE',  ( 0.8699999999999997735, 0.3099999999999999978, -1.394999999999999574 ) ) ;
#7710 = DIRECTION ( 'NONE',  ( -1.000000000000000000, 0.000000000000000000, 1.100712865467515846E-16 ) ) ;
#7711 = LINE ( 'NONE', #8040, #3693 ) ;
#7712 = FACE_OUTER_BOUND ( 'NONE', #8050, .T. ) ;
#7713 = ORIENTED_EDGE ( 'NONE', *, *, #5543, .F. ) ;
#7714 = VECTOR ( 'NONE', #5681, 1000.000000000000000 ) ;
#7715 = VECTOR ( 'NONE', #9719, 1000.000000000000000 ) ;
#7716 = ORIENTED_EDGE ( 'NONE', *, *, #9380, .T. ) ;
#7717 = ORIENTED_EDGE ( 'NONE', *, *, #4024, .F. ) ;
#7718 = EDGE_CURVE ( 'NONE', #36, #3486, #12007, .T. ) ;
#7719 = CARTESIAN_POINT ( 'NONE',  ( 4.209999999999999076, 0.3099999999999999978, 0.1650000000000001188 ) ) ;
#7720 = VECTOR ( 'NONE', #11838, 1000.000000000000000 ) ;
#7721 = CARTESIAN_POINT ( 'NONE',  ( 1.814999999999999947, 0.1000000000000000056, 0.4000000000000000222 ) ) ;
#7722 = FILL_AREA_STYLE ('',( #8861 ) ) ;
#7723 = VERTEX_POINT ( 'NONE', #1305 ) ;
#7724 = CARTESIAN_POINT ( 'NONE',  ( -6.984999999999999432, 0.000000000000000000, 0.09439999999999945657 ) ) ;
#7725 = CARTESIAN_POINT ( 'NONE',  ( -4.410000000000001030, 0.5000000000000000000, -3.474999999999999645 ) ) ;
#7726 = DIRECTION ( 'NONE',  ( 1.000000000000000000, 0.000000000000000000, 0.000000000000000000 ) ) ;
#7727 = PLANE ( 'NONE',  #7981 ) ;
#7728 = AXIS2_PLACEMENT_3D ( 'NONE', #9245, #4592, #11058 ) ;
#7729 = EDGE_LOOP ( 'NONE', ( #1689, #2977, #11289, #3028 ) ) ;
#7730 = ORIENTED_EDGE ( 'NONE', *, *, #9516, .T. ) ;
#7731 = CARTESIAN_POINT ( 'NONE',  ( -0.2049999999999999878, 0.000000000000000000, -0.4000000000000000222 ) ) ;
#7732 = LINE ( 'NONE', #5876, #7910 ) ;
#7733 = DIRECTION ( 'NONE',  ( -0.000000000000000000, 1.000000000000000000, 0.000000000000000000 ) ) ;
#7734 = EDGE_CURVE ( 'NONE', #3080, #3603, #12349, .T. ) ;
#7735 = CIRCLE ( 'NONE', #11565, 0.7600000000000002309 ) ;
#7736 = ADVANCED_FACE ( 'NONE', ( #3649 ), #3988, .F. ) ;
#7737 = LINE ( 'NONE', #5317, #3564 ) ;
#7738 = DIRECTION ( 'NONE',  ( 0.000000000000000000, 1.362997016838921353E-15, -1.000000000000000000 ) ) ;
#7739 = EDGE_CURVE ( 'NONE', #5259, #9408, #3777, .T. ) ;
#7740 = STYLED_ITEM ( 'NONE', ( #2254 ), #2020 ) ;
#7741 = ORIENTED_EDGE ( 'NONE', *, *, #1906, .T. ) ;
#7742 = CARTESIAN_POINT ( 'NONE',  ( 0.2049999999999999878, 0.1000000000000000056, -0.4000000000000000222 ) ) ;
#7743 = VECTOR ( 'NONE', #10324, 1000.000000000000000 ) ;
#7744 = LINE ( 'NONE', #7326, #8147 ) ;
#7745 = VERTEX_POINT ( 'NONE', #3248 ) ;
#7746 = VERTEX_POINT ( 'NONE', #5311 ) ;
#7747 = MANIFOLD_SOLID_BREP ( 'Boss-Extrude4[2]', #8068 ) ;
#7748 = VECTOR ( 'NONE', #5102, 1000.000000000000000 ) ;
#7749 = ORIENTED_EDGE ( 'NONE', *, *, #8241, .F. ) ;
#7750 = EDGE_CURVE ( 'NONE', #9629, #3369, #7822, .T. ) ;
#7751 = EDGE_LOOP ( 'NONE', ( #2799, #3719, #12070, #2700 ) ) ;
#7752 = DIRECTION ( 'NONE',  ( 0.000000000000000000, 1.000000000000000000, 0.000000000000000000 ) ) ;
#7753 = ORIENTED_EDGE ( 'NONE', *, *, #987, .T. ) ;
#7754 = CARTESIAN_POINT ( 'NONE',  ( 4.360000000000002096, 0.3099999999999999978, -2.344883736647870531 ) ) ;
#7755 = CARTESIAN_POINT ( 'NONE',  ( 4.209999999999999076, 0.03999999999999999389, -1.185000000000000053 ) ) ;
#7756 = EDGE_CURVE ( 'NONE', #7684, #2334, #12125, .T. ) ;
#7757 = CIRCLE ( 'NONE', #6272, 0.05000000000000012768 ) ;
#7758 = SURFACE_SIDE_STYLE ('',( #2780 ) ) ;
#7759 = FACE_OUTER_BOUND ( 'NONE', #11049, .T. ) ;
#7760 = CARTESIAN_POINT ( 'NONE',  ( -1.570000000000000062, 0.5000000000000000000, -0.03499999999999965639 ) ) ;
#7761 = DIRECTION ( 'NONE',  ( 0.000000000000000000, 0.000000000000000000, 1.000000000000000000 ) ) ;
#7762 = EDGE_CURVE ( 'NONE', #12421, #6975, #3737, .T. ) ;
#7763 = VECTOR ( 'NONE', #12240, 1000.000000000000000 ) ;
#7764 = PLANE ( 'NONE',  #4276 ) ;
#7765 = EDGE_CURVE ( 'NONE', #4641, #275, #7935, .T. ) ;
#7766 = ORIENTED_EDGE ( 'NONE', *, *, #9663, .F. ) ;
#7767 = PLANE ( 'NONE',  #8855 ) ;
#7768 = FACE_OUTER_BOUND ( 'NONE', #922, .T. ) ;
#7769 = EDGE_CURVE ( 'NONE', #2723, #6209, #12410, .T. ) ;
#7770 = EDGE_LOOP ( 'NONE', ( #8413, #119, #11395, #4798 ) ) ;
#7771 = ORIENTED_EDGE ( 'NONE', *, *, #1445, .T. ) ;
#7772 = LINE ( 'NONE', #10675, #3527 ) ;
#7773 = CARTESIAN_POINT ( 'NONE',  ( -3.299999999999999822, 0.3499999999999999778, 1.199999999999999956 ) ) ;
#7774 = ORIENTED_EDGE ( 'NONE', *, *, #1842, .F. ) ;
#7775 = CARTESIAN_POINT ( 'NONE',  ( -3.649999999999999911, 1.550000000000000044, -2.149999999999999911 ) ) ;
#7776 = ORIENTED_EDGE ( 'NONE', *, *, #9469, .T. ) ;
#7777 = AXIS2_PLACEMENT_3D ( 'NONE', #10491, #7902, #1886 ) ;
#7778 = ORIENTED_EDGE ( 'NONE', *, *, #443, .T. ) ;
#7779 = FACE_OUTER_BOUND ( 'NONE', #4516, .T. ) ;
#7780 = PLANE ( 'NONE',  #1977 ) ;
#7781 = UNCERTAINTY_MEASURE_WITH_UNIT (LENGTH_MEASURE( 1.000000000000000082E-05 ), #5195, 'distance_accuracy_value', 'NONE');
#7782 = DIRECTION ( 'NONE',  ( -1.000000000000000000, 0.000000000000000000, 0.000000000000000000 ) ) ;
#7783 = CARTESIAN_POINT ( 'NONE',  ( -1.430000000000000160, 1.449999999999999956, 0.000000000000000000 ) ) ;
#7784 = ORIENTED_EDGE ( 'NONE', *, *, #7904, .T. ) ;
#7785 = DIRECTION ( 'NONE',  ( 0.000000000000000000, 0.000000000000000000, 1.000000000000000000 ) ) ;
#7786 = CARTESIAN_POINT ( 'NONE',  ( 0.8699999999999997735, 0.04000000000000000083, 0.1250000000000003331 ) ) ;
#7787 = CARTESIAN_POINT ( 'NONE',  ( 6.985000000000000320, -0.1000000000000000056, -0.1397000000000004072 ) ) ;
#7788 = AXIS2_PLACEMENT_3D ( 'NONE', #5979, #3171, #11966 ) ;
#7789 = FILL_AREA_STYLE_COLOUR ( '', #4656 ) ;
#7790 = ORIENTED_EDGE ( 'NONE', *, *, #2420, .T. ) ;
#7791 = ORIENTED_EDGE ( 'NONE', *, *, #12251, .T. ) ;
#7792 = CARTESIAN_POINT ( 'NONE',  ( 2.979883736647867654, 0.3499999999999999778, -1.434999999999999831 ) ) ;
#7793 = LINE ( 'NONE', #5019, #7720 ) ;
#7794 = ORIENTED_EDGE ( 'NONE', *, *, #580, .F. ) ;
#7795 = VERTEX_POINT ( 'NONE', #11368 ) ;
#7796 = EDGE_LOOP ( 'NONE', ( #11472, #5533, #6519, #11952 ) ) ;
#7797 = DIRECTION ( 'NONE',  ( 0.000000000000000000, 0.000000000000000000, 1.000000000000000000 ) ) ;
#7798 = LINE ( 'NONE', #8047, #7841 ) ;
#7799 = VECTOR ( 'NONE', #11182, 1000.000000000000000 ) ;
#7800 = CARTESIAN_POINT ( 'NONE',  ( -1.243805537978294113E-16, 1.500000000000000000, -1.129999999999999893 ) ) ;
#7801 = VECTOR ( 'NONE', #8593, 1000.000000000000000 ) ;
#7802 = AXIS2_PLACEMENT_3D ( 'NONE', #10109, #2178, #9959 ) ;
#7803 = ORIENTED_EDGE ( 'NONE', *, *, #9704, .F. ) ;
#7804 = FACE_OUTER_BOUND ( 'NONE', #7114, .T. ) ;
#7805 = ORIENTED_EDGE ( 'NONE', *, *, #2465, .T. ) ;
#7806 = ORIENTED_EDGE ( 'NONE', *, *, #10016, .T. ) ;
#7807 = AXIS2_PLACEMENT_3D ( 'NONE', #9014, #2954, #9097 ) ;
#7808 = DIRECTION ( 'NONE',  ( 0.000000000000000000, 1.000000000000000000, 0.000000000000000000 ) ) ;
#7809 = LINE ( 'NONE', #1273, #7608 ) ;
#7810 =( GEOMETRIC_REPRESENTATION_CONTEXT ( 3 ) GLOBAL_UNCERTAINTY_ASSIGNED_CONTEXT ( ( #552 ) ) GLOBAL_UNIT_ASSIGNED_CONTEXT ( ( #2518, #11282, #3629 ) ) REPRESENTATION_CONTEXT ( 'NONE', 'WORKASPACE' ) );
#7811 = DIRECTION ( 'NONE',  ( 0.000000000000000000, 0.000000000000000000, 1.000000000000000000 ) ) ;
#7812 = ORIENTED_EDGE ( 'NONE', *, *, #2180, .T. ) ;
#7813 = DIRECTION ( 'NONE',  ( 0.000000000000000000, 1.000000000000000000, 0.000000000000000000 ) ) ;
#7814 = VERTEX_POINT ( 'NONE', #162 ) ;
#7815 = DIRECTION ( 'NONE',  ( 0.1378445374916290045, 0.9808148484639889197, -0.1378445374916290045 ) ) ;
#7816 = CARTESIAN_POINT ( 'NONE',  ( 1.669999999999999929, 0.04000000000000000083, 0.1250000000000003331 ) ) ;
#7817 = PLANE ( 'NONE',  #8641 ) ;
#7818 = DIRECTION ( 'NONE',  ( 0.000000000000000000, 0.000000000000000000, -1.000000000000000000 ) ) ;
#7819 = VERTEX_POINT ( 'NONE', #3698 ) ;
#7820 = ORIENTED_EDGE ( 'NONE', *, *, #12190, .T. ) ;
#7821 = ADVANCED_FACE ( 'NONE', ( #8086 ), #7937, .T. ) ;
#7822 = LINE ( 'NONE', #8249, #3845 ) ;
#7823 = DIRECTION ( 'NONE',  ( 1.000000000000000000, 0.000000000000000000, -0.000000000000000000 ) ) ;
#7824 = FACE_OUTER_BOUND ( 'NONE', #7613, .T. ) ;
#7825 = CARTESIAN_POINT ( 'NONE',  ( 0.000000000000000000, -1.570000000000000062, 0.000000000000000000 ) ) ;
#7826 = ORIENTED_EDGE ( 'NONE', *, *, #10375, .F. ) ;
#7827 = CARTESIAN_POINT ( 'NONE',  ( -1.214999999999999858, 0.1000000000000000056, 1.000000000000000000 ) ) ;
#7828 = CARTESIAN_POINT ( 'NONE',  ( 3.250000000000000000, 1.250000000000000000, 1.199999999999999956 ) ) ;
#7829 = CIRCLE ( 'NONE', #6734, 0.4200000000000000400 ) ;
#7830 =( GEOMETRIC_REPRESENTATION_CONTEXT ( 3 ) GLOBAL_UNCERTAINTY_ASSIGNED_CONTEXT ( ( #11639 ) ) GLOBAL_UNIT_ASSIGNED_CONTEXT ( ( #5720, #8368, #6349 ) ) REPRESENTATION_CONTEXT ( 'NONE', 'WORKASPACE' ) );
#7831 = EDGE_LOOP ( 'NONE', ( #8248, #2363, #658, #2343 ) ) ;
#7832 = ORIENTED_EDGE ( 'NONE', *, *, #5611, .F. ) ;
#7833 = LINE ( 'NONE', #7683, #11973 ) ;
#7834 = ORIENTED_EDGE ( 'NONE', *, *, #6690, .T. ) ;
#7835 = EDGE_LOOP ( 'NONE', ( #7589, #3867, #11831, #2641 ) ) ;
#7836 = PRESENTATION_LAYER_ASSIGNMENT (  '', '', ( #2337 ) ) ;
#7837 = ORIENTED_EDGE ( 'NONE', *, *, #7718, .T. ) ;
#7838 = DIRECTION ( 'NONE',  ( 1.000000000000000000, 0.000000000000000000, 0.000000000000000000 ) ) ;
#7839 = VERTEX_POINT ( 'NONE', #12408 ) ;
#7840 = FILL_AREA_STYLE_COLOUR ( '', #3148 ) ;
#7841 = VECTOR ( 'NONE', #1137, 1000.000000000000000 ) ;
#7842 = CARTESIAN_POINT ( 'NONE',  ( -1.214999999999999858, 0.1000000000000000056, -0.4000000000000000222 ) ) ;
#7843 = DIRECTION ( 'NONE',  ( 0.000000000000000000, 0.000000000000000000, 1.000000000000000000 ) ) ;
#7844 = VECTOR ( 'NONE', #10817, 1000.000000000000000 ) ;
#7845 = DIRECTION ( 'NONE',  ( 1.000000000000000000, 0.000000000000000000, -1.100712865467515846E-16 ) ) ;
#7846 = PLANE ( 'NONE',  #3389 ) ;
#7847 = DIRECTION ( 'NONE',  ( 0.000000000000000000, 3.226792180016387497E-17, -1.000000000000000000 ) ) ;
#7848 = MANIFOLD_SOLID_BREP ( 'Boss-Extrude2[2]', #12427 ) ;
#7849 = LINE ( 'NONE', #378, #12101 ) ;
#7850 = ADVANCED_FACE ( 'NONE', ( #7888 ), #5006, .T. ) ;
#7851 = PRESENTATION_STYLE_ASSIGNMENT (( #11791 ) ) ;
#7852 = ADVANCED_FACE ( 'NONE', ( #991 ), #11737, .T. ) ;
#7853 = VERTEX_POINT ( 'NONE', #5696 ) ;
#7854 = DIRECTION ( 'NONE',  ( 1.000000000000000000, -1.362997016838921353E-15, -3.491481338843133355E-15 ) ) ;
#7855 = LINE ( 'NONE', #8742, #7715 ) ;
#7856 = ADVANCED_BREP_SHAPE_REPRESENTATION ( '', ( #2198, #4150, #10390, #9879, #762, #1901 ), #469 ) ;
#7857 = VERTEX_POINT ( 'NONE', #3960 ) ;
#7858 = ORIENTED_EDGE ( 'NONE', *, *, #4173, .F. ) ;
#7859 = LINE ( 'NONE', #6454, #3662 ) ;
#7860 = DIRECTION ( 'NONE',  ( -0.000000000000000000, 1.000000000000000000, -0.000000000000000000 ) ) ;
#7861 = CARTESIAN_POINT ( 'NONE',  ( 0.2049999999999999878, 0.1000000000000000056, 0.4000000000000000222 ) ) ;
#7862 = ORIENTED_EDGE ( 'NONE', *, *, #6711, .T. ) ;
#7863 = ORIENTED_EDGE ( 'NONE', *, *, #1587, .F. ) ;
#7864 = LINE ( 'NONE', #6368, #11757 ) ;
#7865 = ORIENTED_EDGE ( 'NONE', *, *, #10168, .T. ) ;
#7866 = SURFACE_STYLE_FILL_AREA ( #5203 ) ;
#7867 = DIRECTION ( 'NONE',  ( 0.000000000000000000, 1.000000000000000000, 0.000000000000000000 ) ) ;
#7868 = LINE ( 'NONE', #1455, #659 ) ;
#7869 = DIRECTION ( 'NONE',  ( 1.000000000000000000, 0.000000000000000000, 8.537024980200820092E-17 ) ) ;
#7870 = CARTESIAN_POINT ( 'NONE',  ( 1.669999999999999929, 0.3099999999999999978, 0.1250000000000003331 ) ) ;
#7871 = ORIENTED_EDGE ( 'NONE', *, *, #12512, .F. ) ;
#7872 = CARTESIAN_POINT ( 'NONE',  ( 3.260000000000000231, 0.3499999999999997002, -2.774999999999998135 ) ) ;
#7873 = DIRECTION ( 'NONE',  ( 0.000000000000000000, 0.000000000000000000, 1.000000000000000000 ) ) ;
#7874 = CARTESIAN_POINT ( 'NONE',  ( 0.000000000000000000, -0.1000000000000000056, 0.000000000000000000 ) ) ;
#7875 = CARTESIAN_POINT ( 'NONE',  ( 4.209999999999999076, 0.3499999999999999778, -1.434999999999999831 ) ) ;
#7876 = SURFACE_SIDE_STYLE ('',( #4925 ) ) ;
#7877 = EDGE_LOOP ( 'NONE', ( #5156, #5049, #5515, #1123 ) ) ;
#7878 = CLOSED_SHELL ( 'NONE', ( #7280, #12414, #11031, #4341, #1951, #10452 ) ) ;
#7879 = CARTESIAN_POINT ( 'NONE',  ( -1.214999999999999858, 0.1000000000000000056, -1.000000000000000000 ) ) ;
#7880 = ADVANCED_FACE ( 'NONE', ( #5193 ), #8618, .F. ) ;
#7881 = VECTOR ( 'NONE', #468, 1000.000000000000000 ) ;
#7882 = VERTEX_POINT ( 'NONE', #12501 ) ;
#7883 = ORIENTED_EDGE ( 'NONE', *, *, #4802, .F. ) ;
#7884 = LINE ( 'NONE', #12191, #8153 ) ;
#7885 = VERTEX_POINT ( 'NONE', #1677 ) ;
#7886 = CARTESIAN_POINT ( 'NONE',  ( -1.214999999999999858, 0.000000000000000000, 1.000000000000000000 ) ) ;
#7887 = LINE ( 'NONE', #1936, #11894 ) ;
#7888 = FACE_OUTER_BOUND ( 'NONE', #8524, .T. ) ;
#7889 = CARTESIAN_POINT ( 'NONE',  ( -3.809999999999999609, -1.570000000000000284, 8.379999999999999005 ) ) ;
#7890 = EDGE_LOOP ( 'NONE', ( #12521, #5621, #393, #6001 ) ) ;
#7891 = AXIS2_PLACEMENT_3D ( 'NONE', #9697, #6492, #7482 ) ;
#7892 = FACE_OUTER_BOUND ( 'NONE', #8624, .T. ) ;
#7893 = VERTEX_POINT ( 'NONE', #934 ) ;
#7894 = ORIENTED_EDGE ( 'NONE', *, *, #10530, .T. ) ;
#7895 = AXIS2_PLACEMENT_3D ( 'NONE', #2374, #627, #5431 ) ;
#7896 = CARTESIAN_POINT ( 'NONE',  ( 2.979883736647867654, 0.3099999999999999978, -1.394999999999999796 ) ) ;
#7897 = CARTESIAN_POINT ( 'NONE',  ( 2.350000000000000089, -3.135336068297440409E-17, 1.199999999999999956 ) ) ;
#7898 = CARTESIAN_POINT ( 'NONE',  ( -1.755769684305115153, 1.449999999999999956, 0.000000000000000000 ) ) ;
#7899 = CARTESIAN_POINT ( 'NONE',  ( -0.9700000000000001954, 0.000000000000000000, -0.03499999999999965639 ) ) ;
#7900 = ORIENTED_EDGE ( 'NONE', *, *, #4986, .T. ) ;
#7901 = DIRECTION ( 'NONE',  ( 0.000000000000000000, -1.000000000000000000, 0.000000000000000000 ) ) ;
#7902 = DIRECTION ( 'NONE',  ( 0.000000000000000000, 1.000000000000000000, 0.000000000000000000 ) ) ;
#7903 = CARTESIAN_POINT ( 'NONE',  ( -0.9700000000000001954, 0.000000000000000000, -0.9849999999999993205 ) ) ;
#7904 = EDGE_CURVE ( 'NONE', #6982, #2787, #9140, .T. ) ;
#7905 = PLANE ( 'NONE',  #1612 ) ;
#7906 = VERTEX_POINT ( 'NONE', #2763 ) ;
#7907 = AXIS2_PLACEMENT_3D ( 'NONE', #6918, #3390, #1497 ) ;
#7908 = LINE ( 'NONE', #8640, #3860 ) ;
#7909 = VERTEX_POINT ( 'NONE', #5929 ) ;
#7910 = VECTOR ( 'NONE', #6770, 1000.000000000000000 ) ;
#7911 = DIRECTION ( 'NONE',  ( 0.000000000000000000, 0.000000000000000000, -1.000000000000000000 ) ) ;
#7912 = CARTESIAN_POINT ( 'NONE',  ( -1.269999999999999352, -1.570000000000000062, 8.130000000000000782 ) ) ;
#7913 = EDGE_CURVE ( 'NONE', #5247, #1444, #9209, .T. ) ;
#7914 = ORIENTED_EDGE ( 'NONE', *, *, #9817, .F. ) ;
#7915 = CARTESIAN_POINT ( 'NONE',  ( -1.920000000000000151, 1.550000000000000044, -1.129999999999999893 ) ) ;
#7916 = LINE ( 'NONE', #10841, #3506 ) ;
#7917 = VERTEX_POINT ( 'NONE', #3015 ) ;
#7918 = ORIENTED_EDGE ( 'NONE', *, *, #11208, .F. ) ;
#7919 = EDGE_CURVE ( 'NONE', #5437, #414, #5216, .T. ) ;
#7920 = EDGE_CURVE ( 'NONE', #10896, #6732, #1080, .T. ) ;
#7921 = VERTEX_POINT ( 'NONE', #2140 ) ;
#7922 = EDGE_CURVE ( 'NONE', #6982, #418, #9485, .T. ) ;
#7923 = EDGE_CURVE ( 'NONE', #7893, #3937, #5713, .T. ) ;
#7924 = ORIENTED_EDGE ( 'NONE', *, *, #2148, .T. ) ;
#7925 = LINE ( 'NONE', #8401, #8100 ) ;
#7926 = DIRECTION ( 'NONE',  ( 0.000000000000000000, 0.000000000000000000, -1.000000000000000000 ) ) ;
#7927 = ORIENTED_EDGE ( 'NONE', *, *, #11370, .T. ) ;
#7928 = EDGE_CURVE ( 'NONE', #3712, #9873, #9820, .T. ) ;
#7929 = CARTESIAN_POINT ( 'NONE',  ( 3.009999999999998010, 0.000000000000000000, -3.574999999999997513 ) ) ;
#7930 = CARTESIAN_POINT ( 'NONE',  ( -6.984999999999999432, -0.1000000000000000472, 0.09439999999999947045 ) ) ;
#7931 = ADVANCED_FACE ( 'NONE', ( #5766 ), #7234, .T. ) ;
#7932 = VECTOR ( 'NONE', #12361, 1000.000000000000000 ) ;
#7933 = DIRECTION ( 'NONE',  ( -1.000000000000000000, 0.000000000000000000, 3.491481338843133355E-15 ) ) ;
#7934 = SURFACE_SIDE_STYLE ('',( #1134 ) ) ;
#7935 = LINE ( 'NONE', #2680, #12188 ) ;
#7936 = DIRECTION ( 'NONE',  ( 0.000000000000000000, -1.084202172485506209E-15, 1.000000000000000000 ) ) ;
#7937 = PLANE ( 'NONE',  #1931 ) ;
#7938 = UNCERTAINTY_MEASURE_WITH_UNIT (LENGTH_MEASURE( 1.000000000000000082E-05 ), #10619, 'distance_accuracy_value', 'NONE');
#7939 = CARTESIAN_POINT ( 'NONE',  ( 0.000000000000000000, -1.570000000000000062, 0.000000000000000000 ) ) ;
#7940 = VERTEX_POINT ( 'NONE', #8387 ) ;
#7941 = CARTESIAN_POINT ( 'NONE',  ( -1.755769684305005018, 1.500000000000000000, -0.1754255192035054922 ) ) ;
#7942 = EDGE_CURVE ( 'NONE', #6504, #6196, #5658, .T. ) ;
#7943 = EDGE_LOOP ( 'NONE', ( #9647, #9607, #902, #7017 ) ) ;
#7944 = EDGE_LOOP ( 'NONE', ( #8669, #9210, #1860, #8762 ) ) ;
#7945 = FACE_OUTER_BOUND ( 'NONE', #8917, .T. ) ;
#7946 = DIRECTION ( 'NONE',  ( 0.000000000000000000, 0.000000000000000000, 1.000000000000000000 ) ) ;
#7947 = CARTESIAN_POINT ( 'NONE',  ( -1.773441267115920095, 1.497098533397071884, -0.1798307939682844969 ) ) ;
#7948 = ORIENTED_EDGE ( 'NONE', *, *, #724, .T. ) ;
#7949 = CARTESIAN_POINT ( 'NONE',  ( 6.985000000000000320, 0.000000000000000000, -0.3174999999999996714 ) ) ;
#7950 = CARTESIAN_POINT ( 'NONE',  ( -3.168295198979989902, 0.9686401326488049968, 2.068295198979995142 ) ) ;
#7951 = ORIENTED_EDGE ( 'NONE', *, *, #727, .F. ) ;
#7952 = VERTEX_POINT ( 'NONE', #12087 ) ;
#7953 = LINE ( 'NONE', #3227, #3843 ) ;
#7954 = EDGE_CURVE ( 'NONE', #918, #4208, #1178, .T. ) ;
#7955 =( GEOMETRIC_REPRESENTATION_CONTEXT ( 3 ) GLOBAL_UNCERTAINTY_ASSIGNED_CONTEXT ( ( #4073 ) ) GLOBAL_UNIT_ASSIGNED_CONTEXT ( ( #3088, #9983, #5154 ) ) REPRESENTATION_CONTEXT ( 'NONE', 'WORKASPACE' ) );
#7956 = DIRECTION ( 'NONE',  ( 0.000000000000000000, -0.000000000000000000, 1.000000000000000000 ) ) ;
#7957 = ADVANCED_FACE ( 'NONE', ( #1203 ), #5172, .F. ) ;
#7958 = CARTESIAN_POINT ( 'NONE',  ( 2.979883736647867654, 0.04000000000000000083, 0.1250000000000001110 ) ) ;
#7959 =( NAMED_UNIT ( * ) PLANE_ANGLE_UNIT ( ) SI_UNIT ( $, .RADIAN. ) );
#7960 = ADVANCED_FACE ( 'NONE', ( #5407 ), #8019, .F. ) ;
#7961 = ORIENTED_EDGE ( 'NONE', *, *, #9795, .F. ) ;
#7962 = CARTESIAN_POINT ( 'NONE',  ( 0.8050000000000000488, 0.1000000000000000056, -1.000000000000000000 ) ) ;
#7963 = DIRECTION ( 'NONE',  ( 0.000000000000000000, -3.226792180016381951E-17, -1.000000000000000000 ) ) ;
#7964 = DIRECTION ( 'NONE',  ( 0.000000000000000000, 1.000000000000000000, -0.000000000000000000 ) ) ;
#7965 = DIRECTION ( 'NONE',  ( -5.421010862427530059E-16, 1.000000000000000000, 0.000000000000000000 ) ) ;
#7966 = CARTESIAN_POINT ( 'NONE',  ( -0.9449999999999999512, 1.550000000000000044, 1.129999999999999893 ) ) ;
#7967 = PLANE ( 'NONE',  #1818 ) ;
#7968 = ORIENTED_EDGE ( 'NONE', *, *, #216, .F. ) ;
#7969 = ORIENTED_EDGE ( 'NONE', *, *, #646, .T. ) ;
#7970 = DIRECTION ( 'NONE',  ( 0.000000000000000000, 0.000000000000000000, 1.000000000000000000 ) ) ;
#7971 = VECTOR ( 'NONE', #6082, 1000.000000000000000 ) ;
#7972 = ORIENTED_EDGE ( 'NONE', *, *, #10484, .T. ) ;
#7973 = VECTOR ( 'NONE', #6007, 1000.000000000000000 ) ;
#7974 = ORIENTED_EDGE ( 'NONE', *, *, #1967, .T. ) ;
#7975 = VERTEX_POINT ( 'NONE', #353 ) ;
#7976 = AXIS2_PLACEMENT_3D ( 'NONE', #1687, #2273, #9306 ) ;
#7977 = FACE_OUTER_BOUND ( 'NONE', #4541, .T. ) ;
#7978 = PRESENTATION_STYLE_ASSIGNMENT (( #3340 ) ) ;
#7979 = DIRECTION ( 'NONE',  ( 1.000000000000000000, 0.000000000000000000, 0.000000000000000000 ) ) ;
#7980 = DIRECTION ( 'NONE',  ( 0.000000000000000000, 0.000000000000000000, 1.000000000000000000 ) ) ;
#7981 = AXIS2_PLACEMENT_3D ( 'NONE', #995, #2819, #3678 ) ;
#7982 = AXIS2_PLACEMENT_3D ( 'NONE', #11149, #2475, #5518 ) ;
#7983 = ORIENTED_EDGE ( 'NONE', *, *, #5287, .T. ) ;
#7984 = ORIENTED_EDGE ( 'NONE', *, *, #9138, .T. ) ;
#7985 = ORIENTED_EDGE ( 'NONE', *, *, #10760, .T. ) ;
#7986 = SURFACE_STYLE_USAGE ( .BOTH. , #2511 ) ;
#7987 = ADVANCED_FACE ( 'NONE', ( #10300 ), #10301, .F. ) ;
#7988 = VECTOR ( 'NONE', #2884, 1000.000000000000000 ) ;
#7989 = DIRECTION ( 'NONE',  ( -0.000000000000000000, -0.000000000000000000, 1.000000000000000000 ) ) ;
#7990 = DIRECTION ( 'NONE',  ( 0.000000000000000000, 0.000000000000000000, -1.000000000000000000 ) ) ;
#7991 = PLANE ( 'NONE',  #10137 ) ;
#7992 = ORIENTED_EDGE ( 'NONE', *, *, #8088, .T. ) ;
#7993 = DIRECTION ( 'NONE',  ( 0.000000000000000000, 1.000000000000000000, 0.000000000000000000 ) ) ;
#7994 = LINE ( 'NONE', #2146, #8149 ) ;
#7995 = CARTESIAN_POINT ( 'NONE',  ( 5.714999999999999858, 0.000000000000000000, -0.9524999999999999023 ) ) ;
#7996 = CARTESIAN_POINT ( 'NONE',  ( -0.9700000000000001954, 0.5000000000000000000, -0.2850000000000003642 ) ) ;
#7997 = CARTESIAN_POINT ( 'NONE',  ( 6.985000000000000320, -0.1000000000000000056, -1.130299999999998972 ) ) ;
#7998 = DIRECTION ( 'NONE',  ( 0.000000000000000000, 0.000000000000000000, 1.000000000000000000 ) ) ;
#7999 = ORIENTED_EDGE ( 'NONE', *, *, #2461, .T. ) ;
#8000 = ORIENTED_EDGE ( 'NONE', *, *, #5124, .F. ) ;
#8001 = DIRECTION ( 'NONE',  ( 0.000000000000000000, 0.000000000000000000, 1.000000000000000000 ) ) ;
#8002 = SURFACE_STYLE_FILL_AREA ( #1451 ) ;
#8003 = CARTESIAN_POINT ( 'NONE',  ( 4.569999999999997620, 0.3099999999999999978, -3.575000000000002842 ) ) ;
#8004 = CARTESIAN_POINT ( 'NONE',  ( -1.814999999999999947, 0.1000000000000000056, -0.4000000000000000222 ) ) ;
#8005 = ORIENTED_EDGE ( 'NONE', *, *, #8431, .T. ) ;
#8006 = AXIS2_PLACEMENT_3D ( 'NONE', #4253, #1929, #6844 ) ;
#8007 = ORIENTED_EDGE ( 'NONE', *, *, #9405, .T. ) ;
#8008 = ORIENTED_EDGE ( 'NONE', *, *, #3624, .T. ) ;
#8009 = EDGE_CURVE ( 'NONE', #7318, #680, #10001, .T. ) ;
#8010 = PRESENTATION_STYLE_ASSIGNMENT (( #5522 ) ) ;
#8011 = VERTEX_POINT ( 'NONE', #9077 ) ;
#8012 = EDGE_LOOP ( 'NONE', ( #1987, #9326, #1526, #7259 ) ) ;
#8013 = CARTESIAN_POINT ( 'NONE',  ( 3.050000000000002487, 0.3099999999999999978, -2.344883736647865646 ) ) ;
#8014 = VERTEX_POINT ( 'NONE', #4408 ) ;
#8015 = DIRECTION ( 'NONE',  ( 0.000000000000000000, 0.000000000000000000, 1.000000000000000000 ) ) ;
#8016 = MANIFOLD_SOLID_BREP ( 'Body-Move/Copy1[4]', #10813 ) ;
#8017 = DIRECTION ( 'NONE',  ( -1.000000000000000000, 0.000000000000000000, 1.162683294890621812E-16 ) ) ;
#8018 = CARTESIAN_POINT ( 'NONE',  ( 1.814999999999999947, 0.000000000000000000, -0.4000000000000000222 ) ) ;
#8019 = PLANE ( 'NONE',  #5634 ) ;
#8020 = PRODUCT ( '100UF-10V-10%(TANT)_100UF-10V-10%(TANT)', '100UF-10V-10%(TANT)_100UF-10V-10%(TANT)', '', ( #1510 ) ) ;
#8021 = CARTESIAN_POINT ( 'NONE',  ( -0.7242893218813449829, 1.550000000000000488, 1.159289321881345369 ) ) ;
#8022 = ORIENTED_EDGE ( 'NONE', *, *, #2734, .T. ) ;
#8023 = CARTESIAN_POINT ( 'NONE',  ( -3.809999999999999609, 0.000000000000000000, 8.890000000000000568 ) ) ;
#8024 = ORIENTED_EDGE ( 'NONE', *, *, #4425, .T. ) ;
#8025 = EDGE_LOOP ( 'NONE', ( #10418, #6458, #7924, #4143 ) ) ;
#8026 = LINE ( 'NONE', #3916, #8146 ) ;
#8027 = CARTESIAN_POINT ( 'NONE',  ( 5.714999999999999858, -0.1000000000000000056, -0.1397000000000006292 ) ) ;
#8028 = EDGE_LOOP ( 'NONE', ( #5571, #12086, #6747, #5718 ) ) ;
#8029 = EDGE_CURVE ( 'NONE', #9805, #5050, #498, .T. ) ;
#8030 = DIRECTION ( 'NONE',  ( 0.000000000000000000, 0.000000000000000000, 1.000000000000000000 ) ) ;
#8031 = CARTESIAN_POINT ( 'NONE',  ( -3.432161706211294572, 2.899999999999999911, -1.932161706211289909 ) ) ;
#8032 = CLOSED_SHELL ( 'NONE', ( #1762, #12221, #5946, #1440, #7067, #1882 ) ) ;
#8033 = ORIENTED_EDGE ( 'NONE', *, *, #10507, .T. ) ;
#8034 = ADVANCED_FACE ( 'NONE', ( #8938 ), #1410, .F. ) ;
#8035 = AXIS2_PLACEMENT_3D ( 'NONE', #2220, #1335, #6827 ) ;
#8036 = LINE ( 'NONE', #8567, #12298 ) ;
#8037 = EDGE_CURVE ( 'NONE', #12387, #809, #8703, .T. ) ;
#8038 = ADVANCED_FACE ( 'NONE', ( #4800 ), #6286, .T. ) ;
#8039 = COLOUR_RGB ( '',0.9098039215686274384, 0.4431372549019607643, 0.03137254901960784270 ) ;
#8040 = CARTESIAN_POINT ( 'NONE',  ( 3.409999999999998810, 0.3099999999999999978, -1.394999999999999796 ) ) ;
#8041 = DIRECTION ( 'NONE',  ( 1.000000000000000000, 0.000000000000000000, 0.000000000000000000 ) ) ;
#8042 = CARTESIAN_POINT ( 'NONE',  ( -5.714999999999998970, -1.519903165712366722, 0.09439999999999956759 ) ) ;
#8043 = ORIENTED_EDGE ( 'NONE', *, *, #7904, .F. ) ;
#8044 = DIRECTION ( 'NONE',  ( 0.000000000000000000, 0.000000000000000000, 1.000000000000000000 ) ) ;
#8045 = CARTESIAN_POINT ( 'NONE',  ( -0.8050000000000000488, 0.000000000000000000, -0.4000000000000000222 ) ) ;
#8046 = DIRECTION ( 'NONE',  ( 0.000000000000000000, 1.000000000000000000, 0.000000000000000000 ) ) ;
#8047 = CARTESIAN_POINT ( 'NONE',  ( 4.209999999999999076, 0.3099999999999999978, 0.1250000000000001110 ) ) ;
#8048 =( NAMED_UNIT ( * ) SI_UNIT ( $, .STERADIAN. ) SOLID_ANGLE_UNIT ( ) );
#8049 = ORIENTED_EDGE ( 'NONE', *, *, #3033, .T. ) ;
#8050 = EDGE_LOOP ( 'NONE', ( #8081, #312, #4234, #8067, #8093, #7469, #2498, #3873 ) ) ;
#8051 = CARTESIAN_POINT ( 'NONE',  ( 0.8699999999999997735, 0.3099999999999999978, 0.1250000000000003331 ) ) ;
#8052 = LINE ( 'NONE', #7433, #12270 ) ;
#8053 = ORIENTED_EDGE ( 'NONE', *, *, #7060, .T. ) ;
#8054 = STYLED_ITEM ( 'NONE', ( #868 ), #1381 ) ;
#8055 = ORIENTED_EDGE ( 'NONE', *, *, #12018, .F. ) ;
#8056 = VECTOR ( 'NONE', #7432, 1000.000000000000000 ) ;
#8057 = ORIENTED_EDGE ( 'NONE', *, *, #3981, .T. ) ;
#8058 = AXIS2_PLACEMENT_3D ( 'NONE', #6906, #2064, #3013 ) ;
#8059 = LINE ( 'NONE', #10100, #12395 ) ;
#8060 = CARTESIAN_POINT ( 'NONE',  ( 1.969999999999999973, 1.550000000000000044, 1.129999999999999893 ) ) ;
#8061 = CARTESIAN_POINT ( 'NONE',  ( 5.714999999999999858, -0.1000000000000000472, -0.1397000000000006292 ) ) ;
#8062 = ADVANCED_FACE ( 'NONE', ( #523 ), #8980, .T. ) ;
#8063 = ADVANCED_FACE ( 'NONE', ( #9022 ), #970, .T. ) ;
#8064 = EDGE_CURVE ( 'NONE', #12572, #3146, #578, .T. ) ;
#8065 = ORIENTED_EDGE ( 'NONE', *, *, #8906, .F. ) ;
#8066 = VECTOR ( 'NONE', #3404, 1000.000000000000000 ) ;
#8067 = ORIENTED_EDGE ( 'NONE', *, *, #7594, .F. ) ;
#8068 = CLOSED_SHELL ( 'NONE', ( #7476, #2828, #4957, #10090, #8500, #3767 ) ) ;
#8069 = CARTESIAN_POINT ( 'NONE',  ( -3.649999999999999911, 3.100000000000000089, -1.932161706211289909 ) ) ;
#8070 = VECTOR ( 'NONE', #11682, 1000.000000000000000 ) ;
#8071 = CARTESIAN_POINT ( 'NONE',  ( -3.432161706211294572, 2.899999999999999911, -1.932161706211289909 ) ) ;
#8072 = DIRECTION ( 'NONE',  ( 0.000000000000000000, 0.000000000000000000, -1.000000000000000000 ) ) ;
#8073 =( LENGTH_UNIT ( ) NAMED_UNIT ( * ) SI_UNIT ( .MILLI., .METRE. ) );
#8074 = ORIENTED_EDGE ( 'NONE', *, *, #10285, .T. ) ;
#8075 = SURFACE_SIDE_STYLE ('',( #6397 ) ) ;
#8076 =( LENGTH_UNIT ( ) NAMED_UNIT ( * ) SI_UNIT ( .MILLI., .METRE. ) );
#8077 = DIRECTION ( 'NONE',  ( 1.000000000000000000, 0.000000000000000000, 0.000000000000000000 ) ) ;
#8078 = DIRECTION ( 'NONE',  ( 0.000000000000000000, 1.000000000000000000, 0.000000000000000000 ) ) ;
#8079 = CARTESIAN_POINT ( 'NONE',  ( 4.569999999999997620, 0.04000000000000000083, -3.575000000000002842 ) ) ;
#8080 = PLANE ( 'NONE',  #12373 ) ;
#8081 = ORIENTED_EDGE ( 'NONE', *, *, #9519, .F. ) ;
#8082 = VECTOR ( 'NONE', #4334, 1000.000000000000000 ) ;
#8083 = VERTEX_POINT ( 'NONE', #1709 ) ;
#8084 = SURFACE_SIDE_STYLE ('',( #5109 ) ) ;
#8085 = LINE ( 'NONE', #6094, #3647 ) ;
#8086 = FACE_OUTER_BOUND ( 'NONE', #11153, .T. ) ;
#8087 = CARTESIAN_POINT ( 'NONE',  ( -5.080000000000000071, 0.000000000000000000, -9.269999999999999574 ) ) ;
#8088 = EDGE_CURVE ( 'NONE', #6234, #3094, #631, .T. ) ;
#8089 = EDGE_CURVE ( 'NONE', #12176, #11613, #652, .T. ) ;
#8090 = ORIENTED_EDGE ( 'NONE', *, *, #9946, .F. ) ;
#8091 = DIRECTION ( 'NONE',  ( 0.000000000000000000, 0.000000000000000000, 1.000000000000000000 ) ) ;
#8092 = AXIS2_PLACEMENT_3D ( 'NONE', #3648, #9577, #2714 ) ;
#8093 = ORIENTED_EDGE ( 'NONE', *, *, #6102, .T. ) ;
#8094 = EDGE_LOOP ( 'NONE', ( #10801, #8098, #664, #345 ) ) ;
#8095 = VECTOR ( 'NONE', #10778, 1000.000000000000000 ) ;
#8096 = PLANE ( 'NONE',  #772 ) ;
#8097 = VERTEX_POINT ( 'NONE', #5583 ) ;
#8098 = ORIENTED_EDGE ( 'NONE', *, *, #5676, .F. ) ;
#8099 = ORIENTED_EDGE ( 'NONE', *, *, #6147, .T. ) ;
#8100 = VECTOR ( 'NONE', #8215, 1000.000000000000000 ) ;
#8101 = CARTESIAN_POINT ( 'NONE',  ( 5.714999999999999858, -0.1000000000000000056, -1.130299999999999194 ) ) ;
#8102 = ORIENTED_EDGE ( 'NONE', *, *, #8411, .F. ) ;
#8103 = PLANE ( 'NONE',  #11263 ) ;
#8104 = DIRECTION ( 'NONE',  ( -0.000000000000000000, 1.000000000000000000, 0.000000000000000000 ) ) ;
#8105 = PRESENTATION_LAYER_ASSIGNMENT (  '', '', ( #255 ) ) ;
#8106 = VECTOR ( 'NONE', #7516, 1000.000000000000000 ) ;
#8107 = CARTESIAN_POINT ( 'NONE',  ( -2.232161706211294838, 3.100000000000000089, -1.932161706211289909 ) ) ;
#8108 = PLANE ( 'NONE',  #5173 ) ;
#8109 = VECTOR ( 'NONE', #9375, 1000.000000000000000 ) ;
#8110 = CARTESIAN_POINT ( 'NONE',  ( 5.714999999999999858, -0.1000000000000000472, 0.4952999999999994074 ) ) ;
#8111 = DIRECTION ( 'NONE',  ( 0.000000000000000000, -1.000000000000000000, 0.000000000000000000 ) ) ;
#8112 = CARTESIAN_POINT ( 'NONE',  ( -0.6949999999999999512, 1.550000000000000044, 1.129999999999999893 ) ) ;
#8113 = ORIENTED_EDGE ( 'NONE', *, *, #12018, .T. ) ;
#8114 = CARTESIAN_POINT ( 'NONE',  ( 1.214999999999999858, 0.000000000000000000, -0.4000000000000000222 ) ) ;
#8115 = COLOUR_RGB ( '',1.000000000000000000, 1.000000000000000000, 1.000000000000000000 ) ;
#8116 = EDGE_CURVE ( 'NONE', #2789, #7328, #2951, .T. ) ;
#8117 = EDGE_LOOP ( 'NONE', ( #2597, #11376, #12282, #3125 ) ) ;
#8118 = ORIENTED_EDGE ( 'NONE', *, *, #8723, .F. ) ;
#8119 = CIRCLE ( 'NONE', #10688, 0.7600000000000002309 ) ;
#8120 = EDGE_CURVE ( 'NONE', #5062, #9006, #7173, .T. ) ;
#8121 = DIRECTION ( 'NONE',  ( 0.000000000000000000, 0.000000000000000000, -1.000000000000000000 ) ) ;
#8122 = AXIS2_PLACEMENT_3D ( 'NONE', #1054, #1933, #7785 ) ;
#8123 = CARTESIAN_POINT ( 'NONE',  ( -1.795313641478955002, 1.480598618449745940, -0.1851275133711804965 ) ) ;
#8124 = ADVANCED_FACE ( 'NONE', ( #11276 ), #6884, .T. ) ;
#8125 = LINE ( 'NONE', #2320, #84 ) ;
#8126 = VERTEX_POINT ( 'NONE', #6527 ) ;
#8127 = FACE_OUTER_BOUND ( 'NONE', #2450, .T. ) ;
#8128 = CARTESIAN_POINT ( 'NONE',  ( 1.920000000000000151, 1.550000000000000044, -1.129999999999999893 ) ) ;
#8129 = ORIENTED_EDGE ( 'NONE', *, *, #12001, .T. ) ;
#8130 = FACE_OUTER_BOUND ( 'NONE', #4564, .T. ) ;
#8131 = VERTEX_POINT ( 'NONE', #12449 ) ;
#8132 = LINE ( 'NONE', #11939, #3943 ) ;
#8133 = MECHANICAL_DESIGN_GEOMETRIC_PRESENTATION_REPRESENTATION (  '', ( #2481 ), #1647 ) ;
#8134 = SURFACE_STYLE_USAGE ( .BOTH. , #10920 ) ;
#8135 = VERTEX_POINT ( 'NONE', #8481 ) ;
#8136 = PLANE ( 'NONE',  #7464 ) ;
#8137 = DIRECTION ( 'NONE',  ( 0.000000000000000000, -0.8660254037844384856, 0.5000000000000003331 ) ) ;
#8138 = CARTESIAN_POINT ( 'NONE',  ( -0.8950000000000000178, 1.500000000000000000, -1.180000000000000160 ) ) ;
#8139 = LINE ( 'NONE', #229, #8341 ) ;
#8140 = DIRECTION ( 'NONE',  ( -0.000000000000000000, 1.000000000000000000, -0.000000000000000000 ) ) ;
#8141 = AXIS2_PLACEMENT_3D ( 'NONE', #2703, #5187, #11561 ) ;
#8142 = FILL_AREA_STYLE_COLOUR ( '', #530 ) ;
#8143 = ORIENTED_EDGE ( 'NONE', *, *, #12592, .T. ) ;
#8144 = ORIENTED_EDGE ( 'NONE', *, *, #9658, .T. ) ;
#8145 = DIRECTION ( 'NONE',  ( 0.000000000000000000, 1.000000000000000000, 0.000000000000000000 ) ) ;
#8146 = VECTOR ( 'NONE', #12464, 1000.000000000000000 ) ;
#8147 = VECTOR ( 'NONE', #618, 1000.000000000000000 ) ;
#8148 = ORIENTED_EDGE ( 'NONE', *, *, #4676, .F. ) ;
#8149 = VECTOR ( 'NONE', #5564, 1000.000000000000000 ) ;
#8150 =( GEOMETRIC_REPRESENTATION_CONTEXT ( 3 ) GLOBAL_UNCERTAINTY_ASSIGNED_CONTEXT ( ( #8452 ) ) GLOBAL_UNIT_ASSIGNED_CONTEXT ( ( #9762, #10660, #7481 ) ) REPRESENTATION_CONTEXT ( 'NONE', 'WORKASPACE' ) );
#8151 = MECHANICAL_DESIGN_GEOMETRIC_PRESENTATION_REPRESENTATION (  '', ( #12422 ), #4389 ) ;
#8152 = ORIENTED_EDGE ( 'NONE', *, *, #8554, .T. ) ;
#8153 = VECTOR ( 'NONE', #7088, 1000.000000000000000 ) ;
#8154 = ORIENTED_EDGE ( 'NONE', *, *, #12348, .F. ) ;
#8155 = ADVANCED_FACE ( 'NONE', ( #8127 ), #12473, .T. ) ;
#8156 = VECTOR ( 'NONE', #6443, 1000.000000000000000 ) ;
#8157 = ADVANCED_FACE ( 'NONE', ( #4069 ), #10461, .F. ) ;
#8158 =( LENGTH_UNIT ( ) NAMED_UNIT ( * ) SI_UNIT ( .MILLI., .METRE. ) );
#8159 = AXIS2_PLACEMENT_3D ( 'NONE', #9323, #7508, #10380 ) ;
#8160 = ORIENTED_EDGE ( 'NONE', *, *, #5337, .T. ) ;
#8161 = FACE_OUTER_BOUND ( 'NONE', #915, .T. ) ;
#8162 = VERTEX_POINT ( 'NONE', #1055 ) ;
#8163 = ORIENTED_EDGE ( 'NONE', *, *, #3624, .F. ) ;
#8164 = DIRECTION ( 'NONE',  ( -0.000000000000000000, -0.000000000000000000, -1.000000000000000000 ) ) ;
#8165 = LINE ( 'NONE', #212, #3856 ) ;
#8166 = DIRECTION ( 'NONE',  ( 0.000000000000000000, 1.000000000000000000, 0.000000000000000000 ) ) ;
#8167 = VECTOR ( 'NONE', #188, 1000.000000000000000 ) ;
#8168 =( NAMED_UNIT ( * ) PLANE_ANGLE_UNIT ( ) SI_UNIT ( $, .RADIAN. ) );
#8169 = ORIENTED_EDGE ( 'NONE', *, *, #3730, .T. ) ;
#8170 =( NAMED_UNIT ( * ) SI_UNIT ( $, .STERADIAN. ) SOLID_ANGLE_UNIT ( ) );
#8171 = LINE ( 'NONE', #12510, #12384 ) ;
#8172 = DIRECTION ( 'NONE',  ( 1.000000000000000000, -0.000000000000000000, -0.000000000000000000 ) ) ;
#8173 = CARTESIAN_POINT ( 'NONE',  ( -0.8050000000000000488, 0.000000000000000000, 1.000000000000000000 ) ) ;
#8174 = CARTESIAN_POINT ( 'NONE',  ( -1.570000000000000062, 0.5000000000000000000, -0.03499999999999965639 ) ) ;
#8175 = DIRECTION ( 'NONE',  ( 1.000000000000000000, -0.000000000000000000, -0.000000000000000000 ) ) ;
#8176 = ORIENTED_EDGE ( 'NONE', *, *, #5917, .T. ) ;
#8177 = ORIENTED_EDGE ( 'NONE', *, *, #3092, .F. ) ;
#8178 = AXIS2_PLACEMENT_3D ( 'NONE', #7896, #989, #8952 ) ;
#8179 = DIRECTION ( 'NONE',  ( 0.000000000000000000, 0.000000000000000000, 1.000000000000000000 ) ) ;
#8180 = CYLINDRICAL_SURFACE ( 'NONE', #10669, 0.4200000000000000400 ) ;
#8181 = EDGE_CURVE ( 'NONE', #9567, #10629, #8285, .T. ) ;
#8182 = ADVANCED_FACE ( 'NONE', ( #8309 ), #6440, .T. ) ;
#8183 = CARTESIAN_POINT ( 'NONE',  ( 1.669999999999999929, 0.000000000000000000, -0.08499999999999968692 ) ) ;
#8184 = CARTESIAN_POINT ( 'NONE',  ( -3.649999999999999911, 1.149999999999999911, -1.199999999999999956 ) ) ;
#8185 = ADVANCED_FACE ( 'NONE', ( #12526 ), #4945, .T. ) ;
#8186 = ORIENTED_EDGE ( 'NONE', *, *, #2895, .T. ) ;
#8187 = EDGE_CURVE ( 'NONE', #9139, #3937, #8333, .T. ) ;
#8188 = ORIENTED_EDGE ( 'NONE', *, *, #2526, .F. ) ;
#8189 = ORIENTED_EDGE ( 'NONE', *, *, #10530, .F. ) ;
#8190 = FACE_OUTER_BOUND ( 'NONE', #6910, .T. ) ;
#8191 = ORIENTED_EDGE ( 'NONE', *, *, #9832, .T. ) ;
#8192 = ORIENTED_EDGE ( 'NONE', *, *, #11322, .T. ) ;
#8193 = VERTEX_POINT ( 'NONE', #6686 ) ;
#8194 = CARTESIAN_POINT ( 'NONE',  ( 1.814999999999999947, 0.000000000000000000, -1.000000000000000000 ) ) ;
#8195 = DIRECTION ( 'NONE',  ( -3.614007241618350250E-16, 0.000000000000000000, 1.000000000000000000 ) ) ;
#8196 = VECTOR ( 'NONE', #10038, 1000.000000000000000 ) ;
#8197 = DIRECTION ( 'NONE',  ( 1.000000000000000000, -0.000000000000000000, 0.000000000000000000 ) ) ;
#8198 = DIRECTION ( 'NONE',  ( -0.000000000000000000, -1.000000000000000000, -0.000000000000000000 ) ) ;
#8199 = CARTESIAN_POINT ( 'NONE',  ( 3.260000000000000231, 0.3100000000000000533, -2.774999999999998135 ) ) ;
#8200 = EDGE_CURVE ( 'NONE', #8011, #6932, #12567, .T. ) ;
#8201 = CARTESIAN_POINT ( 'NONE',  ( 5.079999999999999183, -1.570000000000000062, -7.620000000000000107 ) ) ;
#8202 = VERTEX_POINT ( 'NONE', #9 ) ;
#8203 = CIRCLE ( 'NONE', #9436, 0.5100000000000000089 ) ;
#8204 = DIRECTION ( 'NONE',  ( 0.000000000000000000, 0.000000000000000000, 1.000000000000000000 ) ) ;
#8205 = LINE ( 'NONE', #9377, #4085 ) ;
#8206 = ORIENTED_EDGE ( 'NONE', *, *, #561, .F. ) ;
#8207 = VERTEX_POINT ( 'NONE', #9497 ) ;
#8208 = PRESENTATION_LAYER_ASSIGNMENT (  '', '', ( #11656 ) ) ;
#8209 = LINE ( 'NONE', #4510, #12225 ) ;
#8210 = DIRECTION ( 'NONE',  ( 0.000000000000000000, -1.000000000000000000, 0.000000000000000000 ) ) ;
#8211 = VECTOR ( 'NONE', #1733, 1000.000000000000000 ) ;
#8212 = VERTEX_POINT ( 'NONE', #11670 ) ;
#8213 = LINE ( 'NONE', #9550, #12433 ) ;
#8214 = EDGE_CURVE ( 'NONE', #1474, #12403, #8373, .T. ) ;
#8215 = DIRECTION ( 'NONE',  ( 0.000000000000000000, 1.000000000000000000, 0.000000000000000000 ) ) ;
#8216 = CARTESIAN_POINT ( 'NONE',  ( 0.8050000000000000488, 0.1000000000000000056, -1.000000000000000000 ) ) ;
#8217 = ORIENTED_EDGE ( 'NONE', *, *, #5988, .T. ) ;
#8218 = VECTOR ( 'NONE', #4716, 1000.000000000000000 ) ;
#8219 = ORIENTED_EDGE ( 'NONE', *, *, #10907, .T. ) ;
#8220 = LINE ( 'NONE', #8069, #7799 ) ;
#8221 = AXIS2_PLACEMENT_3D ( 'NONE', #5, #6598, #2946 ) ;
#8222 = MECHANICAL_DESIGN_GEOMETRIC_PRESENTATION_REPRESENTATION (  '', ( #11038 ), #10480 ) ;
#8223 = ORIENTED_EDGE ( 'NONE', *, *, #568, .F. ) ;
#8224 = CARTESIAN_POINT ( 'NONE',  ( -6.349999999999999645, -1.570000000000000284, 8.380000000000000782 ) ) ;
#8225 = DIRECTION ( 'NONE',  ( 0.000000000000000000, 0.000000000000000000, -1.000000000000000000 ) ) ;
#8226 = CARTESIAN_POINT ( 'NONE',  ( -1.805769684305110090, 1.449999999999999956, -0.1876090199250475266 ) ) ;
#8227 = EDGE_CURVE ( 'NONE', #8679, #6914, #11327, .T. ) ;
#8228 = VECTOR ( 'NONE', #5228, 1000.000000000000000 ) ;
#8229 = DIRECTION ( 'NONE',  ( 0.000000000000000000, 0.000000000000000000, 1.000000000000000000 ) ) ;
#8230 = CARTESIAN_POINT ( 'NONE',  ( -5.080000000000000071, 0.000000000000000000, -7.620000000000000107 ) ) ;
#8231 = ORIENTED_EDGE ( 'NONE', *, *, #6977, .F. ) ;
#8232 = ORIENTED_EDGE ( 'NONE', *, *, #9913, .T. ) ;
#8233 = DIRECTION ( 'NONE',  ( 0.000000000000000000, 1.000000000000000000, 0.000000000000000000 ) ) ;
#8234 = ADVANCED_FACE ( 'NONE', ( #2931 ), #6238, .T. ) ;
#8235 = LINE ( 'NONE', #7719, #8253 ) ;
#8236 = ORIENTED_EDGE ( 'NONE', *, *, #6100, .F. ) ;
#8237 = LINE ( 'NONE', #10824, #3919 ) ;
#8238 = ORIENTED_EDGE ( 'NONE', *, *, #9633, .F. ) ;
#8239 = LINE ( 'NONE', #2592, #4145 ) ;
#8240 = VERTEX_POINT ( 'NONE', #7185 ) ;
#8241 = EDGE_CURVE ( 'NONE', #12401, #3094, #7149, .T. ) ;
#8242 = EDGE_CURVE ( 'NONE', #10957, #9308, #11084, .T. ) ;
#8243 = LINE ( 'NONE', #487, #12462 ) ;
#8244 = PLANE ( 'NONE',  #7802 ) ;
#8245 = ORIENTED_EDGE ( 'NONE', *, *, #7594, .T. ) ;
#8246 = VECTOR ( 'NONE', #6045, 1000.000000000000000 ) ;
#8247 = ORIENTED_EDGE ( 'NONE', *, *, #11064, .F. ) ;
#8248 = ORIENTED_EDGE ( 'NONE', *, *, #11203, .T. ) ;
#8249 = CARTESIAN_POINT ( 'NONE',  ( 1.814999999999999947, 0.1000000000000000056, 0.4000000000000000222 ) ) ;
#8250 = CIRCLE ( 'NONE', #5490, 0.5100000000000000089 ) ;
#8251 = DIRECTION ( 'NONE',  ( -1.000000000000000000, 0.000000000000000000, 0.000000000000000000 ) ) ;
#8252 = DIRECTION ( 'NONE',  ( 0.1391731009600654378, 0.9902680687415703620, 0.000000000000000000 ) ) ;
#8253 = VECTOR ( 'NONE', #8768, 1000.000000000000000 ) ;
#8254 = DIRECTION ( 'NONE',  ( 1.000000000000000000, 0.000000000000000000, 3.614007241618350250E-16 ) ) ;
#8255 = ORIENTED_EDGE ( 'NONE', *, *, #4953, .T. ) ;
#8256 = LINE ( 'NONE', #630, #12254 ) ;
#8257 = EDGE_CURVE ( 'NONE', #12195, #10678, #316, .T. ) ;
#8258 = DIRECTION ( 'NONE',  ( 0.000000000000000000, 1.000000000000000000, 0.000000000000000000 ) ) ;
#8259 = DIRECTION ( 'NONE',  ( 0.000000000000000000, 0.000000000000000000, -1.000000000000000000 ) ) ;
#8260 = CARTESIAN_POINT ( 'NONE',  ( -3.299999999999999822, 0.3499999999999999778, -1.199999999999999956 ) ) ;
#8261 = CARTESIAN_POINT ( 'NONE',  ( -2.350000000000000089, -3.135336068297440409E-17, -1.199999999999999956 ) ) ;
#8262 = ORIENTED_EDGE ( 'NONE', *, *, #12315, .F. ) ;
#8263 = EDGE_CURVE ( 'NONE', #12061, #8647, #4321, .T. ) ;
#8264 = LINE ( 'NONE', #9282, #4096 ) ;
#8265 = ORIENTED_EDGE ( 'NONE', *, *, #1128, .T. ) ;
#8266 = EDGE_CURVE ( 'NONE', #12403, #10259, #248, .T. ) ;
#8267 = EDGE_CURVE ( 'NONE', #88, #723, #4603, .T. ) ;
#8268 = ADVANCED_FACE ( 'NONE', ( #8849 ), #9270, .F. ) ;
#8269 = PLANE ( 'NONE',  #5409 ) ;
#8270 = ADVANCED_FACE ( 'NONE', ( #340 ), #6025, .T. ) ;
#8271 = AXIS2_PLACEMENT_3D ( 'NONE', #5054, #2032, #8072 ) ;
#8272 = LINE ( 'NONE', #1289, #8456 ) ;
#8273 = PLANE ( 'NONE',  #7976 ) ;
#8274 = DIRECTION ( 'NONE',  ( -0.000000000000000000, 1.000000000000000000, 0.000000000000000000 ) ) ;
#8275 = UNCERTAINTY_MEASURE_WITH_UNIT (LENGTH_MEASURE( 1.000000000000000082E-05 ), #7052, 'distance_accuracy_value', 'NONE');
#8276 = ORIENTED_EDGE ( 'NONE', *, *, #3351, .T. ) ;
#8277 = SURFACE_STYLE_USAGE ( .BOTH. , #10217 ) ;
#8278 = LINE ( 'NONE', #679, #11921 ) ;
#8279 = VERTEX_POINT ( 'NONE', #9948 ) ;
#8280 = AXIS2_PLACEMENT_3D ( 'NONE', #9789, #5202, #11937 ) ;
#8281 = ORIENTED_EDGE ( 'NONE', *, *, #4420, .F. ) ;
#8282 = FACE_OUTER_BOUND ( 'NONE', #398, .T. ) ;
#8283 = VECTOR ( 'NONE', #2973, 1000.000000000000000 ) ;
#8284 = ORIENTED_EDGE ( 'NONE', *, *, #10502, .T. ) ;
#8285 = CIRCLE ( 'NONE', #9846, 0.4200000000000000400 ) ;
#8286 = ORIENTED_EDGE ( 'NONE', *, *, #9138, .F. ) ;
#8287 = LINE ( 'NONE', #9533, #4165 ) ;
#8288 = VERTEX_POINT ( 'NONE', #10174 ) ;
#8289 = DIRECTION ( 'NONE',  ( 1.000000000000000000, 3.226792180016381951E-17, -3.491481338843133355E-15 ) ) ;
#8290 = CARTESIAN_POINT ( 'NONE',  ( 1.669999999999999929, 0.000000000000000000, 0.000000000000000000 ) ) ;
#8291 = DIRECTION ( 'NONE',  ( 0.000000000000000000, 1.000000000000000000, 0.000000000000000000 ) ) ;
#8292 = CARTESIAN_POINT ( 'NONE',  ( 6.350000000000001421, 0.000000000000000000, 8.130000000000000782 ) ) ;
#8293 = LINE ( 'NONE', #6390, #12554 ) ;
#8294 = CARTESIAN_POINT ( 'NONE',  ( 0.000000000000000000, 0.1000000000000000056, 0.000000000000000000 ) ) ;
#8295 = DIRECTION ( 'NONE',  ( -3.491481338843133355E-15, 0.000000000000000000, -1.000000000000000000 ) ) ;
#8296 = AXIS2_PLACEMENT_3D ( 'NONE', #5898, #9971, #10867 ) ;
#8297 = DIRECTION ( 'NONE',  ( -1.000000000000000000, 0.000000000000000000, -1.707404996040164018E-16 ) ) ;
#8298 = DIRECTION ( 'NONE',  ( 0.000000000000000000, 0.000000000000000000, 1.000000000000000000 ) ) ;
#8299 = ADVANCED_FACE ( 'NONE', ( #86 ), #10844, .F. ) ;
#8300 = ORIENTED_EDGE ( 'NONE', *, *, #10415, .F. ) ;
#8301 = LINE ( 'NONE', #5225, #12515 ) ;
#8302 = DIRECTION ( 'NONE',  ( 0.000000000000000000, 1.000000000000000000, 0.000000000000000000 ) ) ;
#8303 = FACE_OUTER_BOUND ( 'NONE', #7583, .T. ) ;
#8304 = ORIENTED_EDGE ( 'NONE', *, *, #5825, .F. ) ;
#8305 = ORIENTED_EDGE ( 'NONE', *, *, #2920, .F. ) ;
#8306 = DIRECTION ( 'NONE',  ( 0.4472135954999587604, 0.7745966692414824051, 0.4472135954999587604 ) ) ;
#8307 = VECTOR ( 'NONE', #2106, 1000.000000000000000 ) ;
#8308 = EDGE_LOOP ( 'NONE', ( #11172, #5386, #7179, #9496 ) ) ;
#8309 = FACE_OUTER_BOUND ( 'NONE', #2707, .T. ) ;
#8310 =( LENGTH_UNIT ( ) NAMED_UNIT ( * ) SI_UNIT ( .MILLI., .METRE. ) );
#8311 = EDGE_LOOP ( 'NONE', ( #9641, #223, #4922, #1743 ) ) ;
#8312 = PRODUCT_RELATED_PRODUCT_CATEGORY ( 'part', '', ( #1231 ) ) ;
#8313 = VECTOR ( 'NONE', #3419, 1000.000000000000000 ) ;
#8314 = VERTEX_POINT ( 'NONE', #5028 ) ;
#8315 = AXIS2_PLACEMENT_3D ( 'NONE', #3303, #2315, #10086 ) ;
#8316 = FACE_OUTER_BOUND ( 'NONE', #6871, .T. ) ;
#8317 = EDGE_CURVE ( 'NONE', #8769, #8014, #4515, .T. ) ;
#8318 = CARTESIAN_POINT ( 'NONE',  ( -0.8050000000000000488, 0.000000000000000000, -0.4000000000000000222 ) ) ;
#8319 =( NAMED_UNIT ( * ) SI_UNIT ( $, .STERADIAN. ) SOLID_ANGLE_UNIT ( ) );
#8320 = VERTEX_POINT ( 'NONE', #6169 ) ;
#8321 = AXIS2_PLACEMENT_3D ( 'NONE', #4231, #3467, #6071 ) ;
#8322 = CARTESIAN_POINT ( 'NONE',  ( 3.049999999999998046, 0.04000000000000000083, -3.574999999999997513 ) ) ;
#8323 = PLANE ( 'NONE',  #948 ) ;
#8324 = DIRECTION ( 'NONE',  ( 0.000000000000000000, 1.000000000000000000, 0.000000000000000000 ) ) ;
#8325 = CARTESIAN_POINT ( 'NONE',  ( 4.570000000000001172, 0.3099999999999999978, -2.775000000000002576 ) ) ;
#8326 = CARTESIAN_POINT ( 'NONE',  ( -2.232161706211294838, 3.100000000000000089, 1.932161706211294794 ) ) ;
#8327 = FILL_AREA_STYLE ('',( #8142 ) ) ;
#8328 = ORIENTED_EDGE ( 'NONE', *, *, #8037, .T. ) ;
#8329 = ORIENTED_EDGE ( 'NONE', *, *, #4142, .T. ) ;
#8330 = CARTESIAN_POINT ( 'NONE',  ( 5.714999999999999858, 0.000000000000000000, -0.3174999999999998934 ) ) ;
#8331 = LINE ( 'NONE', #1956, #4049 ) ;
#8332 = ORIENTED_EDGE ( 'NONE', *, *, #3864, .T. ) ;
#8333 = LINE ( 'NONE', #12541, #4141 ) ;
#8334 = VERTEX_POINT ( 'NONE', #564 ) ;
#8335 = VECTOR ( 'NONE', #747, 1000.000000000000000 ) ;
#8336 = ORIENTED_EDGE ( 'NONE', *, *, #11432, .F. ) ;
#8337 = VECTOR ( 'NONE', #3410, 1000.000000000000227 ) ;
#8338 = FILL_AREA_STYLE_COLOUR ( '', #8667 ) ;
#8339 = ORIENTED_EDGE ( 'NONE', *, *, #5279, .T. ) ;
#8340 = VECTOR ( 'NONE', #911, 1000.000000000000000 ) ;
#8341 = VECTOR ( 'NONE', #5057, 1000.000000000000000 ) ;
#8342 = ORIENTED_EDGE ( 'NONE', *, *, #1522, .F. ) ;
#8343 = DIRECTION ( 'NONE',  ( 1.000000000000000000, -0.000000000000000000, -0.000000000000000000 ) ) ;
#8344 = LINE ( 'NONE', #9587, #8070 ) ;
#8345 = DIRECTION ( 'NONE',  ( -1.000000000000000000, 0.000000000000000000, -0.000000000000000000 ) ) ;
#8346 = CARTESIAN_POINT ( 'NONE',  ( 3.009999999999998010, 0.000000000000000000, -3.574999999999997513 ) ) ;
#8347 = ADVANCED_FACE ( 'NONE', ( #8872 ), #199, .F. ) ;
#8348 = FACE_OUTER_BOUND ( 'NONE', #4859, .T. ) ;
#8349 = CARTESIAN_POINT ( 'NONE',  ( -1.814999999999999947, 0.000000000000000000, -0.4000000000000000222 ) ) ;
#8350 = EDGE_LOOP ( 'NONE', ( #1780, #1388, #8692, #3746 ) ) ;
#8351 = SURFACE_STYLE_USAGE ( .BOTH. , #1615 ) ;
#8352 = DIRECTION ( 'NONE',  ( 1.000000000000000000, -0.000000000000000000, 0.000000000000000000 ) ) ;
#8353 = CARTESIAN_POINT ( 'NONE',  ( -1.814999999999999947, 0.000000000000000000, 0.4000000000000000222 ) ) ;
#8354 = PLANE ( 'NONE',  #10892 ) ;
#8355 = CARTESIAN_POINT ( 'NONE',  ( 6.985000000000000320, -0.1000000000000000056, 0.4952999999999996295 ) ) ;
#8356 = ORIENTED_EDGE ( 'NONE', *, *, #2276, .F. ) ;
#8357 = FACE_OUTER_BOUND ( 'NONE', #12163, .T. ) ;
#8358 = ORIENTED_EDGE ( 'NONE', *, *, #7458, .F. ) ;
#8359 = DIRECTION ( 'NONE',  ( -0.000000000000000000, 1.000000000000000000, -0.000000000000000000 ) ) ;
#8360 = EDGE_CURVE ( 'NONE', #961, #6035, #4471, .T. ) ;
#8361 = VECTOR ( 'NONE', #2587, 1000.000000000000000 ) ;
#8362 = CARTESIAN_POINT ( 'NONE',  ( -3.250000000000000000, 1.250000000000000000, 1.199999999999999956 ) ) ;
#8363 = PLANE ( 'NONE',  #9034 ) ;
#8364 = STYLED_ITEM ( 'NONE', ( #4743 ), #5762 ) ;
#8365 = ORIENTED_EDGE ( 'NONE', *, *, #2098, .T. ) ;
#8366 = SURFACE_STYLE_USAGE ( .BOTH. , #6427 ) ;
#8367 = FACE_OUTER_BOUND ( 'NONE', #3513, .T. ) ;
#8368 =( NAMED_UNIT ( * ) PLANE_ANGLE_UNIT ( ) SI_UNIT ( $, .RADIAN. ) );
#8369 = EDGE_LOOP ( 'NONE', ( #5694, #9534, #6030, #8581 ) ) ;
#8370 = LINE ( 'NONE', #1796, #8095 ) ;
#8371 = PRESENTATION_STYLE_ASSIGNMENT (( #2812 ) ) ;
#8372 = ORIENTED_EDGE ( 'NONE', *, *, #8267, .F. ) ;
#8373 = LINE ( 'NONE', #103, #8600 ) ;
#8374 = EDGE_CURVE ( 'NONE', #10203, #7691, #8691, .T. ) ;
#8375 = ORIENTED_EDGE ( 'NONE', *, *, #553, .T. ) ;
#8376 = LINE ( 'NONE', #11091, #8313 ) ;
#8377 = ORIENTED_EDGE ( 'NONE', *, *, #12048, .F. ) ;
#8378 = AXIS2_PLACEMENT_3D ( 'NONE', #11859, #7193, #9360 ) ;
#8379 = CARTESIAN_POINT ( 'NONE',  ( 0.4398837366478682287, 0.3500000000000000333, -0.08499999999999965916 ) ) ;
#8380 = ADVANCED_FACE ( 'NONE', ( #4494 ), #5953, .T. ) ;
#8381 = DIRECTION ( 'NONE',  ( 0.000000000000000000, 0.000000000000000000, -1.000000000000000000 ) ) ;
#8382 = PLANE ( 'NONE',  #6895 ) ;
#8383 = DIRECTION ( 'NONE',  ( 4.517509052022940401E-16, 0.000000000000000000, 1.000000000000000000 ) ) ;
#8384 = ADVANCED_FACE ( 'NONE', ( #8737 ), #6989, .F. ) ;
#8385 = CYLINDRICAL_SURFACE ( 'NONE', #1560, 0.7600000000000002309 ) ;
#8386 = DIRECTION ( 'NONE',  ( -1.000000000000000000, 0.000000000000000000, -6.324512672832110842E-16 ) ) ;
#8387 = CARTESIAN_POINT ( 'NONE',  ( 5.714999999999999858, -0.1000000000000000056, -0.3174999999999998934 ) ) ;
#8388 = DIRECTION ( 'NONE',  ( 0.000000000000000000, -1.000000000000000000, 0.000000000000000000 ) ) ;
#8389 = FACE_OUTER_BOUND ( 'NONE', #7835, .T. ) ;
#8390 = CARTESIAN_POINT ( 'NONE',  ( 4.360000000000001208, 0.3099999999999999978, -2.775000000000001688 ) ) ;
#8391 = CARTESIAN_POINT ( 'NONE',  ( 1.214999999999999858, 0.000000000000000000, -1.000000000000000000 ) ) ;
#8392 = STYLED_ITEM ( 'NONE', ( #12320 ), #11511 ) ;
#8393 = ORIENTED_EDGE ( 'NONE', *, *, #12513, .F. ) ;
#8394 = FACE_OUTER_BOUND ( 'NONE', #10494, .T. ) ;
#8395 = PLANE ( 'NONE',  #1294 ) ;
#8396 = ORIENTED_EDGE ( 'NONE', *, *, #3565, .F. ) ;
#8397 = CYLINDRICAL_SURFACE ( 'NONE', #2645, 0.04999999999999991257 ) ;
#8398 = CARTESIAN_POINT ( 'NONE',  ( -3.432161706211294572, 3.100000000000000089, 1.932161706211294794 ) ) ;
#8399 = VECTOR ( 'NONE', #7808, 1000.000000000000000 ) ;
#8400 = ORIENTED_EDGE ( 'NONE', *, *, #888, .F. ) ;
#8401 = CARTESIAN_POINT ( 'NONE',  ( -3.809999999999999609, -3.719604614807106024, 8.130000000000000782 ) ) ;
#8402 = ORIENTED_EDGE ( 'NONE', *, *, #10562, .T. ) ;
#8403 = VECTOR ( 'NONE', #4537, 1000.000000000000000 ) ;
#8404 = EDGE_LOOP ( 'NONE', ( #11784, #438 ) ) ;
#8405 = VECTOR ( 'NONE', #7027, 1000.000000000000000 ) ;
#8406 = EDGE_CURVE ( 'NONE', #7414, #638, #11235, .T. ) ;
#8407 = VECTOR ( 'NONE', #2405, 1000.000000000000000 ) ;
#8408 = EDGE_CURVE ( 'NONE', #11486, #11271, #11351, .T. ) ;
#8409 =( LENGTH_UNIT ( ) NAMED_UNIT ( * ) SI_UNIT ( .MILLI., .METRE. ) );
#8410 = DIRECTION ( 'NONE',  ( 1.000000000000000000, 0.000000000000000000, 0.000000000000000000 ) ) ;
#8411 = EDGE_CURVE ( 'NONE', #7470, #7893, #8760, .T. ) ;
#8412 = ADVANCED_FACE ( 'NONE', ( #8802 ), #10248, .T. ) ;
#8413 = ORIENTED_EDGE ( 'NONE', *, *, #372, .T. ) ;
#8414 = CARTESIAN_POINT ( 'NONE',  ( -3.649999999999999911, 1.550000000000000044, 2.149999999999999911 ) ) ;
#8415 = DIRECTION ( 'NONE',  ( 0.000000000000000000, 0.000000000000000000, 1.000000000000000000 ) ) ;
#8416 = DIRECTION ( 'NONE',  ( 1.000000000000000000, 0.000000000000000000, 0.000000000000000000 ) ) ;
#8417 = CIRCLE ( 'NONE', #6148, 0.7600000000000002309 ) ;
#8418 = CARTESIAN_POINT ( 'NONE',  ( 1.669999999999999929, 0.3099999999999999978, -1.394999999999999574 ) ) ;
#8419 = DIRECTION ( 'NONE',  ( 0.000000000000000000, 1.000000000000000000, 0.000000000000000000 ) ) ;
#8420 = EDGE_CURVE ( 'NONE', #4356, #3785, #4562, .T. ) ;
#8421 = CARTESIAN_POINT ( 'NONE',  ( -0.2049999999999999878, 0.1000000000000000056, 0.4000000000000000222 ) ) ;
#8422 = ORIENTED_EDGE ( 'NONE', *, *, #5988, .F. ) ;
#8423 = PLANE ( 'NONE',  #6637 ) ;
#8424 = EDGE_CURVE ( 'NONE', #10571, #2760, #9125, .T. ) ;
#8425 = CIRCLE ( 'NONE', #4695, 0.7600000000000002309 ) ;
#8426 = ORIENTED_EDGE ( 'NONE', *, *, #12394, .F. ) ;
#8427 = VERTEX_POINT ( 'NONE', #3761 ) ;
#8428 = VECTOR ( 'NONE', #834, 1000.000000000000000 ) ;
#8429 = ORIENTED_EDGE ( 'NONE', *, *, #10699, .T. ) ;
#8430 = DIRECTION ( 'NONE',  ( 0.000000000000000000, 1.000000000000000000, 0.000000000000000000 ) ) ;
#8431 = EDGE_CURVE ( 'NONE', #2787, #10062, #5132, .T. ) ;
#8432 = DIRECTION ( 'NONE',  ( -1.000000000000000000, -0.000000000000000000, -0.000000000000000000 ) ) ;
#8433 = CIRCLE ( 'NONE', #9433, 0.4500000000000000111 ) ;
#8434 = MANIFOLD_SOLID_BREP ( 'Body-Move/Copy1[3]', #6767 ) ;
#8435 = ORIENTED_EDGE ( 'NONE', *, *, #9220, .F. ) ;
#8436 = EDGE_CURVE ( 'NONE', #12037, #6213, #12196, .T. ) ;
#8437 = VERTEX_POINT ( 'NONE', #9670 ) ;
#8438 = CARTESIAN_POINT ( 'NONE',  ( 5.714999999999999858, 0.000000000000000000, -1.130299999999999194 ) ) ;
#8439 = VECTOR ( 'NONE', #4776, 1000.000000000000000 ) ;
#8440 = EDGE_CURVE ( 'NONE', #3937, #1654, #12262, .T. ) ;
#8441 = AXIS2_PLACEMENT_3D ( 'NONE', #2039, #6882, #426 ) ;
#8442 = DIRECTION ( 'NONE',  ( 0.000000000000000000, 0.000000000000000000, -1.000000000000000000 ) ) ;
#8443 = CARTESIAN_POINT ( 'NONE',  ( -0.2049999999999999878, 0.1000000000000000056, -0.4000000000000000222 ) ) ;
#8444 = EDGE_LOOP ( 'NONE', ( #6546, #9165, #15, #7519 ) ) ;
#8445 = LINE ( 'NONE', #4059, #7973 ) ;
#8446 = CARTESIAN_POINT ( 'NONE',  ( 3.409999999999998810, 0.3099999999999999978, -1.394999999999999796 ) ) ;
#8447 = CARTESIAN_POINT ( 'NONE',  ( 3.050000000000000711, 0.04000000000000000083, -2.774999999999997247 ) ) ;
#8448 = DIRECTION ( 'NONE',  ( 0.000000000000000000, 0.000000000000000000, -1.000000000000000000 ) ) ;
#8449 = CARTESIAN_POINT ( 'NONE',  ( -3.432161706211294572, 2.899999999999999911, 1.932161706211294794 ) ) ;
#8450 = DIRECTION ( 'NONE',  ( -0.000000000000000000, 1.000000000000000000, -0.000000000000000000 ) ) ;
#8451 = ORIENTED_EDGE ( 'NONE', *, *, #2420, .F. ) ;
#8452 = UNCERTAINTY_MEASURE_WITH_UNIT (LENGTH_MEASURE( 1.000000000000000082E-05 ), #9762, 'distance_accuracy_value', 'NONE');
#8453 = LINE ( 'NONE', #5690, #8473 ) ;
#8454 = ORIENTED_EDGE ( 'NONE', *, *, #7923, .T. ) ;
#8455 = CARTESIAN_POINT ( 'NONE',  ( 3.810000000000000941, -1.570000000000000062, 8.130000000000000782 ) ) ;
#8456 = VECTOR ( 'NONE', #8233, 1000.000000000000000 ) ;
#8457 = AXIS2_PLACEMENT_3D ( 'NONE', #12269, #2636, #1710 ) ;
#8458 = PRESENTATION_STYLE_ASSIGNMENT (( #3765 ) ) ;
#8459 = DIRECTION ( 'NONE',  ( 0.000000000000000000, 1.000000000000000000, -1.016439536705159026E-15 ) ) ;
#8460 = ORIENTED_EDGE ( 'NONE', *, *, #866, .T. ) ;
#8461 = DIRECTION ( 'NONE',  ( 0.000000000000000000, -1.000000000000000000, 0.000000000000000000 ) ) ;
#8462 = FACE_OUTER_BOUND ( 'NONE', #4339, .T. ) ;
#8463 = CARTESIAN_POINT ( 'NONE',  ( -0.9700000000000001954, 0.5000000000000000000, -0.03499999999999965639 ) ) ;
#8464 = ORIENTED_EDGE ( 'NONE', *, *, #11536, .F. ) ;
#8465 = FACE_OUTER_BOUND ( 'NONE', #11612, .T. ) ;
#8466 = ADVANCED_FACE ( 'NONE', ( #3868 ), #8323, .F. ) ;
#8467 = VERTEX_POINT ( 'NONE', #2579 ) ;
#8468 = ORIENTED_EDGE ( 'NONE', *, *, #9516, .F. ) ;
#8469 = AXIS2_PLACEMENT_3D ( 'NONE', #2581, #2242, #3501 ) ;
#8470 = EDGE_CURVE ( 'NONE', #5012, #11775, #3631, .T. ) ;
#8471 = AXIS2_PLACEMENT_3D ( 'NONE', #8521, #835, #9681 ) ;
#8472 = EDGE_LOOP ( 'NONE', ( #12457, #2409, #524, #3880 ) ) ;
#8473 = VECTOR ( 'NONE', #10337, 1000.000000000000000 ) ;
#8474 = ORIENTED_EDGE ( 'NONE', *, *, #5254, .F. ) ;
#8475 = CARTESIAN_POINT ( 'NONE',  ( -3.809999999999999609, 0.000000000000000000, 9.400000000000002132 ) ) ;
#8476 = CARTESIAN_POINT ( 'NONE',  ( -6.349999999999999645, 0.000000000000000000, 9.650000000000000355 ) ) ;
#8477 = CARTESIAN_POINT ( 'NONE',  ( -1.269999999999999352, 0.000000000000000000, 9.650000000000000355 ) ) ;
#8478 = CARTESIAN_POINT ( 'NONE',  ( 1.270000000000000240, 0.000000000000000000, 8.890000000000000568 ) ) ;
#8479 = LINE ( 'NONE', #4529, #8361 ) ;
#8480 = DIRECTION ( 'NONE',  ( 0.000000000000000000, 0.000000000000000000, -1.000000000000000000 ) ) ;
#8481 = CARTESIAN_POINT ( 'NONE',  ( -5.714999999999998970, 0.000000000000000000, 0.09439999999999956759 ) ) ;
#8482 = CARTESIAN_POINT ( 'NONE',  ( -1.969999999999999973, 1.500000000000000000, -1.180000000000000160 ) ) ;
#8483 = CARTESIAN_POINT ( 'NONE',  ( -1.269999999999999352, 0.000000000000000000, 8.890000000000000568 ) ) ;
#8484 = DIRECTION ( 'NONE',  ( -1.000000000000000000, 0.000000000000000000, 1.162683294890621812E-16 ) ) ;
#8485 = EDGE_LOOP ( 'NONE', ( #8435, #837, #694, #2737 ) ) ;
#8486 = CARTESIAN_POINT ( 'NONE',  ( -3.460000000000000409, 1.421954445729287864, -2.875000000000000000 ) ) ;
#8487 =( GEOMETRIC_REPRESENTATION_CONTEXT ( 3 ) GLOBAL_UNCERTAINTY_ASSIGNED_CONTEXT ( ( #11326 ) ) GLOBAL_UNIT_ASSIGNED_CONTEXT ( ( #6166, #6461, #7096 ) ) REPRESENTATION_CONTEXT ( 'NONE', 'WORKASPACE' ) );
#8488 = VECTOR ( 'NONE', #4834, 1000.000000000000000 ) ;
#8489 = EDGE_LOOP ( 'NONE', ( #2017, #9592, #11119, #7352 ) ) ;
#8490 = AXIS2_PLACEMENT_3D ( 'NONE', #1772, #11126, #3542 ) ;
#8491 = DIRECTION ( 'NONE',  ( 1.000000000000000000, 0.000000000000000000, 0.000000000000000000 ) ) ;
#8492 = ORIENTED_EDGE ( 'NONE', *, *, #2124, .F. ) ;
#8493 = EDGE_CURVE ( 'NONE', #12377, #981, #12283, .T. ) ;
#8494 = SURFACE_STYLE_USAGE ( .BOTH. , #1720 ) ;
#8495 = DIRECTION ( 'NONE',  ( 1.000000000000000000, 0.000000000000000000, -1.122268564789513721E-16 ) ) ;
#8496 = ORIENTED_EDGE ( 'NONE', *, *, #2402, .T. ) ;
#8497 = VECTOR ( 'NONE', #6316, 1000.000000000000000 ) ;
#8498 = VERTEX_POINT ( 'NONE', #11515 ) ;
#8499 = PRESENTATION_LAYER_ASSIGNMENT (  '', '', ( #11433 ) ) ;
#8500 = ADVANCED_FACE ( 'NONE', ( #3567 ), #4523, .F. ) ;
#8501 = DIRECTION ( 'NONE',  ( -1.000000000000000000, 0.000000000000000000, -1.707404996040164018E-16 ) ) ;
#8502 = ADVANCED_FACE ( 'NONE', ( #8394 ), #11255, .F. ) ;
#8503 = LINE ( 'NONE', #201, #47 ) ;
#8504 = EDGE_CURVE ( 'NONE', #7882, #745, #8203, .T. ) ;
#8505 = CARTESIAN_POINT ( 'NONE',  ( 6.985000000000000320, 0.000000000000000000, -1.765299999999998981 ) ) ;
#8506 = ORIENTED_EDGE ( 'NONE', *, *, #1982, .F. ) ;
#8507 = CARTESIAN_POINT ( 'NONE',  ( 3.649999999999999911, 1.550000000000000044, 2.149999999999999911 ) ) ;
#8508 = CARTESIAN_POINT ( 'NONE',  ( -0.9700000000000001954, 1.421954445729287864, -0.2850000000000003642 ) ) ;
#8509 = SURFACE_STYLE_USAGE ( .BOTH. , #2742 ) ;
#8510 = VECTOR ( 'NONE', #2533, 1000.000000000000000 ) ;
#8511 = DIRECTION ( 'NONE',  ( 0.000000000000000000, 0.000000000000000000, 1.000000000000000000 ) ) ;
#8512 = DIRECTION ( 'NONE',  ( 0.000000000000000000, 1.000000000000000000, 0.000000000000000000 ) ) ;
#8513 = DIRECTION ( 'NONE',  ( 0.000000000000000000, 0.000000000000000000, 1.000000000000000000 ) ) ;
#8514 = VERTEX_POINT ( 'NONE', #9596 ) ;
#8515 = LINE ( 'NONE', #9035, #105 ) ;
#8516 = EDGE_LOOP ( 'NONE', ( #9276, #10536, #5122, #9541 ) ) ;
#8517 = ORIENTED_EDGE ( 'NONE', *, *, #1006, .T. ) ;
#8518 = LINE ( 'NONE', #4801, #8218 ) ;
#8519 = ORIENTED_EDGE ( 'NONE', *, *, #7293, .T. ) ;
#8520 = CARTESIAN_POINT ( 'NONE',  ( -1.214999999999999858, 0.1000000000000000056, 1.000000000000000000 ) ) ;
#8521 = CARTESIAN_POINT ( 'NONE',  ( 4.360000000000002096, 0.3500000000000000333, -2.344883736647870531 ) ) ;
#8522 = LINE ( 'NONE', #2796, #69 ) ;
#8523 = LINE ( 'NONE', #11435, #116 ) ;
#8524 = EDGE_LOOP ( 'NONE', ( #3571, #10450, #10181, #1543 ) ) ;
#8525 = FACE_OUTER_BOUND ( 'NONE', #12497, .T. ) ;
#8526 = ORIENTED_EDGE ( 'NONE', *, *, #9612, .F. ) ;
#8527 = DIRECTION ( 'NONE',  ( 0.000000000000000000, 1.000000000000000000, 0.000000000000000000 ) ) ;
#8528 = EDGE_CURVE ( 'NONE', #12490, #6850, #12423, .T. ) ;
#8529 = CARTESIAN_POINT ( 'NONE',  ( 6.350000000000001421, -1.570000000000000062, 8.890000000000000568 ) ) ;
#8530 = CARTESIAN_POINT ( 'NONE',  ( 0.8050000000000000488, 0.000000000000000000, -1.000000000000000000 ) ) ;
#8531 = EDGE_LOOP ( 'NONE', ( #2474, #11135, #8645, #10698 ) ) ;
#8532 = ORIENTED_EDGE ( 'NONE', *, *, #3017, .F. ) ;
#8533 = CARTESIAN_POINT ( 'NONE',  ( -1.570000000000000062, 0.5000000000000000000, -0.9849999999999993205 ) ) ;
#8534 = EDGE_LOOP ( 'NONE', ( #108, #2784, #11379, #8148 ) ) ;
#8535 = DIRECTION ( 'NONE',  ( 1.000000000000000000, 0.000000000000000000, 0.000000000000000000 ) ) ;
#8536 = ORIENTED_EDGE ( 'NONE', *, *, #4959, .T. ) ;
#8537 = FACE_OUTER_BOUND ( 'NONE', #12566, .T. ) ;
#8538 = ORIENTED_EDGE ( 'NONE', *, *, #10360, .T. ) ;
#8539 = DIRECTION ( 'NONE',  ( 0.000000000000000000, 0.000000000000000000, 1.000000000000000000 ) ) ;
#8540 = FACE_OUTER_BOUND ( 'NONE', #908, .T. ) ;
#8541 = CARTESIAN_POINT ( 'NONE',  ( 6.985000000000000320, -0.1000000000000000472, -0.1397000000000004072 ) ) ;
#8542 = FACE_OUTER_BOUND ( 'NONE', #6231, .T. ) ;
#8543 = DIRECTION ( 'NONE',  ( -0.000000000000000000, 1.000000000000000000, -0.000000000000000000 ) ) ;
#8544 = ORIENTED_EDGE ( 'NONE', *, *, #10465, .T. ) ;
#8545 = CARTESIAN_POINT ( 'NONE',  ( -0.2049999999999999878, 0.1000000000000000056, -0.4000000000000000222 ) ) ;
#8546 = EDGE_CURVE ( 'NONE', #5516, #11480, #12606, .T. ) ;
#8547 = LINE ( 'NONE', #9398, #31 ) ;
#8548 = AXIS2_PLACEMENT_3D ( 'NONE', #11772, #6534, #5660 ) ;
#8549 = CARTESIAN_POINT ( 'NONE',  ( 0.000000000000000000, 0.1000000000000000056, 0.000000000000000000 ) ) ;
#8550 = VERTEX_POINT ( 'NONE', #2190 ) ;
#8551 = CIRCLE ( 'NONE', #10963, 0.09999999999999982514 ) ;
#8552 = FACE_OUTER_BOUND ( 'NONE', #4740, .T. ) ;
#8553 = ORIENTED_EDGE ( 'NONE', *, *, #9916, .F. ) ;
#8554 = EDGE_CURVE ( 'NONE', #18, #12404, #4018, .T. ) ;
#8555 = VERTEX_POINT ( 'NONE', #11959 ) ;
#8556 = VERTEX_POINT ( 'NONE', #9115 ) ;
#8557 = VECTOR ( 'NONE', #3605, 1000.000000000000000 ) ;
#8558 = EDGE_LOOP ( 'NONE', ( #9444, #177, #6459, #2727 ) ) ;
#8559 = EDGE_CURVE ( 'NONE', #6625, #6565, #12466, .T. ) ;
#8560 = CARTESIAN_POINT ( 'NONE',  ( 1.669999999999999929, 0.3499999999999999778, -1.434999999999999609 ) ) ;
#8561 = PLANE ( 'NONE',  #12409 ) ;
#8562 = CARTESIAN_POINT ( 'NONE',  ( 0.000000000000000000, -0.1000000000000000056, 0.000000000000000000 ) ) ;
#8563 = LINE ( 'NONE', #1524, #12578 ) ;
#8564 = CARTESIAN_POINT ( 'NONE',  ( 1.669999999999999929, 0.04000000000000000083, -1.394999999999999574 ) ) ;
#8565 = CARTESIAN_POINT ( 'NONE',  ( -3.809999999999999609, -3.719604614807106024, 8.890000000000000568 ) ) ;
#8566 = DIRECTION ( 'NONE',  ( 0.000000000000000000, 2.168404344971009115E-16, -1.000000000000000000 ) ) ;
#8567 = CARTESIAN_POINT ( 'NONE',  ( 6.985000000000000320, 0.000000000000000000, -1.765299999999998981 ) ) ;
#8568 = VECTOR ( 'NONE', #567, 1000.000000000000000 ) ;
#8569 = DIRECTION ( 'NONE',  ( 0.000000000000000000, 0.000000000000000000, 1.000000000000000000 ) ) ;
#8570 = CARTESIAN_POINT ( 'NONE',  ( 3.409999999999998810, 0.04000000000000000083, -1.394999999999999796 ) ) ;
#8571 = ORIENTED_EDGE ( 'NONE', *, *, #7606, .T. ) ;
#8572 = VERTEX_POINT ( 'NONE', #131 ) ;
#8573 = LINE ( 'NONE', #11270, #8846 ) ;
#8574 = PLANE ( 'NONE',  #2561 ) ;
#8575 = ADVANCED_FACE ( 'NONE', ( #12491, #12558 ), #7991, .T. ) ;
#8576 = ORIENTED_EDGE ( 'NONE', *, *, #7750, .T. ) ;
#8577 = ORIENTED_EDGE ( 'NONE', *, *, #2571, .F. ) ;
#8578 = EDGE_CURVE ( 'NONE', #10316, #8736, #8301, .T. ) ;
#8579 =( NAMED_UNIT ( * ) SI_UNIT ( $, .STERADIAN. ) SOLID_ANGLE_UNIT ( ) );
#8580 = CARTESIAN_POINT ( 'NONE',  ( -3.649999999999999911, 1.149999999999999911, 1.199999999999999956 ) ) ;
#8581 = ORIENTED_EDGE ( 'NONE', *, *, #10632, .T. ) ;
#8582 = ORIENTED_EDGE ( 'NONE', *, *, #4258, .F. ) ;
#8583 = EDGE_CURVE ( 'NONE', #1701, #5072, #7673, .T. ) ;
#8584 = LINE ( 'NONE', #6395, #4032 ) ;
#8585 = ORIENTED_EDGE ( 'NONE', *, *, #10907, .F. ) ;
#8586 = FACE_OUTER_BOUND ( 'NONE', #6423, .T. ) ;
#8587 = FACE_BOUND ( 'NONE', #8404, .T. ) ;
#8588 = CARTESIAN_POINT ( 'NONE',  ( 2.350000000000000089, 0.2999999999999999889, -1.199999999999999956 ) ) ;
#8589 = EDGE_LOOP ( 'NONE', ( #5170, #6897, #4702, #1156 ) ) ;
#8590 = CARTESIAN_POINT ( 'NONE',  ( -0.2049999999999999878, 0.1000000000000000056, -0.4000000000000000222 ) ) ;
#8591 = DIRECTION ( 'NONE',  ( 0.000000000000000000, 0.000000000000000000, 1.000000000000000000 ) ) ;
#8592 = DIRECTION ( 'NONE',  ( -0.000000000000000000, -0.000000000000000000, 1.000000000000000000 ) ) ;
#8593 = DIRECTION ( 'NONE',  ( 0.000000000000000000, 0.000000000000000000, -1.000000000000000000 ) ) ;
#8594 = CARTESIAN_POINT ( 'NONE',  ( -3.460000000000000409, 0.000000000000000000, -3.474999999999999645 ) ) ;
#8595 = DIRECTION ( 'NONE',  ( -1.000000000000000000, -0.000000000000000000, 3.491481338843133355E-15 ) ) ;
#8596 = ORIENTED_EDGE ( 'NONE', *, *, #6614, .F. ) ;
#8597 = EDGE_CURVE ( 'NONE', #3081, #12130, #3275, .T. ) ;
#8598 = FACE_OUTER_BOUND ( 'NONE', #633, .T. ) ;
#8599 = ORIENTED_EDGE ( 'NONE', *, *, #1248, .F. ) ;
#8600 = VECTOR ( 'NONE', #2009, 1000.000000000000000 ) ;
#8601 = VERTEX_POINT ( 'NONE', #5895 ) ;
#8602 = ORIENTED_EDGE ( 'NONE', *, *, #10916, .T. ) ;
#8603 = VECTOR ( 'NONE', #926, 1000.000000000000000 ) ;
#8604 = ORIENTED_EDGE ( 'NONE', *, *, #8440, .F. ) ;
#8605 = ADVANCED_FACE ( 'NONE', ( #3062 ), #4102, .F. ) ;
#8606 = CARTESIAN_POINT ( 'NONE',  ( 0.8699999999999997735, 0.03999999999999999389, -0.08499999999999968692 ) ) ;
#8607 = EDGE_CURVE ( 'NONE', #5795, #3442, #7512, .T. ) ;
#8608 = ADVANCED_FACE ( 'NONE', ( #11726 ), #11605, .T. ) ;
#8609 = PLANE ( 'NONE',  #4534 ) ;
#8610 = LINE ( 'NONE', #1599, #210 ) ;
#8611 = MANIFOLD_SOLID_BREP ( 'Boss-Extrude6[1]', #2379 ) ;
#8612 = AXIS2_PLACEMENT_3D ( 'NONE', #8294, #9407, #6439 ) ;
#8613 = FACE_OUTER_BOUND ( 'NONE', #1899, .T. ) ;
#8614 = ORIENTED_EDGE ( 'NONE', *, *, #6790, .T. ) ;
#8615 = UNCERTAINTY_MEASURE_WITH_UNIT (LENGTH_MEASURE( 1.000000000000000082E-05 ), #4745, 'distance_accuracy_value', 'NONE');
#8616 = FACE_OUTER_BOUND ( 'NONE', #9189, .T. ) ;
#8617 = ORIENTED_EDGE ( 'NONE', *, *, #12339, .T. ) ;
#8618 = PLANE ( 'NONE',  #10560 ) ;
#8619 = VECTOR ( 'NONE', #10934, 1000.000000000000000 ) ;
#8620 = PLANE ( 'NONE',  #2532 ) ;
#8621 = DIRECTION ( 'NONE',  ( -1.000000000000000000, 0.000000000000000000, 3.491481338843133355E-15 ) ) ;
#8622 = DIRECTION ( 'NONE',  ( -1.000000000000000000, 0.000000000000000000, 0.000000000000000000 ) ) ;
#8623 = AXIS2_PLACEMENT_3D ( 'NONE', #11898, #1327, #4222 ) ;
#8624 = EDGE_LOOP ( 'NONE', ( #12528, #9393, #3708, #9394 ) ) ;
#8625 = VECTOR ( 'NONE', #9866, 1000.000000000000000 ) ;
#8626 = DIRECTION ( 'NONE',  ( 0.000000000000000000, -1.000000000000000000, 0.000000000000000000 ) ) ;
#8627 = DIRECTION ( 'NONE',  ( 0.000000000000000000, 1.000000000000000000, 0.000000000000000000 ) ) ;
#8628 = SURFACE_SIDE_STYLE ('',( #5523 ) ) ;
#8629 = CARTESIAN_POINT ( 'NONE',  ( 6.985000000000000320, 0.000000000000000000, 0.4952999999999996295 ) ) ;
#8630 = VERTEX_POINT ( 'NONE', #11698 ) ;
#8631 =( LENGTH_UNIT ( ) NAMED_UNIT ( * ) SI_UNIT ( .MILLI., .METRE. ) );
#8632 = VERTEX_POINT ( 'NONE', #1159 ) ;
#8633 = LINE ( 'NONE', #3514, #8403 ) ;
#8634 = ORIENTED_EDGE ( 'NONE', *, *, #1868, .T. ) ;
#8635 =( LENGTH_UNIT ( ) NAMED_UNIT ( * ) SI_UNIT ( .MILLI., .METRE. ) );
#8636 = AXIS2_PLACEMENT_3D ( 'NONE', #5236, #4112, #10130 ) ;
#8637 = VECTOR ( 'NONE', #3992, 1000.000000000000000 ) ;
#8638 = CARTESIAN_POINT ( 'NONE',  ( 1.814999999999999947, 0.000000000000000000, 0.4000000000000000222 ) ) ;
#8639 = VECTOR ( 'NONE', #2745, 1000.000000000000000 ) ;
#8640 = CARTESIAN_POINT ( 'NONE',  ( -1.214999999999999858, 0.1000000000000000056, 0.4000000000000000222 ) ) ;
#8641 = AXIS2_PLACEMENT_3D ( 'NONE', #9812, #4794, #6557 ) ;
#8642 = ADVANCED_FACE ( 'NONE', ( #11707 ), #9888, .F. ) ;
#8643 = ORIENTED_EDGE ( 'NONE', *, *, #1769, .F. ) ;
#8644 = AXIS2_PLACEMENT_3D ( 'NONE', #7659, #8442, #8345 ) ;
#8645 = ORIENTED_EDGE ( 'NONE', *, *, #561, .T. ) ;
#8646 = ORIENTED_EDGE ( 'NONE', *, *, #1674, .T. ) ;
#8647 = VERTEX_POINT ( 'NONE', #3070 ) ;
#8648 = ORIENTED_EDGE ( 'NONE', *, *, #11234, .F. ) ;
#8649 = ORIENTED_EDGE ( 'NONE', *, *, #7942, .F. ) ;
#8650 = CYLINDRICAL_SURFACE ( 'NONE', #1142, 0.5100000000000017852 ) ;
#8651 = ORIENTED_EDGE ( 'NONE', *, *, #6485, .T. ) ;
#8652 = FILL_AREA_STYLE ('',( #5023 ) ) ;
#8653 = CARTESIAN_POINT ( 'NONE',  ( -0.2049999999999999878, 0.1000000000000000056, 1.000000000000000000 ) ) ;
#8654 = CARTESIAN_POINT ( 'NONE',  ( -3.460000000000000409, 0.5000000000000000000, -2.875000000000000000 ) ) ;
#8655 = FACE_OUTER_BOUND ( 'NONE', #6731, .T. ) ;
#8656 = DIRECTION ( 'NONE',  ( 0.000000000000000000, 0.000000000000000000, -1.000000000000000000 ) ) ;
#8657 = DIRECTION ( 'NONE',  ( 1.000000000000000000, -2.168404344971008868E-16, -3.491481338843133355E-15 ) ) ;
#8658 = PLANE ( 'NONE',  #6378 ) ;
#8659 = LINE ( 'NONE', #1436, #376 ) ;
#8660 = CARTESIAN_POINT ( 'NONE',  ( -3.649999999999999911, 1.550000000000000044, 2.149999999999999911 ) ) ;
#8661 = DIRECTION ( 'NONE',  ( 0.000000000000000000, -1.084202172485506209E-15, 1.000000000000000000 ) ) ;
#8662 = EDGE_CURVE ( 'NONE', #7016, #2891, #3320, .T. ) ;
#8663 = EDGE_LOOP ( 'NONE', ( #842, #4066, #6163, #12589 ) ) ;
#8664 = DIRECTION ( 'NONE',  ( 0.000000000000000000, 1.000000000000000000, 0.000000000000000000 ) ) ;
#8665 =( GEOMETRIC_REPRESENTATION_CONTEXT ( 3 ) GLOBAL_UNCERTAINTY_ASSIGNED_CONTEXT ( ( #6341 ) ) GLOBAL_UNIT_ASSIGNED_CONTEXT ( ( #7557, #10345, #5623 ) ) REPRESENTATION_CONTEXT ( 'NONE', 'WORKASPACE' ) );
#8666 = VERTEX_POINT ( 'NONE', #7899 ) ;
#8667 = COLOUR_RGB ( '',1.000000000000000000, 0.8117647058823529438, 0.5019607843137254832 ) ;
#8668 = CARTESIAN_POINT ( 'NONE',  ( -6.349999999999999645, -3.719604614807106024, 8.890000000000000568 ) ) ;
#8669 = ORIENTED_EDGE ( 'NONE', *, *, #218, .T. ) ;
#8670 = FILL_AREA_STYLE_COLOUR ( '', #3456 ) ;
#8671 = CLOSED_SHELL ( 'NONE', ( #10382, #11330, #6060, #8575, #9343, #4874 ) ) ;
#8672 = EDGE_LOOP ( 'NONE', ( #7385, #3637, #8577, #5604 ) ) ;
#8673 = VECTOR ( 'NONE', #1668, 1000.000000000000000 ) ;
#8674 = CARTESIAN_POINT ( 'NONE',  ( 1.814999999999999947, 0.1000000000000000056, -1.000000000000000000 ) ) ;
#8675 = ORIENTED_EDGE ( 'NONE', *, *, #6943, .F. ) ;
#8676 = LINE ( 'NONE', #10544, #12439 ) ;
#8677 = VECTOR ( 'NONE', #5458, 1000.000000000000000 ) ;
#8678 = SURFACE_SIDE_STYLE ('',( #35 ) ) ;
#8679 = VERTEX_POINT ( 'NONE', #4194 ) ;
#8680 = DIRECTION ( 'NONE',  ( 0.000000000000000000, 0.000000000000000000, -1.000000000000000000 ) ) ;
#8681 = CARTESIAN_POINT ( 'NONE',  ( 6.350000000000001421, -3.719604614807106024, 9.400000000000000355 ) ) ;
#8682 = VECTOR ( 'NONE', #9853, 1000.000000000000000 ) ;
#8683 = DIRECTION ( 'NONE',  ( -0.000000000000000000, -1.000000000000000000, -0.000000000000000000 ) ) ;
#8684 = DIRECTION ( 'NONE',  ( 1.000000000000000000, 0.000000000000000000, 0.000000000000000000 ) ) ;
#8685 = CARTESIAN_POINT ( 'NONE',  ( 4.610000000000000320, 0.3499999999999999778, -2.775000000000002576 ) ) ;
#8686 = VERTEX_POINT ( 'NONE', #8957 ) ;
#8687 = APPLICATION_CONTEXT ( 'automotive_design' ) ;
#8688 = VECTOR ( 'NONE', #3537, 1000.000000000000000 ) ;
#8689 = ADVANCED_FACE ( 'NONE', ( #3156 ), #2265, .T. ) ;
#8690 = ORIENTED_EDGE ( 'NONE', *, *, #4053, .F. ) ;
#8691 = LINE ( 'NONE', #12116, #296 ) ;
#8692 = ORIENTED_EDGE ( 'NONE', *, *, #3730, .F. ) ;
#8693 = CLOSED_SHELL ( 'NONE', ( #4755, #2630, #9712, #4619, #4394, #6279 ) ) ;
#8694 = FACE_BOUND ( 'NONE', #11945, .T. ) ;
#8695 = ORIENTED_EDGE ( 'NONE', *, *, #7606, .F. ) ;
#8696 = DIRECTION ( 'NONE',  ( -1.000000000000000000, 0.000000000000000000, -1.707404996040164018E-16 ) ) ;
#8698 = CARTESIAN_POINT ( 'NONE',  ( 1.605662432702595011, 0.05000000000000000278, 1.605662432702595011 ) ) ;
#8697 = LINE ( 'NONE', #5376, #8405 ) ;
#8699 = EDGE_CURVE ( 'NONE', #11976, #7022, #11625, .T. ) ;
#8700 = EDGE_CURVE ( 'NONE', #5270, #3667, #7647, .T. ) ;
#8701 = ORIENTED_EDGE ( 'NONE', *, *, #5416, .F. ) ;
#8702 = VECTOR ( 'NONE', #11986, 1000.000000000000000 ) ;
#8703 = LINE ( 'NONE', #5346, #8911 ) ;
#8704 = ORIENTED_EDGE ( 'NONE', *, *, #6430, .T. ) ;
#8705 = LINE ( 'NONE', #7215, #313 ) ;
#8706 = FILL_AREA_STYLE ('',( #7660 ) ) ;
#8707 = FILL_AREA_STYLE ('',( #7840 ) ) ;
#8708 = ORIENTED_EDGE ( 'NONE', *, *, #894, .F. ) ;
#8709 = ORIENTED_EDGE ( 'NONE', *, *, #4287, .F. ) ;
#8710 = PRESENTATION_LAYER_ASSIGNMENT (  '', '', ( #688 ) ) ;
#8711 = DIRECTION ( 'NONE',  ( 0.000000000000000000, 1.000000000000000000, 0.000000000000000000 ) ) ;
#8712 = DIRECTION ( 'NONE',  ( -1.000000000000000000, 0.000000000000000000, 1.162683294890621812E-16 ) ) ;
#8713 = DIRECTION ( 'NONE',  ( 0.000000000000000000, 1.000000000000000000, 0.000000000000000000 ) ) ;
#8714 = PLANE ( 'NONE',  #2544 ) ;
#8715 = VERTEX_POINT ( 'NONE', #12239 ) ;
#8716 = DIRECTION ( 'NONE',  ( 1.000000000000000000, 0.000000000000000000, -3.491481338843133355E-15 ) ) ;
#8717 = VERTEX_POINT ( 'NONE', #677 ) ;
#8718 = EDGE_CURVE ( 'NONE', #8207, #6455, #7688, .T. ) ;
#8719 = FACE_BOUND ( 'NONE', #6047, .T. ) ;
#8720 = ORIENTED_EDGE ( 'NONE', *, *, #3331, .F. ) ;
#8721 = ADVANCED_FACE ( 'NONE', ( #7712 ), #2517, .F. ) ;
#8722 = CARTESIAN_POINT ( 'NONE',  ( 3.409999999999998810, 0.3500000000000000333, -0.08499999999999986733 ) ) ;
#8723 = EDGE_CURVE ( 'NONE', #11072, #12013, #7737, .T. ) ;
#8724 = ADVANCED_FACE ( 'NONE', ( #12104 ), #2434, .F. ) ;
#8725 = AXIS2_PLACEMENT_3D ( 'NONE', #11148, #8302, #4327 ) ;
#8726 = LINE ( 'NONE', #5514, #4616 ) ;
#8727 = DIRECTION ( 'NONE',  ( 0.000000000000000000, 0.000000000000000000, -1.000000000000000000 ) ) ;
#8728 = DIRECTION ( 'NONE',  ( 0.000000000000000000, 0.000000000000000000, 1.000000000000000000 ) ) ;
#8729 = EDGE_LOOP ( 'NONE', ( #3709, #6562, #12151, #6867 ) ) ;
#8730 = DIRECTION ( 'NONE',  ( -0.000000000000000000, 1.000000000000000000, -0.000000000000000000 ) ) ;
#8731 = CARTESIAN_POINT ( 'NONE',  ( -1.214999999999999858, 0.1000000000000000056, -0.4000000000000000222 ) ) ;
#8732 = EDGE_CURVE ( 'NONE', #2808, #5048, #12150, .T. ) ;
#8733 = DIRECTION ( 'NONE',  ( 0.000000000000000000, -1.000000000000000000, 0.000000000000000000 ) ) ;
#8734 = ORIENTED_EDGE ( 'NONE', *, *, #9519, .T. ) ;
#8735 = VECTOR ( 'NONE', #4295, 1000.000000000000000 ) ;
#8736 = VERTEX_POINT ( 'NONE', #7124 ) ;
#8737 = FACE_OUTER_BOUND ( 'NONE', #8663, .T. ) ;
#8738 = ORIENTED_EDGE ( 'NONE', *, *, #10632, .F. ) ;
#8739 = ORIENTED_EDGE ( 'NONE', *, *, #6102, .F. ) ;
#8740 = ORIENTED_EDGE ( 'NONE', *, *, #3844, .T. ) ;
#8741 = DIRECTION ( 'NONE',  ( 1.000000000000000000, 0.000000000000000000, -3.491481338843133355E-15 ) ) ;
#8742 = CARTESIAN_POINT ( 'NONE',  ( 3.250000000000000000, 1.550000000000000044, -2.149999999999999911 ) ) ;
#8743 = FACE_BOUND ( 'NONE', #7040, .T. ) ;
#8744 = DIRECTION ( 'NONE',  ( 4.517509052022940401E-16, 0.000000000000000000, 1.000000000000000000 ) ) ;
#8745 = DIRECTION ( 'NONE',  ( 1.000000000000000000, 0.000000000000000000, 0.000000000000000000 ) ) ;
#8746 = DIRECTION ( 'NONE',  ( 0.000000000000000000, 0.000000000000000000, 1.000000000000000000 ) ) ;
#8747 = LINE ( 'NONE', #1085, #403 ) ;
#8748 = PLANE ( 'NONE',  #4917 ) ;
#8749 = EDGE_CURVE ( 'NONE', #10854, #6319, #7868, .T. ) ;
#8750 = CARTESIAN_POINT ( 'NONE',  ( -1.570000000000000062, 1.421954445729287864, -0.2850000000000003642 ) ) ;
#8751 = ADVANCED_FACE ( 'NONE', ( #5112 ), #2350, .T. ) ;
#8752 = ORIENTED_EDGE ( 'NONE', *, *, #2873, .F. ) ;
#8753 = FILL_AREA_STYLE ('',( #2798 ) ) ;
#8754 = EDGE_CURVE ( 'NONE', #11980, #9856, #4852, .T. ) ;
#8755 = ORIENTED_EDGE ( 'NONE', *, *, #5688, .T. ) ;
#8756 = SURFACE_STYLE_FILL_AREA ( #12248 ) ;
#8757 = AXIS2_PLACEMENT_3D ( 'NONE', #9458, #12238, #11280 ) ;
#8758 = SURFACE_SIDE_STYLE ('',( #6206 ) ) ;
#8759 = ORIENTED_EDGE ( 'NONE', *, *, #4783, .T. ) ;
#8760 = LINE ( 'NONE', #5605, #363 ) ;
#8761 = DIRECTION ( 'NONE',  ( 0.000000000000000000, 0.000000000000000000, 1.000000000000000000 ) ) ;
#8762 = ORIENTED_EDGE ( 'NONE', *, *, #10647, .T. ) ;
#8763 = ORIENTED_EDGE ( 'NONE', *, *, #6222, .F. ) ;
#8764 = EDGE_LOOP ( 'NONE', ( #1917, #9148, #5536, #10078 ) ) ;
#8765 = FACE_OUTER_BOUND ( 'NONE', #4314, .T. ) ;
#8766 = LINE ( 'NONE', #2923, #4571 ) ;
#8767 = UNCERTAINTY_MEASURE_WITH_UNIT (LENGTH_MEASURE( 1.000000000000000082E-05 ), #2534, 'distance_accuracy_value', 'NONE');
#8768 = DIRECTION ( 'NONE',  ( 0.000000000000000000, -0.000000000000000000, -1.000000000000000000 ) ) ;
#8769 = VERTEX_POINT ( 'NONE', #10784 ) ;
#8770 = CARTESIAN_POINT ( 'NONE',  ( -3.350000000000000089, 1.149999999999999911, 1.199999999999999956 ) ) ;
#8771 = FILL_AREA_STYLE ('',( #4013 ) ) ;
#8772 = COLOUR_RGB ( '',0.9960784313725490335, 0.8705882352941176627, 0.7607843137254901578 ) ;
#8773 = DIRECTION ( 'NONE',  ( -1.000000000000000000, 0.000000000000000000, -4.517509052022940401E-16 ) ) ;
#8774 = ORIENTED_EDGE ( 'NONE', *, *, #698, .F. ) ;
#8775 = EDGE_CURVE ( 'NONE', #8202, #7470, #7014, .T. ) ;
#8776 = VERTEX_POINT ( 'NONE', #4369 ) ;
#8777 = EDGE_CURVE ( 'NONE', #10291, #2364, #2655, .T. ) ;
#8778 = AXIS2_PLACEMENT_3D ( 'NONE', #11632, #2767, #3617 ) ;
#8779 = CARTESIAN_POINT ( 'NONE',  ( -1.430000000000000160, 1.399999999999999911, 0.000000000000000000 ) ) ;
#8780 = ORIENTED_EDGE ( 'NONE', *, *, #3962, .F. ) ;
#8781 = ORIENTED_EDGE ( 'NONE', *, *, #11181, .F. ) ;
#8782 = AXIS2_PLACEMENT_3D ( 'NONE', #5229, #11106, #2192 ) ;
#8783 = FACE_BOUND ( 'NONE', #2540, .T. ) ;
#8784 = ORIENTED_EDGE ( 'NONE', *, *, #5566, .T. ) ;
#8785 = DIRECTION ( 'NONE',  ( 0.1378445374916290045, 0.9808148484639889197, 0.1378445374916290045 ) ) ;
#8786 = CARTESIAN_POINT ( 'NONE',  ( 6.985000000000000320, 0.000000000000000000, -1.765299999999998981 ) ) ;
#8788 = CARTESIAN_POINT ( 'NONE',  ( 3.810000000000000941, -3.719604614807106024, 9.650000000000000355 ) ) ;
#8787 = VECTOR ( 'NONE', #7131, 1000.000000000000000 ) ;
#8789 = LINE ( 'NONE', #75, #307 ) ;
#8790 = VERTEX_POINT ( 'NONE', #6182 ) ;
#8791 = AXIS2_PLACEMENT_3D ( 'NONE', #1281, #12537, #8833 ) ;
#8792 = LINE ( 'NONE', #11747, #406 ) ;
#8793 = ORIENTED_EDGE ( 'NONE', *, *, #5860, .T. ) ;
#8794 = CARTESIAN_POINT ( 'NONE',  ( -2.350000000000000089, -3.135336068297440409E-17, -1.199999999999999956 ) ) ;
#8795 = LINE ( 'NONE', #9188, #8915 ) ;
#8796 =( GEOMETRIC_REPRESENTATION_CONTEXT ( 3 ) GLOBAL_UNCERTAINTY_ASSIGNED_CONTEXT ( ( #2456 ) ) GLOBAL_UNIT_ASSIGNED_CONTEXT ( ( #8310, #11067, #6369 ) ) REPRESENTATION_CONTEXT ( 'NONE', 'WORKASPACE' ) );
#8797 = CARTESIAN_POINT ( 'NONE',  ( 3.810000000000000941, -3.719604614807106024, 8.890000000000000568 ) ) ;
#8798 = PLANE ( 'NONE',  #729 ) ;
#8799 = ADVANCED_FACE ( 'NONE', ( #6904 ), #5390, .F. ) ;
#8800 = EDGE_LOOP ( 'NONE', ( #135, #10680, #8994, #4545 ) ) ;
#8801 = EDGE_CURVE ( 'NONE', #419, #12467, #6922, .T. ) ;
#8802 = FACE_OUTER_BOUND ( 'NONE', #2725, .T. ) ;
#8803 = CARTESIAN_POINT ( 'NONE',  ( 1.669999999999999929, 0.3099999999999999978, -1.185000000000000053 ) ) ;
#8804 = SURFACE_SIDE_STYLE ('',( #9482 ) ) ;
#8805 = CARTESIAN_POINT ( 'NONE',  ( 0.2049999999999999878, 0.000000000000000000, -0.4000000000000000222 ) ) ;
#8806 = VERTEX_POINT ( 'NONE', #11874 ) ;
#8807 = CARTESIAN_POINT ( 'NONE',  ( -3.250000000000000000, 1.550000000000000044, 2.149999999999999911 ) ) ;
#8808 = VERTEX_POINT ( 'NONE', #9113 ) ;
#8809 = AXIS2_PLACEMENT_3D ( 'NONE', #2168, #1359, #11349 ) ;
#8810 = FACE_BOUND ( 'NONE', #2399, .T. ) ;
#8811 = ORIENTED_EDGE ( 'NONE', *, *, #3692, .F. ) ;
#8812 = PRESENTATION_LAYER_ASSIGNMENT (  '', '', ( #1912 ) ) ;
#8813 = VECTOR ( 'NONE', #7300, 1000.000000000000000 ) ;
#8814 = DIRECTION ( 'NONE',  ( 0.000000000000000000, -1.000000000000000000, 0.000000000000000000 ) ) ;
#8815 = FACE_OUTER_BOUND ( 'NONE', #2803, .T. ) ;
#8816 = MANIFOLD_SOLID_BREP ( 'Boss-Extrude7[6]', #7333 ) ;
#8817 = EDGE_LOOP ( 'NONE', ( #7999, #12153, #11905, #11830 ) ) ;
#8818 = CARTESIAN_POINT ( 'NONE',  ( 1.669999999999999929, 0.03999999999999999389, -1.184999999999999831 ) ) ;
#8819 = DIRECTION ( 'NONE',  ( -4.517509052022940401E-16, 0.000000000000000000, 1.000000000000000000 ) ) ;
#8820 = AXIS2_PLACEMENT_3D ( 'NONE', #7095, #1509, #5365 ) ;
#8821 = CARTESIAN_POINT ( 'NONE',  ( 0.4398837366478682287, 0.3099999999999999978, -0.08499999999999961753 ) ) ;
#8822 = ORIENTED_EDGE ( 'NONE', *, *, #12194, .T. ) ;
#8823 = LINE ( 'NONE', #12060, #8735 ) ;
#8824 = ORIENTED_EDGE ( 'NONE', *, *, #4938, .T. ) ;
#8825 = ORIENTED_EDGE ( 'NONE', *, *, #11833, .F. ) ;
#8826 = ORIENTED_EDGE ( 'NONE', *, *, #4795, .F. ) ;
#8827 = PRODUCT_DEFINITION_SHAPE ( 'NONE', 'NONE',  #6856 ) ;
#8828 = LINE ( 'NONE', #9359, #439 ) ;
#8829 = ORIENTED_EDGE ( 'NONE', *, *, #6971, .F. ) ;
#8830 =( NAMED_UNIT ( * ) PLANE_ANGLE_UNIT ( ) SI_UNIT ( $, .RADIAN. ) );
#8831 = ADVANCED_FACE ( 'NONE', ( #3337 ), #3068, .F. ) ;
#8832 = PLANE ( 'NONE',  #11451 ) ;
#8833 = DIRECTION ( 'NONE',  ( 1.000000000000000000, 0.000000000000000000, 0.000000000000000000 ) ) ;
#8834 = ADVANCED_FACE ( 'NONE', ( #3292 ), #3160, .T. ) ;
#8835 = AXIS2_PLACEMENT_3D ( 'NONE', #12475, #9742, #11513 ) ;
#8836 = COLOUR_RGB ( '',1.000000000000000000, 0.8117647058823529438, 0.5019607843137254832 ) ;
#8837 = DIRECTION ( 'NONE',  ( -0.000000000000000000, 1.000000000000000000, 2.168404344971009115E-16 ) ) ;
#8838 = DIRECTION ( 'NONE',  ( 0.000000000000000000, 0.000000000000000000, 1.000000000000000000 ) ) ;
#8839 = CARTESIAN_POINT ( 'NONE',  ( 3.260000000000000231, 0.3100000000000000533, -2.774999999999998135 ) ) ;
#8840 = VECTOR ( 'NONE', #8773, 1000.000000000000000 ) ;
#8841 = FILL_AREA_STYLE ('',( #7789 ) ) ;
#8842 = EDGE_CURVE ( 'NONE', #7909, #9002, #7323, .T. ) ;
#8843 = DIRECTION ( 'NONE',  ( -1.000000000000000000, 0.000000000000000000, -0.000000000000000000 ) ) ;
#8844 = ORIENTED_EDGE ( 'NONE', *, *, #8754, .F. ) ;
#8845 = ORIENTED_EDGE ( 'NONE', *, *, #3364, .T. ) ;
#8846 = VECTOR ( 'NONE', #3516, 1000.000000000000000 ) ;
#8847 = CARTESIAN_POINT ( 'NONE',  ( -5.714999999999998970, 0.000000000000000000, -0.5406000000000004135 ) ) ;
#8848 = ORIENTED_EDGE ( 'NONE', *, *, #2280, .F. ) ;
#8849 = FACE_OUTER_BOUND ( 'NONE', #3207, .T. ) ;
#8850 = CARTESIAN_POINT ( 'NONE',  ( 3.250000000000000000, 1.149999999999999911, 1.199999999999999956 ) ) ;
#8851 = ORIENTED_EDGE ( 'NONE', *, *, #240, .T. ) ;
#8852 = EDGE_LOOP ( 'NONE', ( #2103, #2225, #2406, #1623 ) ) ;
#8853 = LINE ( 'NONE', #9442, #465 ) ;
#8855 = AXIS2_PLACEMENT_3D ( 'NONE', #2854, #5784, #4920 ) ;
#8854 = DIRECTION ( 'NONE',  ( 0.000000000000000000, 1.000000000000000000, -0.000000000000000000 ) ) ;
#8856 = ORIENTED_EDGE ( 'NONE', *, *, #10320, .F. ) ;
#8857 = VECTOR ( 'NONE', #9464, 1000.000000000000000 ) ;
#8858 = ADVANCED_FACE ( 'NONE', ( #7504 ), #4011, .F. ) ;
#8859 = ORIENTED_EDGE ( 'NONE', *, *, #10626, .T. ) ;
#8860 = DIRECTION ( 'NONE',  ( 1.000000000000000000, 0.000000000000000000, 0.000000000000000000 ) ) ;
#8861 = FILL_AREA_STYLE_COLOUR ( '', #11587 ) ;
#8862 = SURFACE_SIDE_STYLE ('',( #6318 ) ) ;
#8863 = LINE ( 'NONE', #2594, #9040 ) ;
#8864 = DIRECTION ( 'NONE',  ( 0.000000000000000000, 0.000000000000000000, 1.000000000000000000 ) ) ;
#8865 = CARTESIAN_POINT ( 'NONE',  ( 3.010000000000002451, 0.3499999999999999778, -2.344883736647865646 ) ) ;
#8866 = CARTESIAN_POINT ( 'NONE',  ( -6.349999999999999645, -1.570000000000000062, 9.650000000000000355 ) ) ;
#8867 = AXIS2_PLACEMENT_3D ( 'NONE', #7939, #9926, #10077 ) ;
#8868 = DIRECTION ( 'NONE',  ( 0.000000000000000000, -1.000000000000000000, 0.000000000000000000 ) ) ;
#8869 = ORIENTED_EDGE ( 'NONE', *, *, #8088, .F. ) ;
#8870 = PRESENTATION_STYLE_ASSIGNMENT (( #494 ) ) ;
#8871 = VERTEX_POINT ( 'NONE', #4280 ) ;
#8872 = FACE_OUTER_BOUND ( 'NONE', #8117, .T. ) ;
#8873 = AXIS2_PLACEMENT_3D ( 'NONE', #2552, #2467, #3559 ) ;
#8874 = DIRECTION ( 'NONE',  ( -0.000000000000000000, 1.000000000000000000, -0.000000000000000000 ) ) ;
#8875 = VERTEX_POINT ( 'NONE', #5223 ) ;
#8876 = EDGE_LOOP ( 'NONE', ( #2770, #1952, #4340, #7502 ) ) ;
#8877 = LINE ( 'NONE', #2245, #490 ) ;
#8878 = VERTEX_POINT ( 'NONE', #10943 ) ;
#8879 = AXIS2_PLACEMENT_3D ( 'NONE', #6754, #8908, #957 ) ;
#8881 = PLANE ( 'NONE',  #10058 ) ;
#8880 = VECTOR ( 'NONE', #9418, 1000.000000000000000 ) ;
#8882 = CIRCLE ( 'NONE', #2625, 0.5100000000000000089 ) ;
#8883 = AXIS2_PLACEMENT_3D ( 'NONE', #6987, #9229, #3548 ) ;
#8884 = VERTEX_POINT ( 'NONE', #5053 ) ;
#8885 = LINE ( 'NONE', #7827, #4869 ) ;
#8886 = ORIENTED_EDGE ( 'NONE', *, *, #6367, .T. ) ;
#8887 = SURFACE_STYLE_FILL_AREA ( #9366 ) ;
#8888 =( NAMED_UNIT ( * ) PLANE_ANGLE_UNIT ( ) SI_UNIT ( $, .RADIAN. ) );
#8889 = DIRECTION ( 'NONE',  ( -1.000000000000000000, 0.000000000000000000, 0.000000000000000000 ) ) ;
#8890 = CARTESIAN_POINT ( 'NONE',  ( -1.269999999999999352, -3.719604614807106024, 8.890000000000000568 ) ) ;
#8891 = ORIENTED_EDGE ( 'NONE', *, *, #9013, .T. ) ;
#8892 = EDGE_CURVE ( 'NONE', #9367, #6583, #3109, .T. ) ;
#8893 = PLANE ( 'NONE',  #753 ) ;
#8894 = DIRECTION ( 'NONE',  ( -3.491481338843133355E-15, 0.000000000000000000, -1.000000000000000000 ) ) ;
#8895 = DIRECTION ( 'NONE',  ( 0.000000000000000000, 0.000000000000000000, 1.000000000000000000 ) ) ;
#8896 = ORIENTED_EDGE ( 'NONE', *, *, #5285, .T. ) ;
#8897 = PLANE ( 'NONE',  #2604 ) ;
#8898 = ORIENTED_EDGE ( 'NONE', *, *, #10049, .T. ) ;
#8899 = SURFACE_SIDE_STYLE ('',( #12300 ) ) ;
#8900 = LINE ( 'NONE', #10617, #4630 ) ;
#8901 = VERTEX_POINT ( 'NONE', #8071 ) ;
#8902 = CARTESIAN_POINT ( 'NONE',  ( 0.2049999999999999878, 0.1000000000000000056, -1.000000000000000000 ) ) ;
#8903 = EDGE_CURVE ( 'NONE', #1066, #12490, #11624, .T. ) ;
#8904 = FACE_OUTER_BOUND ( 'NONE', #4003, .T. ) ;
#8905 = DIRECTION ( 'NONE',  ( 0.000000000000000000, 0.000000000000000000, -1.000000000000000000 ) ) ;
#8906 = EDGE_CURVE ( 'NONE', #10585, #5982, #3517, .T. ) ;
#8907 = ORIENTED_EDGE ( 'NONE', *, *, #9941, .F. ) ;
#8908 = DIRECTION ( 'NONE',  ( -0.000000000000000000, -1.000000000000000000, -0.000000000000000000 ) ) ;
#8909 = VECTOR ( 'NONE', #1251, 1000.000000000000000 ) ;
#8910 = CARTESIAN_POINT ( 'NONE',  ( 3.260000000000001563, 0.3499999999999997002, -2.344883736647866534 ) ) ;
#8911 = VECTOR ( 'NONE', #1639, 1000.000000000000000 ) ;
#8912 = VERTEX_POINT ( 'NONE', #10120 ) ;
#8913 = MECHANICAL_DESIGN_GEOMETRIC_PRESENTATION_REPRESENTATION (  '', ( #4661 ), #12352 ) ;
#8914 = AXIS2_PLACEMENT_3D ( 'NONE', #566, #4709, #8511 ) ;
#8915 = VECTOR ( 'NONE', #1300, 1000.000000000000000 ) ;
#8916 = ADVANCED_FACE ( 'NONE', ( #11609 ), #11189, .F. ) ;
#8917 = EDGE_LOOP ( 'NONE', ( #4965, #2719, #85, #9590 ) ) ;
#8918 = VECTOR ( 'NONE', #7021, 1000.000000000000000 ) ;
#8919 = VERTEX_POINT ( 'NONE', #7047 ) ;
#8920 = ORIENTED_EDGE ( 'NONE', *, *, #12169, .F. ) ;
#8921 = EDGE_CURVE ( 'NONE', #4430, #12587, #11724, .T. ) ;
#8922 = MANIFOLD_SOLID_BREP ( 'Sketch-Pattern1[3]', #4985 ) ;
#8923 = FACE_OUTER_BOUND ( 'NONE', #4354, .T. ) ;
#8924 = EDGE_LOOP ( 'NONE', ( #3835, #5776, #1567, #5459 ) ) ;
#8925 = CARTESIAN_POINT ( 'NONE',  ( 6.985000000000000320, -0.1000000000000000056, -1.765299999999998981 ) ) ;
#8926 = EDGE_CURVE ( 'NONE', #3261, #722, #7393, .T. ) ;
#8927 = DIRECTION ( 'NONE',  ( 1.000000000000000000, 0.000000000000000000, -1.100712865467515846E-16 ) ) ;
#8928 = DIRECTION ( 'NONE',  ( 1.000000000000000000, 0.000000000000000000, 0.000000000000000000 ) ) ;
#8929 = FACE_OUTER_BOUND ( 'NONE', #9935, .T. ) ;
#8930 = CARTESIAN_POINT ( 'NONE',  ( -1.214999999999999858, 0.000000000000000000, -1.000000000000000000 ) ) ;
#8931 = DIRECTION ( 'NONE',  ( -1.000000000000000000, 0.000000000000000000, 0.000000000000000000 ) ) ;
#8932 = CARTESIAN_POINT ( 'NONE',  ( 2.350000000000000089, -3.135336068297440409E-17, -1.199999999999999956 ) ) ;
#8933 = AXIS2_PLACEMENT_3D ( 'NONE', #3734, #12539, #882 ) ;
#8934 = VECTOR ( 'NONE', #2769, 1000.000000000000000 ) ;
#8935 = DIRECTION ( 'NONE',  ( 0.000000000000000000, 0.000000000000000000, 1.000000000000000000 ) ) ;
#8936 = ORIENTED_EDGE ( 'NONE', *, *, #2308, .F. ) ;
#8937 = VECTOR ( 'NONE', #10630, 1000.000000000000000 ) ;
#8938 = FACE_OUTER_BOUND ( 'NONE', #2428, .T. ) ;
#8939 = ORIENTED_EDGE ( 'NONE', *, *, #3834, .T. ) ;
#8940 = LINE ( 'NONE', #8362, #4513 ) ;
#8941 = DIRECTION ( 'NONE',  ( -0.000000000000000000, 1.000000000000000000, -0.000000000000000000 ) ) ;
#8942 = VERTEX_POINT ( 'NONE', #6255 ) ;
#8943 = CARTESIAN_POINT ( 'NONE',  ( 1.669999999999999929, 0.3499999999999997002, -1.185000000000000053 ) ) ;
#8944 = VERTEX_POINT ( 'NONE', #5479 ) ;
#8945 = ORIENTED_EDGE ( 'NONE', *, *, #12592, .F. ) ;
#8946 = CARTESIAN_POINT ( 'NONE',  ( -3.809999999999999609, -1.570000000000000284, 8.890000000000000568 ) ) ;
#8947 = FACE_OUTER_BOUND ( 'NONE', #1106, .T. ) ;
#8948 = EDGE_LOOP ( 'NONE', ( #5496, #5047, #8163, #6246 ) ) ;
#8949 = ADVANCED_FACE ( 'NONE', ( #7408 ), #3165, .T. ) ;
#8950 = ADVANCED_FACE ( 'NONE', ( #11814 ), #507, .F. ) ;
#8951 = VECTOR ( 'NONE', #7671, 1000.000000000000000 ) ;
#8952 = DIRECTION ( 'NONE',  ( 0.000000000000000000, -0.000000000000000000, -1.000000000000000000 ) ) ;
#8953 = EDGE_LOOP ( 'NONE', ( #8740, #2367, #6552, #237 ) ) ;
#8954 = MECHANICAL_DESIGN_GEOMETRIC_PRESENTATION_REPRESENTATION (  '', ( #6559 ), #3244 ) ;
#8955 = DIRECTION ( 'NONE',  ( 0.000000000000000000, 1.000000000000000000, 0.000000000000000000 ) ) ;
#8956 = PLANE ( 'NONE',  #8271 ) ;
#8957 = CARTESIAN_POINT ( 'NONE',  ( 3.250000000000000000, 1.550000000000000044, 1.199999999999999956 ) ) ;
#8958 = DIRECTION ( 'NONE',  ( 0.000000000000000000, -1.016439536705159026E-15, -1.000000000000000000 ) ) ;
#8959 = LINE ( 'NONE', #9537, #559 ) ;
#8960 = CARTESIAN_POINT ( 'NONE',  ( 1.270000000000000240, -1.570000000000000062, 9.650000000000000355 ) ) ;
#8961 = CARTESIAN_POINT ( 'NONE',  ( 6.350000000000001421, 0.000000000000000000, 8.890000000000000568 ) ) ;
#8962 = ORIENTED_EDGE ( 'NONE', *, *, #8578, .T. ) ;
#8963 = EDGE_CURVE ( 'NONE', #3187, #11419, #3423, .T. ) ;
#8964 = VERTEX_POINT ( 'NONE', #5476 ) ;
#8965 = CARTESIAN_POINT ( 'NONE',  ( 2.979883736647867654, 0.3500000000000000333, -0.08499999999999986733 ) ) ;
#8966 = CARTESIAN_POINT ( 'NONE',  ( 0.8050000000000000488, 0.000000000000000000, 0.4000000000000000222 ) ) ;
#8967 = EDGE_LOOP ( 'NONE', ( #8869, #9052, #2762, #830 ) ) ;
#8968 = EDGE_LOOP ( 'NONE', ( #12525, #9430, #389, #9307 ) ) ;
#8969 = ORIENTED_EDGE ( 'NONE', *, *, #4070, .F. ) ;
#8970 = DIRECTION ( 'NONE',  ( 0.000000000000000000, 1.000000000000000000, 0.000000000000000000 ) ) ;
#8972 = CARTESIAN_POINT ( 'NONE',  ( -1.949289321881343184, 1.550000000000001155, -1.159289321881343371 ) ) ;
#8971 = VECTOR ( 'NONE', #11022, 1000.000000000000000 ) ;
#8973 = AXIS2_PLACEMENT_3D ( 'NONE', #7507, #2459, #9230 ) ;
#8974 = LINE ( 'NONE', #5778, #644 ) ;
#8975 = VECTOR ( 'NONE', #6966, 1000.000000000000000 ) ;
#8976 = ADVANCED_FACE ( 'NONE', ( #3447 ), #11278, .F. ) ;
#8977 = EDGE_CURVE ( 'NONE', #10625, #11780, #7256, .T. ) ;
#8978 = ORIENTED_EDGE ( 'NONE', *, *, #608, .T. ) ;
#8979 = AXIS2_PLACEMENT_3D ( 'NONE', #3251, #4283, #11016 ) ;
#8980 = CYLINDRICAL_SURFACE ( 'NONE', #4871, 0.05000000000000002359 ) ;
#8981 = ORIENTED_EDGE ( 'NONE', *, *, #12518, .T. ) ;
#8982 = CARTESIAN_POINT ( 'NONE',  ( -6.349999999999999645, 0.000000000000000000, 8.130000000000000782 ) ) ;
#8983 = VECTOR ( 'NONE', #6467, 1000.000000000000000 ) ;
#8984 = CARTESIAN_POINT ( 'NONE',  ( 1.669999999999999929, 0.3500000000000000333, -0.08499999999999965916 ) ) ;
#8985 = ORIENTED_EDGE ( 'NONE', *, *, #5492, .F. ) ;
#8986 = PRESENTATION_STYLE_ASSIGNMENT (( #735 ) ) ;
#8987 = EDGE_CURVE ( 'NONE', #998, #722, #3245, .T. ) ;
#8988 = CARTESIAN_POINT ( 'NONE',  ( 1.864999999999999991, 0.2000000000000000111, 1.050000000000000044 ) ) ;
#8989 = CARTESIAN_POINT ( 'NONE',  ( 0.8699999999999997735, 0.3499999999999997002, -1.185000000000000053 ) ) ;
#8990 = DIRECTION ( 'NONE',  ( 0.000000000000000000, 1.000000000000000000, 0.000000000000000000 ) ) ;
#8991 = ORIENTED_EDGE ( 'NONE', *, *, #10165, .F. ) ;
#8992 = DIRECTION ( 'NONE',  ( 0.000000000000000000, 0.000000000000000000, 1.000000000000000000 ) ) ;
#8993 = ORIENTED_EDGE ( 'NONE', *, *, #11301, .F. ) ;
#8994 = ORIENTED_EDGE ( 'NONE', *, *, #11564, .T. ) ;
#8995 = DIRECTION ( 'NONE',  ( 0.000000000000000000, 0.000000000000000000, -1.000000000000000000 ) ) ;
#8996 = DIRECTION ( 'NONE',  ( 1.000000000000000000, 0.000000000000000000, 0.000000000000000000 ) ) ;
#8997 = LINE ( 'NONE', #4915, #9136 ) ;
#8998 = ORIENTED_EDGE ( 'NONE', *, *, #3991, .T. ) ;
#8999 = PLANE ( 'NONE',  #7907 ) ;
#9000 = PLANE ( 'NONE',  #9498 ) ;
#9001 = DIRECTION ( 'NONE',  ( -3.491481338843133355E-15, 0.000000000000000000, -1.000000000000000000 ) ) ;
#9002 = VERTEX_POINT ( 'NONE', #2682 ) ;
#9003 = ORIENTED_EDGE ( 'NONE', *, *, #1942, .F. ) ;
#9004 = ORIENTED_EDGE ( 'NONE', *, *, #10611, .T. ) ;
#9005 = LINE ( 'NONE', #4949, #696 ) ;
#9006 = VERTEX_POINT ( 'NONE', #936 ) ;
#9007 = DIRECTION ( 'NONE',  ( 0.000000000000000000, 1.000000000000000000, -3.226792180016381951E-17 ) ) ;
#9008 =( NAMED_UNIT ( * ) SI_UNIT ( $, .STERADIAN. ) SOLID_ANGLE_UNIT ( ) );
#9009 = LINE ( 'NONE', #7609, #4594 ) ;
#9010 = CARTESIAN_POINT ( 'NONE',  ( 6.350000000000001421, -1.570000000000000062, 9.650000000000000355 ) ) ;
#9011 = CARTESIAN_POINT ( 'NONE',  ( 6.985000000000000320, -0.1000000000000000056, -0.9524999999999996803 ) ) ;
#9012 = PLANE ( 'NONE',  #7477 ) ;
#9013 = EDGE_CURVE ( 'NONE', #528, #2942, #7620, .T. ) ;
#9014 = CARTESIAN_POINT ( 'NONE',  ( -1.214999999999999858, 0.1000000000000000056, -1.000000000000000000 ) ) ;
#9015 = CARTESIAN_POINT ( 'NONE',  ( -3.809999999999999609, -1.570000000000000284, 8.890000000000000568 ) ) ;
#9016 = VECTOR ( 'NONE', #9973, 1000.000000000000000 ) ;
#9017 = CARTESIAN_POINT ( 'NONE',  ( -1.214999999999999858, 0.000000000000000000, 0.4000000000000000222 ) ) ;
#9018 = PLANE ( 'NONE',  #8378 ) ;
#9019 = ORIENTED_EDGE ( 'NONE', *, *, #3842, .F. ) ;
#9020 = FACE_OUTER_BOUND ( 'NONE', #3008, .T. ) ;
#9021 = AXIS2_PLACEMENT_3D ( 'NONE', #11940, #11083, #9274 ) ;
#9022 = FACE_OUTER_BOUND ( 'NONE', #5200, .T. ) ;
#9023 = ADVANCED_FACE ( 'NONE', ( #11651 ), #3700, .T. ) ;
#9024 = ORIENTED_EDGE ( 'NONE', *, *, #2061, .T. ) ;
#9025 = ADVANCED_FACE ( 'NONE', ( #3087 ), #9456, .T. ) ;
#9026 = PLANE ( 'NONE',  #6137 ) ;
#9027 = ORIENTED_EDGE ( 'NONE', *, *, #3962, .T. ) ;
#9028 = EDGE_LOOP ( 'NONE', ( #8460, #10809 ) ) ;
#9029 = FACE_OUTER_BOUND ( 'NONE', #8672, .T. ) ;
#9030 = VERTEX_POINT ( 'NONE', #10347 ) ;
#9031 = AXIS2_PLACEMENT_3D ( 'NONE', #1788, #7699, #8935 ) ;
#9032 = CIRCLE ( 'NONE', #32, 0.7600000000000002309 ) ;
#9033 = FACE_OUTER_BOUND ( 'NONE', #5070, .T. ) ;
#9034 = AXIS2_PLACEMENT_3D ( 'NONE', #12064, #6343, #8459 ) ;
#9035 = CARTESIAN_POINT ( 'NONE',  ( 1.214999999999999858, 0.000000000000000000, 0.4000000000000000222 ) ) ;
#9036 = ORIENTED_EDGE ( 'NONE', *, *, #1312, .T. ) ;
#9037 = DIRECTION ( 'NONE',  ( 0.000000000000000000, 1.000000000000000000, 0.000000000000000000 ) ) ;
#9038 = DIRECTION ( 'NONE',  ( 0.000000000000000000, 1.000000000000000000, 0.000000000000000000 ) ) ;
#9039 = DIRECTION ( 'NONE',  ( -1.000000000000000000, 0.000000000000000000, 0.000000000000000000 ) ) ;
#9040 = VECTOR ( 'NONE', #9826, 1000.000000000000000 ) ;
#9041 = PLANE ( 'NONE',  #3066 ) ;
#9042 = DIRECTION ( 'NONE',  ( 1.000000000000000000, 0.000000000000000000, 1.707404996040164018E-16 ) ) ;
#9043 = DIRECTION ( 'NONE',  ( 1.000000000000000000, 0.000000000000000000, 0.000000000000000000 ) ) ;
#9045 = VECTOR ( 'NONE', #2952, 1000.000000000000000 ) ;
#9044 = CARTESIAN_POINT ( 'NONE',  ( 3.050000000000000711, 0.3099999999999999978, -2.774999999999997247 ) ) ;
#9046 = MECHANICAL_DESIGN_GEOMETRIC_PRESENTATION_REPRESENTATION (  '', ( #10054 ), #5554 ) ;
#9047 = LINE ( 'NONE', #9527, #4781 ) ;
#9048 = ORIENTED_EDGE ( 'NONE', *, *, #6769, .F. ) ;
#9049 = CARTESIAN_POINT ( 'NONE',  ( -4.410000000000001030, 0.000000000000000000, -2.875000000000000000 ) ) ;
#9050 = CARTESIAN_POINT ( 'NONE',  ( 2.979883736647867654, 0.3099999999999999978, 0.1250000000000001110 ) ) ;
#9051 = ORIENTED_EDGE ( 'NONE', *, *, #4128, .T. ) ;
#9052 = ORIENTED_EDGE ( 'NONE', *, *, #10091, .F. ) ;
#9053 = ORIENTED_EDGE ( 'NONE', *, *, #10820, .T. ) ;
#9054 = ADVANCED_FACE ( 'NONE', ( #7570, #7438 ), #12236, .T. ) ;
#9055 = DIRECTION ( 'NONE',  ( 0.000000000000000000, 0.000000000000000000, -1.000000000000000000 ) ) ;
#9056 = EDGE_CURVE ( 'NONE', #12404, #8556, #11584, .T. ) ;
#9057 = ADVANCED_FACE ( 'NONE', ( #11702 ), #3869, .T. ) ;
#9059 = DIRECTION ( 'NONE',  ( 1.000000000000000000, 0.000000000000000000, 0.000000000000000000 ) ) ;
#9058 = VECTOR ( 'NONE', #7521, 1000.000000000000000 ) ;
#9060 = VECTOR ( 'NONE', #11546, 1000.000000000000000 ) ;
#9061 = EDGE_CURVE ( 'NONE', #419, #3623, #11896, .T. ) ;
#9062 = ORIENTED_EDGE ( 'NONE', *, *, #839, .T. ) ;
#9063 = EDGE_CURVE ( 'NONE', #11502, #8666, #7279, .T. ) ;
#9064 = LINE ( 'NONE', #5909, #4643 ) ;
#9065 = EDGE_CURVE ( 'NONE', #6249, #6501, #11496, .T. ) ;
#9066 = EDGE_CURVE ( 'NONE', #1298, #4356, #3383, .T. ) ;
#9067 = DIRECTION ( 'NONE',  ( 1.000000000000000000, 0.000000000000000000, 0.000000000000000000 ) ) ;
#9068 = EDGE_CURVE ( 'NONE', #11160, #12613, #3224, .T. ) ;
#9069 = DIRECTION ( 'NONE',  ( -3.491481338843133355E-15, 0.000000000000000000, -1.000000000000000000 ) ) ;
#9070 = VERTEX_POINT ( 'NONE', #588 ) ;
#9071 = PLANE ( 'NONE',  #642 ) ;
#9072 = EDGE_CURVE ( 'NONE', #725, #6501, #3313, .T. ) ;
#9073 = DIRECTION ( 'NONE',  ( -0.000000000000000000, 0.000000000000000000, 1.000000000000000000 ) ) ;
#9074 = ORIENTED_EDGE ( 'NONE', *, *, #9638, .F. ) ;
#9075 = DIRECTION ( 'NONE',  ( -1.000000000000000000, 0.000000000000000000, 0.000000000000000000 ) ) ;
#9076 = ORIENTED_EDGE ( 'NONE', *, *, #4959, .F. ) ;
#9077 = CARTESIAN_POINT ( 'NONE',  ( -2.232161706211294838, 2.899999999999999911, -1.932161706211289909 ) ) ;
#9078 = ORIENTED_EDGE ( 'NONE', *, *, #5664, .F. ) ;
#9079 = DIRECTION ( 'NONE',  ( 0.000000000000000000, 1.000000000000000000, 0.000000000000000000 ) ) ;
#9080 = FACE_OUTER_BOUND ( 'NONE', #3420, .T. ) ;
#9081 = DIRECTION ( 'NONE',  ( 0.000000000000000000, 0.000000000000000000, -1.000000000000000000 ) ) ;
#9082 = VECTOR ( 'NONE', #11374, 1000.000000000000000 ) ;
#9083 = ORIENTED_EDGE ( 'NONE', *, *, #1398, .F. ) ;
#9084 = CARTESIAN_POINT ( 'NONE',  ( -1.757761381954934921, 1.499960315657124177, -0.1759269724841900084 ) ) ;
#9085 = SURFACE_STYLE_FILL_AREA ( #2048 ) ;
#9086 = DIRECTION ( 'NONE',  ( -0.1378445374916290045, 0.9808148484639889197, 0.1378445374916290045 ) ) ;
#9087 = ORIENTED_EDGE ( 'NONE', *, *, #10352, .F. ) ;
#9088 = EDGE_CURVE ( 'NONE', #1144, #5117, #8278, .T. ) ;
#9089 = AXIS2_PLACEMENT_3D ( 'NONE', #9646, #9572, #5874 ) ;
#9090 = ORIENTED_EDGE ( 'NONE', *, *, #2415, .F. ) ;
#9091 = ORIENTED_EDGE ( 'NONE', *, *, #9680, .F. ) ;
#9092 = EDGE_LOOP ( 'NONE', ( #11035, #2758, #2208, #8276 ) ) ;
#9093 = SURFACE_STYLE_USAGE ( .BOTH. , #2403 ) ;
#9094 = CARTESIAN_POINT ( 'NONE',  ( 1.814999999999999947, 0.1000000000000000056, 1.000000000000000000 ) ) ;
#9095 = FACE_OUTER_BOUND ( 'NONE', #5278, .T. ) ;
#9096 = CARTESIAN_POINT ( 'NONE',  ( 4.360000000000001208, 0.3500000000000000333, -2.775000000000001688 ) ) ;
#9097 = DIRECTION ( 'NONE',  ( 0.000000000000000000, -1.000000000000000000, 0.000000000000000000 ) ) ;
#9098 = DIRECTION ( 'NONE',  ( 0.000000000000000000, 1.000000000000000000, 0.000000000000000000 ) ) ;
#9099 = DIRECTION ( 'NONE',  ( 1.000000000000000000, 0.000000000000000000, -4.517509052022940401E-16 ) ) ;
#9100 = ORIENTED_EDGE ( 'NONE', *, *, #6352, .F. ) ;
#9101 = LINE ( 'NONE', #4964, #648 ) ;
#9102 = VECTOR ( 'NONE', #5149, 1000.000000000000000 ) ;
#9103 = ORIENTED_EDGE ( 'NONE', *, *, #2999, .T. ) ;
#9104 = CARTESIAN_POINT ( 'NONE',  ( 5.714999999999999858, 0.000000000000000000, 0.4952999999999994074 ) ) ;
#9105 = ORIENTED_EDGE ( 'NONE', *, *, #244, .F. ) ;
#9106 = ORIENTED_EDGE ( 'NONE', *, *, #3583, .F. ) ;
#9107 = AXIS2_PLACEMENT_3D ( 'NONE', #12028, #11167, #4259 ) ;
#9108 = EDGE_LOOP ( 'NONE', ( #5761, #7974, #10224, #11471 ) ) ;
#9109 = AXIS2_PLACEMENT_3D ( 'NONE', #4525, #5537, #7362 ) ;
#9110 = LINE ( 'NONE', #10519, #4864 ) ;
#9111 = DIRECTION ( 'NONE',  ( 0.000000000000000000, 0.000000000000000000, -1.000000000000000000 ) ) ;
#9112 = VERTEX_POINT ( 'NONE', #7559 ) ;
#9113 = CARTESIAN_POINT ( 'NONE',  ( -1.814999999999999947, 0.1000000000000000056, -1.000000000000000000 ) ) ;
#9114 = CARTESIAN_POINT ( 'NONE',  ( 3.250000000000000000, 1.550000000000000044, 2.149999999999999911 ) ) ;
#9115 = CARTESIAN_POINT ( 'NONE',  ( 3.409999999999998810, 0.3499999999999999778, -1.434999999999999831 ) ) ;
#9116 = DIRECTION ( 'NONE',  ( 0.000000000000000000, 1.000000000000000000, 0.000000000000000000 ) ) ;
#9117 = DIRECTION ( 'NONE',  ( 1.000000000000000000, 0.000000000000000000, 0.000000000000000000 ) ) ;
#9118 = CARTESIAN_POINT ( 'NONE',  ( -1.920000000000000151, 1.500000000000000000, 0.000000000000000000 ) ) ;
#9119 = DIRECTION ( 'NONE',  ( 0.000000000000000000, -1.000000000000000000, 0.000000000000000000 ) ) ;
#9120 = PLANE ( 'NONE',  #1060 ) ;
#9121 =( GEOMETRIC_REPRESENTATION_CONTEXT ( 3 ) GLOBAL_UNCERTAINTY_ASSIGNED_CONTEXT ( ( #9425 ) ) GLOBAL_UNIT_ASSIGNED_CONTEXT ( ( #11163, #12021, #8319 ) ) REPRESENTATION_CONTEXT ( 'NONE', 'WORKASPACE' ) );
#9122 = ADVANCED_FACE ( 'NONE', ( #3931 ), #12503, .F. ) ;
#9123 = ORIENTED_EDGE ( 'NONE', *, *, #4202, .F. ) ;
#9124 = CARTESIAN_POINT ( 'NONE',  ( -3.250000000000000000, 1.149999999999999911, -1.199999999999999956 ) ) ;
#9125 = LINE ( 'NONE', #1592, #916 ) ;
#9126 = ADVANCED_FACE ( 'NONE', ( #11964 ), #12598, .F. ) ;
#9127 =( NAMED_UNIT ( * ) SI_UNIT ( $, .STERADIAN. ) SOLID_ANGLE_UNIT ( ) );
#9128 = ORIENTED_EDGE ( 'NONE', *, *, #4795, .T. ) ;
#9129 = EDGE_LOOP ( 'NONE', ( #7203, #9167, #11616, #11912 ) ) ;
#9130 = FACE_BOUND ( 'NONE', #10716, .T. ) ;
#9131 = ORIENTED_EDGE ( 'NONE', *, *, #5426, .T. ) ;
#9132 = EDGE_CURVE ( 'NONE', #8875, #11269, #8205, .T. ) ;
#9133 = CARTESIAN_POINT ( 'NONE',  ( 3.409999999999998810, 0.3099999999999999978, 0.1250000000000001110 ) ) ;
#9134 = AXIS2_PLACEMENT_3D ( 'NONE', #8988, #1190, #8017 ) ;
#9135 = VECTOR ( 'NONE', #12055, 1000.000000000000000 ) ;
#9136 = VECTOR ( 'NONE', #1415, 1000.000000000000000 ) ;
#9137 =( BOUNDED_CURVE ( )  B_SPLINE_CURVE ( 3, ( #8138, #7103, #2953, #5113 ),
 .UNSPECIFIED., .F., .F. ) 
 B_SPLINE_CURVE_WITH_KNOTS ( ( 4, 4 ),
 ( 0.000000000000000000, 1.570796326794895004 ),
 .UNSPECIFIED. ) 
 CURVE ( )  GEOMETRIC_REPRESENTATION_ITEM ( )  RATIONAL_B_SPLINE_CURVE ( ( 1.000000000000000000, 0.8047378541243649375, 0.8047378541243649375, 1.000000000000000000 ) ) 
 REPRESENTATION_ITEM ( '' )  );
#9138 = EDGE_CURVE ( 'NONE', #6565, #18, #7711, .T. ) ;
#9139 = VERTEX_POINT ( 'NONE', #3499 ) ;
#9140 = LINE ( 'NONE', #2066, #1063 ) ;
#9141 = LINE ( 'NONE', #1546, #4893 ) ;
#9142 = DIRECTION ( 'NONE',  ( 0.9902680687415703620, -0.1391731009600654378, 0.000000000000000000 ) ) ;
#9143 = DIRECTION ( 'NONE',  ( 0.000000000000000000, -2.168404344971008868E-16, 1.000000000000000000 ) ) ;
#9144 =( BOUNDED_CURVE ( )  B_SPLINE_CURVE ( 3, ( #1941, #6610, #2957, #17 ),
 .UNSPECIFIED., .F., .F. ) 
 B_SPLINE_CURVE_WITH_KNOTS ( ( 4, 4 ),
 ( 3.141592653589795336, 4.712388980384689674 ),
 .UNSPECIFIED. ) 
 CURVE ( )  GEOMETRIC_REPRESENTATION_ITEM ( )  RATIONAL_B_SPLINE_CURVE ( ( 1.000000000000000000, 0.8047378541243649375, 0.8047378541243649375, 1.000000000000000000 ) ) 
 REPRESENTATION_ITEM ( '' )  );
#9145 = ORIENTED_EDGE ( 'NONE', *, *, #888, .T. ) ;
#9146 = DIRECTION ( 'NONE',  ( 1.000000000000000000, -0.000000000000000000, -0.000000000000000000 ) ) ;
#9147 = DIRECTION ( 'NONE',  ( 0.000000000000000000, 0.000000000000000000, 1.000000000000000000 ) ) ;
#9148 = ORIENTED_EDGE ( 'NONE', *, *, #2061, .F. ) ;
#9149 = DIRECTION ( 'NONE',  ( 0.000000000000000000, 0.000000000000000000, 1.000000000000000000 ) ) ;
#9150 = EDGE_LOOP ( 'NONE', ( #12044, #10906 ) ) ;
#9151 = FILL_AREA_STYLE_COLOUR ( '', #10074 ) ;
#9152 = VERTEX_POINT ( 'NONE', #1518 ) ;
#9153 = CARTESIAN_POINT ( 'NONE',  ( 1.669999999999999929, 0.3099999999999999978, -0.08499999999999961753 ) ) ;
#9154 = ADVANCED_FACE ( 'NONE', ( #12560 ), #1662, .F. ) ;
#9155 = DIRECTION ( 'NONE',  ( 1.000000000000000000, 0.000000000000000000, 0.000000000000000000 ) ) ;
#9156 = LINE ( 'NONE', #5400, #8813 ) ;
#9157 = DIRECTION ( 'NONE',  ( 0.000000000000000000, 1.000000000000000000, 0.000000000000000000 ) ) ;
#9158 = VECTOR ( 'NONE', #10980, 1000.000000000000000 ) ;
#9159 = LINE ( 'NONE', #510, #645 ) ;
#9160 = ORIENTED_EDGE ( 'NONE', *, *, #4797, .T. ) ;
#9161 = CARTESIAN_POINT ( 'NONE',  ( -1.757097798201095129, 1.499986769817502008, -0.1757601389744804787 ) ) ;
#9162 = VECTOR ( 'NONE', #5045, 1000.000000000000000 ) ;
#9163 = CARTESIAN_POINT ( 'NONE',  ( 0.2049999999999999878, 0.1000000000000000056, -0.4000000000000000222 ) ) ;
#9164 = CARTESIAN_POINT ( 'NONE',  ( 2.979883736647867654, 0.03999999999999999389, -1.185000000000000053 ) ) ;
#9165 = ORIENTED_EDGE ( 'NONE', *, *, #9813, .F. ) ;
#9166 = EDGE_CURVE ( 'NONE', #7022, #6583, #3717, .T. ) ;
#9167 = ORIENTED_EDGE ( 'NONE', *, *, #5037, .T. ) ;
#9168 = ORIENTED_EDGE ( 'NONE', *, *, #4258, .T. ) ;
#9169 = EDGE_LOOP ( 'NONE', ( #919, #5158, #1764, #759 ) ) ;
#9170 = VECTOR ( 'NONE', #3024, 1000.000000000000000 ) ;
#9171 = ORIENTED_EDGE ( 'NONE', *, *, #1153, .T. ) ;
#9172 = CARTESIAN_POINT ( 'NONE',  ( -3.809999999999999609, -1.570000000000000284, 8.890000000000000568 ) ) ;
#9173 = FACE_BOUND ( 'NONE', #7360, .T. ) ;
#9174 = CARTESIAN_POINT ( 'NONE',  ( 0.8699999999999997735, 0.3499999999999997002, -1.185000000000000053 ) ) ;
#9175 = DIRECTION ( 'NONE',  ( 1.000000000000000000, 0.000000000000000000, -0.000000000000000000 ) ) ;
#9176 = PLANE ( 'NONE',  #9107 ) ;
#9177 = FACE_OUTER_BOUND ( 'NONE', #2283, .T. ) ;
#9178 = CARTESIAN_POINT ( 'NONE',  ( 6.985000000000000320, -0.1000000000000000056, -1.130299999999998972 ) ) ;
#9179 = MANIFOLD_SOLID_BREP ( 'Sketch-Pattern1[7]', #5941 ) ;
#9180 = DIRECTION ( 'NONE',  ( 1.122268564789513721E-16, 0.000000000000000000, 1.000000000000000000 ) ) ;
#9181 = ADVANCED_FACE ( 'NONE', ( #3911, #3653 ), #10411, .T. ) ;
#9182 = ORIENTED_EDGE ( 'NONE', *, *, #5723, .T. ) ;
#9183 = LINE ( 'NONE', #3181, #5022 ) ;
#9184 = AXIS2_PLACEMENT_3D ( 'NONE', #8779, #10722, #2993 ) ;
#9185 = EDGE_CURVE ( 'NONE', #10676, #2840, #12378, .T. ) ;
#9186 = LINE ( 'NONE', #9050, #9102 ) ;
#9187 = ORIENTED_EDGE ( 'NONE', *, *, #6591, .F. ) ;
#9188 = CARTESIAN_POINT ( 'NONE',  ( -3.350000000000000089, 1.149999999999999911, -1.199999999999999956 ) ) ;
#9189 = EDGE_LOOP ( 'NONE', ( #953, #4926, #8506, #6648 ) ) ;
#9190 = ORIENTED_EDGE ( 'NONE', *, *, #7756, .T. ) ;
#9191 = ORIENTED_EDGE ( 'NONE', *, *, #4168, .F. ) ;
#9192 = SURFACE_STYLE_FILL_AREA ( #2430 ) ;
#9193 = ORIENTED_EDGE ( 'NONE', *, *, #3149, .T. ) ;
#9194 = EDGE_CURVE ( 'NONE', #5183, #4065, #12492, .T. ) ;
#9195 = LINE ( 'NONE', #7164, #9290 ) ;
#9196 = LINE ( 'NONE', #9599, #4958 ) ;
#9197 = ORIENTED_EDGE ( 'NONE', *, *, #5227, .F. ) ;
#9198 = DIRECTION ( 'NONE',  ( 1.000000000000000000, 0.000000000000000000, -3.491481338843133355E-15 ) ) ;
#9199 = DIRECTION ( 'NONE',  ( 0.000000000000000000, -3.226792180016381951E-17, -1.000000000000000000 ) ) ;
#9200 = ADVANCED_FACE ( 'NONE', ( #8303 ), #10915, .F. ) ;
#9201 =( NAMED_UNIT ( * ) SI_UNIT ( $, .STERADIAN. ) SOLID_ANGLE_UNIT ( ) );
#9202 = FILL_AREA_STYLE_COLOUR ( '', #6336 ) ;
#9203 = LINE ( 'NONE', #10059, #818 ) ;
#9204 = DIRECTION ( 'NONE',  ( -1.000000000000000000, 0.000000000000000000, 4.517509052022940401E-16 ) ) ;
#9205 = DIRECTION ( 'NONE',  ( -0.000000000000000000, 1.000000000000000000, 0.000000000000000000 ) ) ;
#9206 = DIRECTION ( 'NONE',  ( 0.000000000000000000, 0.000000000000000000, 1.000000000000000000 ) ) ;
#9207 = CARTESIAN_POINT ( 'NONE',  ( -6.984999999999999432, 0.000000000000000000, -0.5406000000000005246 ) ) ;
#9209 = LINE ( 'NONE', #6824, #5264 ) ;
#9208 = CARTESIAN_POINT ( 'NONE',  ( 6.350000000000001421, -3.719604614807106024, 8.130000000000000782 ) ) ;
#9210 = ORIENTED_EDGE ( 'NONE', *, *, #8317, .F. ) ;
#9211 = DIRECTION ( 'NONE',  ( 0.000000000000000000, 0.000000000000000000, -1.000000000000000000 ) ) ;
#9212 = ORIENTED_EDGE ( 'NONE', *, *, #1867, .F. ) ;
#9213 = ORIENTED_EDGE ( 'NONE', *, *, #410, .T. ) ;
#9214 = ORIENTED_EDGE ( 'NONE', *, *, #9412, .F. ) ;
#9215 = EDGE_CURVE ( 'NONE', #11601, #760, #3562, .T. ) ;
#9216 = VECTOR ( 'NONE', #10800, 1000.000000000000000 ) ;
#9217 = EDGE_LOOP ( 'NONE', ( #9285, #12314, #960, #12228 ) ) ;
#9218 = CARTESIAN_POINT ( 'NONE',  ( 6.985000000000000320, -0.1000000000000000056, -1.765299999999998981 ) ) ;
#9219 = EDGE_CURVE ( 'NONE', #7007, #7556, #7849, .T. ) ;
#9220 = EDGE_CURVE ( 'NONE', #6062, #500, #12054, .T. ) ;
#9221 = PLANE ( 'NONE',  #3699 ) ;
#9223 = PLANE ( 'NONE',  #11344 ) ;
#9222 = LINE ( 'NONE', #7341, #9580 ) ;
#9224 = AXIS2_PLACEMENT_3D ( 'NONE', #4192, #5316, #503 ) ;
#9225 = SURFACE_STYLE_FILL_AREA ( #1542 ) ;
#9226 = ORIENTED_EDGE ( 'NONE', *, *, #3971, .F. ) ;
#9227 = FACE_OUTER_BOUND ( 'NONE', #8025, .T. ) ;
#9228 = CIRCLE ( 'NONE', #9184, 0.4500000000000000111 ) ;
#9229 = DIRECTION ( 'NONE',  ( -0.000000000000000000, -1.000000000000000000, -0.000000000000000000 ) ) ;
#9230 = DIRECTION ( 'NONE',  ( 1.000000000000000000, 0.000000000000000000, 0.000000000000000000 ) ) ;
#9231 = EDGE_LOOP ( 'NONE', ( #10936, #697, #2589, #1038 ) ) ;
#9232 = EDGE_CURVE ( 'NONE', #4807, #7839, #7735, .T. ) ;
#9233 = DIRECTION ( 'NONE',  ( 0.000000000000000000, 0.000000000000000000, -1.000000000000000000 ) ) ;
#9234 = CARTESIAN_POINT ( 'NONE',  ( -7.619999999999999218, -1.570000000000000062, 10.15999999999999837 ) ) ;
#9235 = ADVANCED_FACE ( 'NONE', ( #12330 ), #1959, .T. ) ;
#9236 = ORIENTED_EDGE ( 'NONE', *, *, #11301, .T. ) ;
#9237 = VERTEX_POINT ( 'NONE', #10788 ) ;
#9238 = CARTESIAN_POINT ( 'NONE',  ( -1.214999999999999858, 0.1000000000000000056, 1.000000000000000000 ) ) ;
#9239 = EDGE_LOOP ( 'NONE', ( #6670, #2312, #12185, #8519 ) ) ;
#9240 = DIRECTION ( 'NONE',  ( 0.000000000000000000, 1.362997016838921353E-15, -1.000000000000000000 ) ) ;
#9241 = LINE ( 'NONE', #139, #9311 ) ;
#9242 = ORIENTED_EDGE ( 'NONE', *, *, #5912, .F. ) ;
#9243 = CARTESIAN_POINT ( 'NONE',  ( -1.814999999999999947, 0.1000000000000000056, -0.4000000000000000222 ) ) ;
#9244 = CARTESIAN_POINT ( 'NONE',  ( 4.610000000000000320, 0.3499999999999999778, -2.775000000000002576 ) ) ;
#9245 = CARTESIAN_POINT ( 'NONE',  ( 0.000000000000000000, 0.1000000000000000056, 0.000000000000000000 ) ) ;
#9246 = LINE ( 'NONE', #4040, #965 ) ;
#9247 = CARTESIAN_POINT ( 'NONE',  ( -1.214999999999999858, 0.1000000000000000056, 0.4000000000000000222 ) ) ;
#9248 = LINE ( 'NONE', #1309, #5061 ) ;
#9249 = EDGE_CURVE ( 'NONE', #11827, #904, #4109, .T. ) ;
#9250 = ORIENTED_EDGE ( 'NONE', *, *, #10503, .F. ) ;
#9251 = CARTESIAN_POINT ( 'NONE',  ( 1.814999999999999947, 0.1000000000000000056, 0.4000000000000000222 ) ) ;
#9252 = AXIS2_PLACEMENT_3D ( 'NONE', #8507, #9744, #4881 ) ;
#9253 = CARTESIAN_POINT ( 'NONE',  ( 0.8050000000000000488, 0.000000000000000000, 0.4000000000000000222 ) ) ;
#9254 = CIRCLE ( 'NONE', #7982, 0.7600000000000002309 ) ;
#9255 = CARTESIAN_POINT ( 'NONE',  ( -4.410000000000001030, 0.000000000000000000, -2.875000000000000000 ) ) ;
#9256 = PLANE ( 'NONE',  #11585 ) ;
#9257 = VECTOR ( 'NONE', #10877, 1000.000000000000000 ) ;
#9258 = ORIENTED_EDGE ( 'NONE', *, *, #11676, .F. ) ;
#9259 = ORIENTED_EDGE ( 'NONE', *, *, #2852, .F. ) ;
#9260 = EDGE_LOOP ( 'NONE', ( #3345, #6020, #9539, #8708 ) ) ;
#9261 = ORIENTED_EDGE ( 'NONE', *, *, #10185, .T. ) ;
#9262 = ORIENTED_EDGE ( 'NONE', *, *, #10216, .T. ) ;
#9263 = UNCERTAINTY_MEASURE_WITH_UNIT (LENGTH_MEASURE( 1.000000000000000082E-05 ), #11020, 'distance_accuracy_value', 'NONE');
#9264 = UNCERTAINTY_MEASURE_WITH_UNIT (LENGTH_MEASURE( 1.000000000000000082E-05 ), #10689, 'distance_accuracy_value', 'NONE');
#9265 = DIRECTION ( 'NONE',  ( 0.000000000000000000, -1.000000000000000000, 0.000000000000000000 ) ) ;
#9266 = APPLICATION_PROTOCOL_DEFINITION ( 'draft international standard', 'automotive_design', 1998, #6236 ) ;
#9267 = ADVANCED_FACE ( 'NONE', ( #4020 ), #3850, .T. ) ;
#9268 = LINE ( 'NONE', #2142, #9521 ) ;
#9269 = PLANE ( 'NONE',  #9818 ) ;
#9270 = PLANE ( 'NONE',  #6031 ) ;
#9271 = DIRECTION ( 'NONE',  ( 0.000000000000000000, 0.000000000000000000, 1.000000000000000000 ) ) ;
#9272 = AXIS2_PLACEMENT_3D ( 'NONE', #9392, #2528, #11201 ) ;
#9273 = CIRCLE ( 'NONE', #2179, 0.7600000000000002309 ) ;
#9274 = DIRECTION ( 'NONE',  ( 0.000000000000000000, 0.000000000000000000, 1.000000000000000000 ) ) ;
#9275 = EDGE_CURVE ( 'NONE', #2623, #3533, #8139, .T. ) ;
#9276 = ORIENTED_EDGE ( 'NONE', *, *, #10456, .F. ) ;
#9277 =( GEOMETRIC_REPRESENTATION_CONTEXT ( 3 ) GLOBAL_UNCERTAINTY_ASSIGNED_CONTEXT ( ( #7260 ) ) GLOBAL_UNIT_ASSIGNED_CONTEXT ( ( #10517, #12509, #944 ) ) REPRESENTATION_CONTEXT ( 'NONE', 'WORKASPACE' ) );
#9278 = VECTOR ( 'NONE', #8306, 1000.000000000000000 ) ;
#9279 = EDGE_CURVE ( 'NONE', #5498, #6928, #3947, .T. ) ;
#9280 = AXIS2_PLACEMENT_3D ( 'NONE', #8508, #9354, #8415 ) ;
#9281 = FACE_OUTER_BOUND ( 'NONE', #6141, .T. ) ;
#9282 = CARTESIAN_POINT ( 'NONE',  ( -0.8050000000000000488, 0.1000000000000000056, -0.4000000000000000222 ) ) ;
#9283 = VERTEX_POINT ( 'NONE', #7995 ) ;
#9284 = DIRECTION ( 'NONE',  ( 1.000000000000000000, 0.000000000000000000, -1.100712865467515846E-16 ) ) ;
#9285 = ORIENTED_EDGE ( 'NONE', *, *, #7107, .T. ) ;
#9286 = ORIENTED_EDGE ( 'NONE', *, *, #10880, .T. ) ;
#9287 = ORIENTED_EDGE ( 'NONE', *, *, #12165, .T. ) ;
#9288 = VECTOR ( 'NONE', #10431, 1000.000000000000000 ) ;
#9289 = ORIENTED_EDGE ( 'NONE', *, *, #4482, .T. ) ;
#9290 = VECTOR ( 'NONE', #2223, 1000.000000000000000 ) ;
#9291 = LINE ( 'NONE', #8960, #730 ) ;
#9292 = ORIENTED_EDGE ( 'NONE', *, *, #9795, .T. ) ;
#9293 =( LENGTH_UNIT ( ) NAMED_UNIT ( * ) SI_UNIT ( .MILLI., .METRE. ) );
#9294 = CARTESIAN_POINT ( 'NONE',  ( 0.8050000000000000488, 0.000000000000000000, -1.000000000000000000 ) ) ;
#9295 = CARTESIAN_POINT ( 'NONE',  ( 3.259999999999997122, 0.3499999999999997002, -3.574999999999998401 ) ) ;
#9296 = FACE_OUTER_BOUND ( 'NONE', #3174, .T. ) ;
#9297 = DIRECTION ( 'NONE',  ( 1.000000000000000000, 0.000000000000000000, 0.000000000000000000 ) ) ;
#9298 = CARTESIAN_POINT ( 'NONE',  ( 6.350000000000001421, 0.000000000000000000, 8.890000000000000568 ) ) ;
#9299 = DIRECTION ( 'NONE',  ( 0.000000000000000000, 0.000000000000000000, -1.000000000000000000 ) ) ;
#9300 = CARTESIAN_POINT ( 'NONE',  ( -3.432161706211294572, 3.100000000000000089, -1.932161706211289909 ) ) ;
#9301 = DIRECTION ( 'NONE',  ( 0.000000000000000000, 1.000000000000000000, 0.000000000000000000 ) ) ;
#9302 = FACE_OUTER_BOUND ( 'NONE', #11265, .T. ) ;
#9303 = AXIS2_PLACEMENT_3D ( 'NONE', #9172, #10993, #6460 ) ;
#9304 = ORIENTED_EDGE ( 'NONE', *, *, #11717, .F. ) ;
#9305 = PLANE ( 'NONE',  #11677 ) ;
#9306 = DIRECTION ( 'NONE',  ( 1.000000000000000000, 0.000000000000000000, 0.000000000000000000 ) ) ;
#9307 = ORIENTED_EDGE ( 'NONE', *, *, #3351, .F. ) ;
#9308 = VERTEX_POINT ( 'NONE', #5755 ) ;
#9309 = ORIENTED_EDGE ( 'NONE', *, *, #12335, .T. ) ;
#9310 = EDGE_CURVE ( 'NONE', #7290, #3580, #12425, .T. ) ;
#9311 = VECTOR ( 'NONE', #48, 1000.000000000000000 ) ;
#9312 = EDGE_LOOP ( 'NONE', ( #2934, #8936 ) ) ;
#9313 = DIRECTION ( 'NONE',  ( 1.000000000000000000, 0.000000000000000000, -1.162683294890621812E-16 ) ) ;
#9315 = CARTESIAN_POINT ( 'NONE',  ( -4.410000000000001030, 0.000000000000000000, -3.474999999999999645 ) ) ;
#9314 = VECTOR ( 'NONE', #12178, 1000.000000000000000 ) ;
#9316 = ORIENTED_EDGE ( 'NONE', *, *, #5631, .F. ) ;
#9317 = ADVANCED_FACE ( 'NONE', ( #8367 ), #9041, .F. ) ;
#9318 = PRESENTATION_STYLE_ASSIGNMENT (( #9833 ) ) ;
#9319 = LINE ( 'NONE', #9819, #8983 ) ;
#9320 = DIRECTION ( 'NONE',  ( -0.000000000000000000, -0.000000000000000000, 1.000000000000000000 ) ) ;
#9321 = VERTEX_POINT ( 'NONE', #7634 ) ;
#9322 = VECTOR ( 'NONE', #10408, 1000.000000000000000 ) ;
#9323 = CARTESIAN_POINT ( 'NONE',  ( 1.814999999999999947, 0.000000000000000000, 0.4000000000000000222 ) ) ;
#9324 = CARTESIAN_POINT ( 'NONE',  ( 5.714999999999999858, -0.1000000000000000472, -0.9524999999999999023 ) ) ;
#9325 = EDGE_LOOP ( 'NONE', ( #2246, #7837, #3418, #2172 ) ) ;
#9326 = ORIENTED_EDGE ( 'NONE', *, *, #11012, .T. ) ;
#9327 = DIRECTION ( 'NONE',  ( 0.000000000000000000, 1.000000000000000000, 0.000000000000000000 ) ) ;
#9328 = EDGE_LOOP ( 'NONE', ( #21, #752, #851, #7054 ) ) ;
#9329 = CARTESIAN_POINT ( 'NONE',  ( -5.080000000000000071, -1.570000000000000062, -7.620000000000000107 ) ) ;
#9330 = DIRECTION ( 'NONE',  ( -0.000000000000000000, 1.000000000000000000, 0.000000000000000000 ) ) ;
#9331 = ORIENTED_EDGE ( 'NONE', *, *, #1724, .T. ) ;
#9332 = CARTESIAN_POINT ( 'NONE',  ( -1.864999999999999991, 0.2000000000000000111, -1.050000000000000044 ) ) ;
#9333 = VECTOR ( 'NONE', #9157, 1000.000000000000000 ) ;
#9334 = PLANE ( 'NONE',  #1839 ) ;
#9335 = ORIENTED_EDGE ( 'NONE', *, *, #12226, .T. ) ;
#9336 = DIRECTION ( 'NONE',  ( 1.000000000000000000, 0.000000000000000000, -4.517509052022940401E-16 ) ) ;
#9337 = VECTOR ( 'NONE', #5918, 1000.000000000000000 ) ;
#9338 = EDGE_CURVE ( 'NONE', #2051, #11627, #12535, .T. ) ;
#9339 = PLANE ( 'NONE',  #7658 ) ;
#9340 = AXIS2_PLACEMENT_3D ( 'NONE', #9625, #3711, #9468 ) ;
#9341 = ADVANCED_FACE ( 'NONE', ( #12008 ), #1308, .F. ) ;
#9342 = EDGE_LOOP ( 'NONE', ( #10006, #9988, #9953, #7262 ) ) ;
#9343 = ADVANCED_FACE ( 'NONE', ( #8161 ), #12399, .F. ) ;
#9344 = ORIENTED_EDGE ( 'NONE', *, *, #2749, .F. ) ;
#9345 = VERTEX_POINT ( 'NONE', #6795 ) ;
#9346 = ORIENTED_EDGE ( 'NONE', *, *, #175, .T. ) ;
#9347 = PRESENTATION_LAYER_ASSIGNMENT (  '', '', ( #6940 ) ) ;
#9348 = EDGE_LOOP ( 'NONE', ( #3855, #8848, #7443, #1803 ) ) ;
#9349 = EDGE_CURVE ( 'NONE', #8334, #12377, #3995, .T. ) ;
#9350 = CARTESIAN_POINT ( 'NONE',  ( -1.430000000000000160, 1.449999999999999956, 0.000000000000000000 ) ) ;
#9351 = APPLICATION_CONTEXT ( 'automotive_design' ) ;
#9352 = FACE_OUTER_BOUND ( 'NONE', #6898, .T. ) ;
#9353 = PLANE ( 'NONE',  #12049 ) ;
#9354 = DIRECTION ( 'NONE',  ( -1.000000000000000000, 0.000000000000000000, 0.000000000000000000 ) ) ;
#9355 = DIRECTION ( 'NONE',  ( -1.000000000000000000, 0.000000000000000000, -4.517509052022940401E-16 ) ) ;
#9356 = CARTESIAN_POINT ( 'NONE',  ( 0.8699999999999997735, 0.3499999999999997002, -1.185000000000000053 ) ) ;
#9357 = AXIS2_PLACEMENT_3D ( 'NONE', #5511, #5083, #6003 ) ;
#9358 = FACE_OUTER_BOUND ( 'NONE', #7344, .T. ) ;
#9359 = CARTESIAN_POINT ( 'NONE',  ( -6.349999999999999645, -1.570000000000000062, 9.650000000000000355 ) ) ;
#9360 = DIRECTION ( 'NONE',  ( 0.000000000000000000, -0.000000000000000000, -1.000000000000000000 ) ) ;
#9361 = VERTEX_POINT ( 'NONE', #1161 ) ;
#9362 = LINE ( 'NONE', #9208, #5382 ) ;
#9363 = EDGE_CURVE ( 'NONE', #11554, #2207, #4129, .T. ) ;
#9364 = CARTESIAN_POINT ( 'NONE',  ( 0.4398837366478682287, 0.000000000000000000, 0.1650000000000003131 ) ) ;
#9365 = EDGE_LOOP ( 'NONE', ( #1877, #6099, #10214, #11297 ) ) ;
#9366 = FILL_AREA_STYLE ('',( #8338 ) ) ;
#9367 = VERTEX_POINT ( 'NONE', #4371 ) ;
#9368 = ORIENTED_EDGE ( 'NONE', *, *, #9799, .T. ) ;
#9369 = ORIENTED_EDGE ( 'NONE', *, *, #4936, .T. ) ;
#9370 = CYLINDRICAL_SURFACE ( 'NONE', #2834, 1.650000000000000355 ) ;
#9371 = EDGE_LOOP ( 'NONE', ( #9145, #9048, #11972, #9605 ) ) ;
#9372 = ADVANCED_FACE ( 'NONE', ( #7824 ), #3587, .F. ) ;
#9373 = LINE ( 'NONE', #5255, #5321 ) ;
#9374 = MECHANICAL_DESIGN_GEOMETRIC_PRESENTATION_REPRESENTATION (  '', ( #10500 ), #671 ) ;
#9375 = DIRECTION ( 'NONE',  ( -3.491481338843133355E-15, 0.000000000000000000, -1.000000000000000000 ) ) ;
#9376 = EDGE_LOOP ( 'NONE', ( #1047, #8188, #12379, #1147 ) ) ;
#9377 = CARTESIAN_POINT ( 'NONE',  ( 2.979883736647867654, 0.03999999999999999389, -1.185000000000000053 ) ) ;
#9378 = DIRECTION ( 'NONE',  ( 0.000000000000000000, 1.000000000000000000, 0.000000000000000000 ) ) ;
#9379 = CARTESIAN_POINT ( 'NONE',  ( -0.2049999999999999878, 0.000000000000000000, 0.4000000000000000222 ) ) ;
#9380 = EDGE_CURVE ( 'NONE', #9970, #11646, #12076, .T. ) ;
#9381 = FACE_OUTER_BOUND ( 'NONE', #7943, .T. ) ;
#9382 = CARTESIAN_POINT ( 'NONE',  ( 0.8050000000000000488, 0.1000000000000000056, 0.4000000000000000222 ) ) ;
#9383 = DIRECTION ( 'NONE',  ( 0.000000000000000000, 0.000000000000000000, -1.000000000000000000 ) ) ;
#9384 = DIRECTION ( 'NONE',  ( 0.000000000000000000, 0.000000000000000000, 1.000000000000000000 ) ) ;
#9385 = DIRECTION ( 'NONE',  ( 8.537024980200821325E-17, 0.000000000000000000, 1.000000000000000000 ) ) ;
#9386 = EDGE_CURVE ( 'NONE', #12198, #418, #283, .T. ) ;
#9387 = EDGE_CURVE ( 'NONE', #8717, #7406, #4485, .T. ) ;
#9388 = FACE_OUTER_BOUND ( 'NONE', #3509, .T. ) ;
#9389 = ORIENTED_EDGE ( 'NONE', *, *, #239, .T. ) ;
#9390 = CARTESIAN_POINT ( 'NONE',  ( 4.360000000000001208, 0.03999999999999999389, -2.775000000000001688 ) ) ;
#9391 = STYLED_ITEM ( 'NONE', ( #3401 ), #11238 ) ;
#9392 = CARTESIAN_POINT ( 'NONE',  ( -0.8050000000000000488, 0.1000000000000000056, 0.4000000000000000222 ) ) ;
#9393 = ORIENTED_EDGE ( 'NONE', *, *, #9185, .T. ) ;
#9394 = ORIENTED_EDGE ( 'NONE', *, *, #10066, .F. ) ;
#9395 = CYLINDRICAL_SURFACE ( 'NONE', #11640, 0.7600000000000002309 ) ;
#9396 = ORIENTED_EDGE ( 'NONE', *, *, #8120, .T. ) ;
#9397 = DIRECTION ( 'NONE',  ( -1.000000000000000000, 0.000000000000000000, -1.707404996040164018E-16 ) ) ;
#9398 = CARTESIAN_POINT ( 'NONE',  ( 1.969999999999999973, 1.500000000000000000, 1.180000000000000160 ) ) ;
#9400 =( NAMED_UNIT ( * ) SI_UNIT ( $, .STERADIAN. ) SOLID_ANGLE_UNIT ( ) );
#9399 = CIRCLE ( 'NONE', #3400, 0.4500000000000000111 ) ;
#9401 = ORIENTED_EDGE ( 'NONE', *, *, #9976, .T. ) ;
#9402 = FACE_OUTER_BOUND ( 'NONE', #2998, .T. ) ;
#9403 = AXIS2_PLACEMENT_3D ( 'NONE', #7374, #5548, #2595 ) ;
#9404 = ORIENTED_EDGE ( 'NONE', *, *, #7229, .F. ) ;
#9405 = EDGE_CURVE ( 'NONE', #11744, #8320, #215, .T. ) ;
#9406 = EDGE_LOOP ( 'NONE', ( #5853, #3298, #1767, #2226 ) ) ;
#9407 = DIRECTION ( 'NONE',  ( 0.000000000000000000, -1.000000000000000000, 0.000000000000000000 ) ) ;
#9408 = VERTEX_POINT ( 'NONE', #2842 ) ;
#9409 = PLANE ( 'NONE',  #8457 ) ;
#9410 = EDGE_LOOP ( 'NONE', ( #12514, #4265, #8614, #7927, #4935, #9062, #90, #626, #10781, #11109, #11193 ) ) ;
#9411 = CARTESIAN_POINT ( 'NONE',  ( 6.350000000000001421, 0.000000000000000000, 9.400000000000000355 ) ) ;
#9412 = EDGE_CURVE ( 'NONE', #1049, #1298, #80, .T. ) ;
#9413 = AXIS2_PLACEMENT_3D ( 'NONE', #11877, #324, #8864 ) ;
#9414 = PLANE ( 'NONE',  #12488 ) ;
#9415 = PRESENTATION_LAYER_ASSIGNMENT (  '', '', ( #12229 ) ) ;
#9416 = CARTESIAN_POINT ( 'NONE',  ( 3.409999999999998810, 0.3499999999999999778, 0.1650000000000001188 ) ) ;
#9417 = FACE_OUTER_BOUND ( 'NONE', #4657, .T. ) ;
#9418 = DIRECTION ( 'NONE',  ( 0.000000000000000000, 0.000000000000000000, 1.000000000000000000 ) ) ;
#9419 = LINE ( 'NONE', #6741, #5324 ) ;
#9420 = ORIENTED_EDGE ( 'NONE', *, *, #12193, .T. ) ;
#9421 = PLANE ( 'NONE',  #4939 ) ;
#9422 = LINE ( 'NONE', #11703, #5430 ) ;
#9423 = PLANE ( 'NONE',  #7221 ) ;
#9424 = CARTESIAN_POINT ( 'NONE',  ( 1.270000000000000018, 1.550000000000000044, 0.000000000000000000 ) ) ;
#9425 = UNCERTAINTY_MEASURE_WITH_UNIT (LENGTH_MEASURE( 1.000000000000000082E-05 ), #11163, 'distance_accuracy_value', 'NONE');
#9426 = PRESENTATION_LAYER_ASSIGNMENT (  '', '', ( #2481 ) ) ;
#9427 = FACE_OUTER_BOUND ( 'NONE', #145, .T. ) ;
#9428 = ORIENTED_EDGE ( 'NONE', *, *, #2088, .F. ) ;
#9429 = EDGE_LOOP ( 'NONE', ( #1075, #11913, #550, #10520 ) ) ;
#9430 = ORIENTED_EDGE ( 'NONE', *, *, #6810, .F. ) ;
#9431 = VECTOR ( 'NONE', #9378, 1000.000000000000000 ) ;
#9432 = ORIENTED_EDGE ( 'NONE', *, *, #2007, .T. ) ;
#9433 = AXIS2_PLACEMENT_3D ( 'NONE', #5539, #7271, #6172 ) ;
#9434 = CARTESIAN_POINT ( 'NONE',  ( -0.2049999999999999878, 0.1000000000000000056, 1.000000000000000000 ) ) ;
#9435 =( NAMED_UNIT ( * ) SI_UNIT ( $, .STERADIAN. ) SOLID_ANGLE_UNIT ( ) );
#9436 = AXIS2_PLACEMENT_3D ( 'NONE', #12388, #10565, #8591 ) ;
#9437 = VECTOR ( 'NONE', #6746, 1000.000000000000000 ) ;
#9438 = DIRECTION ( 'NONE',  ( 1.000000000000000000, 0.000000000000000000, 0.000000000000000000 ) ) ;
#9439 = CARTESIAN_POINT ( 'NONE',  ( 1.214999999999999858, 0.000000000000000000, 1.000000000000000000 ) ) ;
#9440 = DIRECTION ( 'NONE',  ( 0.000000000000000000, 0.000000000000000000, 1.000000000000000000 ) ) ;
#9441 = CARTESIAN_POINT ( 'NONE',  ( -1.803067474140179982, 1.466214779576595850, 0.1869708670886970070 ) ) ;
#9442 = CARTESIAN_POINT ( 'NONE',  ( 0.8699999999999997735, -3.407492542097300425E-16, -1.184999999999999831 ) ) ;
#9443 = CARTESIAN_POINT ( 'NONE',  ( -2.350000000000000089, -3.135336068297440409E-17, 1.199999999999999956 ) ) ;
#9444 = ORIENTED_EDGE ( 'NONE', *, *, #2274, .F. ) ;
#9445 = VECTOR ( 'NONE', #10128, 1000.000000000000000 ) ;
#9446 = ADVANCED_FACE ( 'NONE', ( #8462 ), #8103, .F. ) ;
#9447 = EDGE_LOOP ( 'NONE', ( #7826, #12105, #10268, #6973 ) ) ;
#9448 = ADVANCED_FACE ( 'NONE', ( #53 ), #5996, .T. ) ;
#9449 = ORIENTED_EDGE ( 'NONE', *, *, #9275, .T. ) ;
#9450 = ORIENTED_EDGE ( 'NONE', *, *, #10913, .F. ) ;
#9451 = ORIENTED_EDGE ( 'NONE', *, *, #5796, .F. ) ;
#9452 = VECTOR ( 'NONE', #4056, 1000.000000000000000 ) ;
#9453 = MECHANICAL_DESIGN_GEOMETRIC_PRESENTATION_REPRESENTATION (  '', ( #10421 ), #5349 ) ;
#9454 = SURFACE_STYLE_USAGE ( .BOTH. , #8899 ) ;
#9455 = ORIENTED_EDGE ( 'NONE', *, *, #4480, .T. ) ;
#9456 = PLANE ( 'NONE',  #5613 ) ;
#9457 = CARTESIAN_POINT ( 'NONE',  ( 5.714999999999999858, 0.000000000000000000, -0.9524999999999999023 ) ) ;
#9458 = CARTESIAN_POINT ( 'NONE',  ( 3.810000000000000941, 0.000000000000000000, 8.890000000000000568 ) ) ;
#9459 = EDGE_CURVE ( 'NONE', #6531, #7240, #8417, .T. ) ;
#9460 = FACE_OUTER_BOUND ( 'NONE', #341, .T. ) ;
#9461 =( NAMED_UNIT ( * ) PLANE_ANGLE_UNIT ( ) SI_UNIT ( $, .RADIAN. ) );
#9462 = CARTESIAN_POINT ( 'NONE',  ( -4.410000000000001030, 0.5000000000000000000, -2.875000000000000000 ) ) ;
#9463 = CARTESIAN_POINT ( 'NONE',  ( -7.620000000000000995, 0.000000000000000000, -10.16000000000000192 ) ) ;
#9464 = DIRECTION ( 'NONE',  ( 1.000000000000000000, 0.000000000000000000, 8.537024980200820092E-17 ) ) ;
#9465 = CARTESIAN_POINT ( 'NONE',  ( -6.984999999999999432, -0.1000000000000000056, 0.09439999999999945657 ) ) ;
#9466 = CARTESIAN_POINT ( 'NONE',  ( 1.214999999999999858, 0.1000000000000000056, -1.000000000000000000 ) ) ;
#9467 = ORIENTED_EDGE ( 'NONE', *, *, #11039, .T. ) ;
#9468 = DIRECTION ( 'NONE',  ( 0.000000000000000000, 0.000000000000000000, 1.000000000000000000 ) ) ;
#9469 = EDGE_CURVE ( 'NONE', #8556, #11654, #4398, .T. ) ;
#9470 = CARTESIAN_POINT ( 'NONE',  ( -1.969999999999999973, 7.692733390912210645, 1.180000000000000160 ) ) ;
#9471 = ORIENTED_EDGE ( 'NONE', *, *, #9568, .F. ) ;
#9472 = ORIENTED_EDGE ( 'NONE', *, *, #5917, .F. ) ;
#9473 = LINE ( 'NONE', #8818, #9170 ) ;
#9474 = ORIENTED_EDGE ( 'NONE', *, *, #2731, .T. ) ;
#9475 = DIRECTION ( 'NONE',  ( 1.000000000000000000, -3.226792180016387497E-17, -3.491481338843133750E-15 ) ) ;
#9476 = MANIFOLD_SOLID_BREP ( 'Body-Move/Copy1[2]', #674 ) ;
#9477 = PRESENTATION_LAYER_ASSIGNMENT (  '', '', ( #1946 ) ) ;
#9478 = ADVANCED_FACE ( 'NONE', ( #8525 ), #455, .F. ) ;
#9480 = CARTESIAN_POINT ( 'NONE',  ( -2.232161706211294838, 2.899999999999999911, -1.932161706211289909 ) ) ;
#9479 = LINE ( 'NONE', #8486, #5126 ) ;
#9481 = DIRECTION ( 'NONE',  ( -0.000000000000000000, 1.000000000000000000, -0.000000000000000000 ) ) ;
#9482 = SURFACE_STYLE_FILL_AREA ( #11284 ) ;
#9483 = ORIENTED_EDGE ( 'NONE', *, *, #4644, .T. ) ;
#9484 = CIRCLE ( 'NONE', #11073, 0.7600000000000002309 ) ;
#9485 = LINE ( 'NONE', #3108, #1479 ) ;
#9486 = EDGE_CURVE ( 'NONE', #7226, #12068, #8547, .T. ) ;
#9487 = VECTOR ( 'NONE', #4569, 1000.000000000000000 ) ;
#9488 = AXIS2_PLACEMENT_3D ( 'NONE', #8201, #8990, #8298 ) ;
#9489 = CARTESIAN_POINT ( 'NONE',  ( -1.269999999999999352, 0.000000000000000000, 9.650000000000000355 ) ) ;
#9490 = CARTESIAN_POINT ( 'NONE',  ( 6.350000000000001421, -1.570000000000000284, 8.380000000000000782 ) ) ;
#9491 = ORIENTED_EDGE ( 'NONE', *, *, #10034, .F. ) ;
#9492 = PLANE ( 'NONE',  #8159 ) ;
#9493 = CARTESIAN_POINT ( 'NONE',  ( 3.409999999999998810, 0.3499999999999997002, -1.185000000000000275 ) ) ;
#9494 = ORIENTED_EDGE ( 'NONE', *, *, #1896, .F. ) ;
#9495 = DIRECTION ( 'NONE',  ( -0.000000000000000000, 1.000000000000000000, 0.000000000000000000 ) ) ;
#9496 = ORIENTED_EDGE ( 'NONE', *, *, #11206, .T. ) ;
#9497 = CARTESIAN_POINT ( 'NONE',  ( -1.814999999999999947, 0.000000000000000000, 0.4000000000000000222 ) ) ;
#9498 = AXIS2_PLACEMENT_3D ( 'NONE', #6157, #9936, #862 ) ;
#9499 = CARTESIAN_POINT ( 'NONE',  ( 5.714999999999999858, -0.1000000000000000056, 0.4952999999999994074 ) ) ;
#9500 = ORIENTED_EDGE ( 'NONE', *, *, #2387, .F. ) ;
#9501 = CARTESIAN_POINT ( 'NONE',  ( 0.000000000000000000, 0.5000000000000000000, 0.000000000000000000 ) ) ;
#9502 = DIRECTION ( 'NONE',  ( -1.000000000000000000, 0.000000000000000000, -4.517509052022940401E-16 ) ) ;
#9503 = EDGE_CURVE ( 'NONE', #978, #7241, #4266, .T. ) ;
#9504 = FACE_BOUND ( 'NONE', #11754, .T. ) ;
#9505 = DIRECTION ( 'NONE',  ( -0.000000000000000000, -1.000000000000000000, -0.000000000000000000 ) ) ;
#9506 = AXIS2_PLACEMENT_3D ( 'NONE', #10315, #10624, #7706 ) ;
#9507 = CLOSED_SHELL ( 'NONE', ( #8502, #4839, #7506, #9025, #436, #6682 ) ) ;
#9508 = DIRECTION ( 'NONE',  ( -3.491481338843133355E-15, 0.000000000000000000, -1.000000000000000000 ) ) ;
#9509 = AXIS2_PLACEMENT_3D ( 'NONE', #12599, #11817, #10730 ) ;
#9510 = LINE ( 'NONE', #4290, #1118 ) ;
#9511 =( NAMED_UNIT ( * ) PLANE_ANGLE_UNIT ( ) SI_UNIT ( $, .RADIAN. ) );
#9512 = DIRECTION ( 'NONE',  ( -0.000000000000000000, 1.000000000000000000, -0.000000000000000000 ) ) ;
#9513 = ORIENTED_EDGE ( 'NONE', *, *, #6194, .F. ) ;
#9514 = ORIENTED_EDGE ( 'NONE', *, *, #6633, .F. ) ;
#9515 = ORIENTED_EDGE ( 'NONE', *, *, #6232, .T. ) ;
#9516 = EDGE_CURVE ( 'NONE', #7059, #6624, #380, .T. ) ;
#9517 = LINE ( 'NONE', #12615, #1148 ) ;
#9518 = ORIENTED_EDGE ( 'NONE', *, *, #5934, .T. ) ;
#9519 = EDGE_CURVE ( 'NONE', #12068, #5095, #142, .T. ) ;
#9520 = DIRECTION ( 'NONE',  ( -0.000000000000000000, -1.000000000000000000, 0.000000000000000000 ) ) ;
#9521 = VECTOR ( 'NONE', #4144, 1000.000000000000000 ) ;
#9522 = PLANE ( 'NONE',  #6817 ) ;
#9523 =( NAMED_UNIT ( * ) SI_UNIT ( $, .STERADIAN. ) SOLID_ANGLE_UNIT ( ) );
#9524 = CARTESIAN_POINT ( 'NONE',  ( -1.804840569576219966, 1.461042739161541926, 0.1873903151669689959 ) ) ;
#9525 = CARTESIAN_POINT ( 'NONE',  ( 2.350000000000000089, -3.135336068297440409E-17, 1.199999999999999956 ) ) ;
#9526 = EDGE_CURVE ( 'NONE', #6891, #3853, #8792, .T. ) ;
#9527 = CARTESIAN_POINT ( 'NONE',  ( -1.814999999999999947, 0.000000000000000000, -1.000000000000000000 ) ) ;
#9528 = EDGE_CURVE ( 'NONE', #7921, #36, #4511, .T. ) ;
#9529 = ORIENTED_EDGE ( 'NONE', *, *, #892, .T. ) ;
#9530 = ADVANCED_FACE ( 'NONE', ( #8616 ), #2074, .F. ) ;
#9531 = DIRECTION ( 'NONE',  ( 0.000000000000000000, 0.000000000000000000, -1.000000000000000000 ) ) ;
#9532 = LINE ( 'NONE', #4896, #1204 ) ;
#9533 = CARTESIAN_POINT ( 'NONE',  ( -0.2049999999999999878, 0.000000000000000000, -1.000000000000000000 ) ) ;
#9534 = ORIENTED_EDGE ( 'NONE', *, *, #11562, .F. ) ;
#9535 = EDGE_CURVE ( 'NONE', #8647, #230, #431, .T. ) ;
#9536 = AXIS2_PLACEMENT_3D ( 'NONE', #5977, #994, #6796 ) ;
#9537 = CARTESIAN_POINT ( 'NONE',  ( -3.250000000000000000, 1.550000000000000044, 1.199999999999999956 ) ) ;
#9538 = ORIENTED_EDGE ( 'NONE', *, *, #10066, .T. ) ;
#9539 = ORIENTED_EDGE ( 'NONE', *, *, #9535, .T. ) ;
#9540 = VECTOR ( 'NONE', #6917, 1000.000000000000000 ) ;
#9541 = ORIENTED_EDGE ( 'NONE', *, *, #10212, .F. ) ;
#9542 = LINE ( 'NONE', #454, #9452 ) ;
#9543 = EDGE_CURVE ( 'NONE', #7917, #12195, #4309, .T. ) ;
#9544 = VERTEX_POINT ( 'NONE', #269 ) ;
#9545 = AXIS2_PLACEMENT_3D ( 'NONE', #5003, #3107, #2218 ) ;
#9546 = CARTESIAN_POINT ( 'NONE',  ( -1.750000000000000000, 0.2999999999999999889, -1.750000000000000000 ) ) ;
#9547 = DIRECTION ( 'NONE',  ( -0.000000000000000000, 1.000000000000000000, -0.000000000000000000 ) ) ;
#9548 = DIRECTION ( 'NONE',  ( 0.000000000000000000, 0.000000000000000000, -1.000000000000000000 ) ) ;
#9549 = DIRECTION ( 'NONE',  ( 0.000000000000000000, 0.000000000000000000, 1.000000000000000000 ) ) ;
#9550 = CARTESIAN_POINT ( 'NONE',  ( 1.969999999999999973, 0.2000000000000000111, 1.180000000000000160 ) ) ;
#9551 = CARTESIAN_POINT ( 'NONE',  ( 3.409999999999998810, 0.3099999999999999978, 0.1250000000000001110 ) ) ;
#9552 = ADVANCED_FACE ( 'NONE', ( #4335 ), #2856, .T. ) ;
#9553 = ORIENTED_EDGE ( 'NONE', *, *, #1023, .F. ) ;
#9554 = CARTESIAN_POINT ( 'NONE',  ( -3.649999999999999911, 3.100000000000000089, 1.932161706211294794 ) ) ;
#9555 = DIRECTION ( 'NONE',  ( -0.000000000000000000, 1.000000000000000000, -0.000000000000000000 ) ) ;
#9556 = EDGE_LOOP ( 'NONE', ( #10575, #5009, #7900, #11525 ) ) ;
#9557 = EDGE_LOOP ( 'NONE', ( #7702, #4401, #3330, #4323 ) ) ;
#9558 = CIRCLE ( 'NONE', #1682, 0.7600000000000002309 ) ;
#9559 = ORIENTED_EDGE ( 'NONE', *, *, #10212, .T. ) ;
#9560 = VECTOR ( 'NONE', #1115, 1000.000000000000000 ) ;
#9561 = DIRECTION ( 'NONE',  ( 1.000000000000000000, 0.000000000000000000, 0.000000000000000000 ) ) ;
#9562 = VERTEX_POINT ( 'NONE', #8674 ) ;
#9563 = VECTOR ( 'NONE', #850, 1000.000000000000000 ) ;
#9564 = AXIS2_PLACEMENT_3D ( 'NONE', #3388, #7346, #4503 ) ;
#9565 = PLANE ( 'NONE',  #10475 ) ;
#9566 = DIRECTION ( 'NONE',  ( 1.707404996040164018E-16, 0.000000000000000000, -1.000000000000000000 ) ) ;
#9567 = VERTEX_POINT ( 'NONE', #12186 ) ;
#9568 = EDGE_CURVE ( 'NONE', #1849, #10957, #4355, .T. ) ;
#9569 = CARTESIAN_POINT ( 'NONE',  ( 3.350000000000000089, 1.149999999999999911, 1.199999999999999956 ) ) ;
#9570 = DIRECTION ( 'NONE',  ( -1.000000000000000000, 0.000000000000000000, 0.000000000000000000 ) ) ;
#9571 = ORIENTED_EDGE ( 'NONE', *, *, #2848, .F. ) ;
#9572 = DIRECTION ( 'NONE',  ( -1.000000000000000000, 0.000000000000000000, 0.000000000000000000 ) ) ;
#9573 = VERTEX_POINT ( 'NONE', #4778 ) ;
#9574 = DIRECTION ( 'NONE',  ( 0.000000000000000000, 0.000000000000000000, -1.000000000000000000 ) ) ;
#9575 = CARTESIAN_POINT ( 'NONE',  ( 3.259999999999997122, 0.03999999999999999389, -3.574999999999998401 ) ) ;
#9576 = ORIENTED_EDGE ( 'NONE', *, *, #9663, .T. ) ;
#9577 = DIRECTION ( 'NONE',  ( 0.000000000000000000, 0.000000000000000000, -1.000000000000000000 ) ) ;
#9578 = CARTESIAN_POINT ( 'NONE',  ( 1.814999999999999947, 0.1000000000000000056, 0.4000000000000000222 ) ) ;
#9579 = ADVANCED_FACE ( 'NONE', ( #601 ), #1797, .F. ) ;
#9580 = VECTOR ( 'NONE', #4593, 1000.000000000000000 ) ;
#9581 = ORIENTED_EDGE ( 'NONE', *, *, #9869, .F. ) ;
#9582 = EDGE_CURVE ( 'NONE', #6914, #7975, #4715, .T. ) ;
#9583 = CARTESIAN_POINT ( 'NONE',  ( -6.349999999999999645, -1.570000000000000284, 8.130000000000000782 ) ) ;
#9584 = VECTOR ( 'NONE', #1403, 1000.000000000000000 ) ;
#9585 = EDGE_CURVE ( 'NONE', #1501, #3999, #4799, .T. ) ;
#9586 = SURFACE_SIDE_STYLE ('',( #7581 ) ) ;
#9587 = CARTESIAN_POINT ( 'NONE',  ( 3.259999999999997122, -3.407492542097300425E-16, -3.574999999999998401 ) ) ;
#9588 = AXIS2_PLACEMENT_3D ( 'NONE', #10097, #4078, #7873 ) ;
#9589 = ORIENTED_EDGE ( 'NONE', *, *, #9901, .F. ) ;
#9590 = ORIENTED_EDGE ( 'NONE', *, *, #5562, .T. ) ;
#9591 = CIRCLE ( 'NONE', #5076, 0.7600000000000002309 ) ;
#9592 = ORIENTED_EDGE ( 'NONE', *, *, #11857, .T. ) ;
#9593 = CARTESIAN_POINT ( 'NONE',  ( -0.2049999999999999878, 0.1000000000000000056, 1.000000000000000000 ) ) ;
#9594 = VECTOR ( 'NONE', #4238, 1000.000000000000000 ) ;
#9595 = DIRECTION ( 'NONE',  ( 0.000000000000000000, 1.000000000000000000, -0.000000000000000000 ) ) ;
#9596 = CARTESIAN_POINT ( 'NONE',  ( 3.810000000000000941, 0.000000000000000000, 9.650000000000000355 ) ) ;
#9597 = FILL_AREA_STYLE_COLOUR ( '', #5482 ) ;
#9598 = CARTESIAN_POINT ( 'NONE',  ( -1.798632834502695177, 1.476309077502073963, 0.1859205286967730020 ) ) ;
#9599 = CARTESIAN_POINT ( 'NONE',  ( 2.350000000000000089, -3.135336068297440409E-17, 1.199999999999999956 ) ) ;
#9600 = VECTOR ( 'NONE', #4326, 1000.000000000000000 ) ;
#9601 = VERTEX_POINT ( 'NONE', #1421 ) ;
#9602 = DIRECTION ( 'NONE',  ( -1.000000000000000000, 0.000000000000000000, -4.517509052022940401E-16 ) ) ;
#9603 = LINE ( 'NONE', #12415, #9563 ) ;
#9604 = DIRECTION ( 'NONE',  ( 1.000000000000000000, 0.000000000000000000, 1.707404996040164018E-16 ) ) ;
#9605 = ORIENTED_EDGE ( 'NONE', *, *, #60, .T. ) ;
#9606 = CARTESIAN_POINT ( 'NONE',  ( 0.8050000000000000488, 0.1000000000000000056, -0.4000000000000000222 ) ) ;
#9607 = ORIENTED_EDGE ( 'NONE', *, *, #3679, .F. ) ;
#9608 = VECTOR ( 'NONE', #4457, 1000.000000000000000 ) ;
#9609 = EDGE_LOOP ( 'NONE', ( #670, #6300, #12468, #6587 ) ) ;
#9610 = FACE_BOUND ( 'NONE', #9028, .T. ) ;
#9611 = CARTESIAN_POINT ( 'NONE',  ( -1.430000000000000160, 1.399999999999999911, 0.000000000000000000 ) ) ;
#9612 = EDGE_CURVE ( 'NONE', #2623, #5050, #838, .T. ) ;
#9613 = CARTESIAN_POINT ( 'NONE',  ( 4.610000000000000320, 0.3499999999999999778, -2.775000000000002576 ) ) ;
#9614 = CARTESIAN_POINT ( 'NONE',  ( 1.669999999999999929, 0.3499999999999997002, -1.185000000000000053 ) ) ;
#9615 = CARTESIAN_POINT ( 'NONE',  ( -1.949289321881343184, 1.550000000000001155, 1.159289321881346035 ) ) ;
#9616 = ADVANCED_FACE ( 'NONE', ( #628 ), #2309, .T. ) ;
#9617 = LINE ( 'NONE', #1462, #988 ) ;
#9618 = CARTESIAN_POINT ( 'NONE',  ( -0.8950000000000000178, 1.500000000000000000, -1.180000000000000160 ) ) ;
#9619 = SURFACE_STYLE_USAGE ( .BOTH. , #8628 ) ;
#9620 = CARTESIAN_POINT ( 'NONE',  ( 4.209999999999999076, 0.3499999999999999778, 0.1650000000000001188 ) ) ;
#9621 = CARTESIAN_POINT ( 'NONE',  ( -7.620000000000000995, -1.570000000000000062, -10.16000000000000192 ) ) ;
#9622 = AXIS2_PLACEMENT_3D ( 'NONE', #2408, #3321, #7366 ) ;
#9623 = LINE ( 'NONE', #3273, #1401 ) ;
#9624 = ORIENTED_EDGE ( 'NONE', *, *, #4472, .T. ) ;
#9625 = CARTESIAN_POINT ( 'NONE',  ( 5.714999999999999858, -1.519903165712366722, -0.9524999999999999023 ) ) ;
#9626 = CARTESIAN_POINT ( 'NONE',  ( -3.250000000000000000, 1.149999999999999911, 1.199999999999999956 ) ) ;
#9627 = ORIENTED_EDGE ( 'NONE', *, *, #11449, .F. ) ;
#9628 = VECTOR ( 'NONE', #6066, 1000.000000000000000 ) ;
#9629 = VERTEX_POINT ( 'NONE', #9251 ) ;
#9630 = CARTESIAN_POINT ( 'NONE',  ( 0.8699999999999997735, 0.03999999999999999389, -1.184999999999999831 ) ) ;
#9631 = SURFACE_STYLE_USAGE ( .BOTH. , #6510 ) ;
#9632 = FACE_OUTER_BOUND ( 'NONE', #11935, .T. ) ;
#9633 = EDGE_CURVE ( 'NONE', #496, #10912, #4777, .T. ) ;
#9634 = AXIS2_PLACEMENT_3D ( 'NONE', #2639, #5805, #9870 ) ;
#9635 = LINE ( 'NONE', #5168, #10052 ) ;
#9636 = AXIS2_PLACEMENT_3D ( 'NONE', #11298, #12337, #777 ) ;
#9637 = CIRCLE ( 'NONE', #10651, 0.7600000000000002309 ) ;
#9638 = EDGE_CURVE ( 'NONE', #981, #4254, #9254, .T. ) ;
#9639 = DIRECTION ( 'NONE',  ( 0.000000000000000000, 0.000000000000000000, 1.000000000000000000 ) ) ;
#9640 = ADVANCED_FACE ( 'NONE', ( #9020 ), #10160, .F. ) ;
#9641 = ORIENTED_EDGE ( 'NONE', *, *, #11691, .T. ) ;
#9642 = MECHANICAL_DESIGN_GEOMETRIC_PRESENTATION_REPRESENTATION (  '', ( #1167 ), #5103 ) ;
#9643 = CARTESIAN_POINT ( 'NONE',  ( -1.814999999999999947, 0.000000000000000000, -0.4000000000000000222 ) ) ;
#9644 = PLANE ( 'NONE',  #8791 ) ;
#9645 = ADVANCED_FACE ( 'NONE', ( #865 ), #2381, .T. ) ;
#9646 = CARTESIAN_POINT ( 'NONE',  ( -1.214999999999999858, 0.000000000000000000, 0.4000000000000000222 ) ) ;
#9647 = ORIENTED_EDGE ( 'NONE', *, *, #2852, .T. ) ;
#9648 = DIRECTION ( 'NONE',  ( 0.000000000000000000, -1.000000000000000000, 0.000000000000000000 ) ) ;
#9649 = DIRECTION ( 'NONE',  ( 0.000000000000000000, 0.000000000000000000, -1.000000000000000000 ) ) ;
#9650 = LINE ( 'NONE', #2458, #1686 ) ;
#9651 = ORIENTED_EDGE ( 'NONE', *, *, #10216, .F. ) ;
#9652 = DIRECTION ( 'NONE',  ( 0.000000000000000000, 1.000000000000000000, 0.000000000000000000 ) ) ;
#9653 = DIRECTION ( 'NONE',  ( -0.9902680687415703620, 0.1391731009600658819, 0.000000000000000000 ) ) ;
#9654 = CARTESIAN_POINT ( 'NONE',  ( -1.214999999999999858, 0.1000000000000000056, -1.000000000000000000 ) ) ;
#9655 = LINE ( 'NONE', #885, #1493 ) ;
#9656 = EDGE_CURVE ( 'NONE', #11113, #4356, #5064, .T. ) ;
#9657 = DIRECTION ( 'NONE',  ( 0.000000000000000000, 1.000000000000000000, 0.000000000000000000 ) ) ;
#9658 = EDGE_CURVE ( 'NONE', #7455, #28, #4664, .T. ) ;
#9659 = LINE ( 'NONE', #4201, #5491 ) ;
#9660 =( LENGTH_UNIT ( ) NAMED_UNIT ( * ) SI_UNIT ( .MILLI., .METRE. ) );
#9661 = PLANE ( 'NONE',  #3582 ) ;
#9662 = FACE_OUTER_BOUND ( 'NONE', #12344, .T. ) ;
#9663 = EDGE_CURVE ( 'NONE', #7857, #11664, #9101, .T. ) ;
#9664 = ORIENTED_EDGE ( 'NONE', *, *, #9215, .F. ) ;
#9665 = VERTEX_POINT ( 'NONE', #2970 ) ;
#9666 = EDGE_CURVE ( 'NONE', #1444, #998, #889, .T. ) ;
#9667 = ORIENTED_EDGE ( 'NONE', *, *, #10053, .T. ) ;
#9668 = ORIENTED_EDGE ( 'NONE', *, *, #9503, .T. ) ;
#9669 = ADVANCED_FACE ( 'NONE', ( #475 ), #26, .T. ) ;
#9670 = CARTESIAN_POINT ( 'NONE',  ( 1.214999999999999858, 0.000000000000000000, 1.000000000000000000 ) ) ;
#9671 = CARTESIAN_POINT ( 'NONE',  ( 5.714999999999999858, -0.1000000000000000056, -1.130299999999999194 ) ) ;
#9672 = CARTESIAN_POINT ( 'NONE',  ( 1.969999999999999973, 1.500000000000000000, -1.180000000000000160 ) ) ;
#9673 = DIRECTION ( 'NONE',  ( -3.491481338843133355E-15, 0.000000000000000000, -1.000000000000000000 ) ) ;
#9674 = CARTESIAN_POINT ( 'NONE',  ( 2.350000000000000089, -3.135336068297440409E-17, -1.199999999999999956 ) ) ;
#9675 = VECTOR ( 'NONE', #11544, 1000.000000000000000 ) ;
#9676 = VECTOR ( 'NONE', #336, 1000.000000000000000 ) ;
#9677 = CARTESIAN_POINT ( 'NONE',  ( -1.805769684305110090, 1.500000000000000000, 0.1876090199250475266 ) ) ;
#9678 = ORIENTED_EDGE ( 'NONE', *, *, #4768, .T. ) ;
#9679 = ORIENTED_EDGE ( 'NONE', *, *, #6513, .T. ) ;
#9680 = EDGE_CURVE ( 'NONE', #4758, #4563, #4824, .T. ) ;
#9681 = DIRECTION ( 'NONE',  ( -1.016439536705159026E-15, 1.000000000000000000, 3.548879674468422491E-30 ) ) ;
#9682 = CARTESIAN_POINT ( 'NONE',  ( 3.049999999999998046, 0.04000000000000000083, -3.574999999999997513 ) ) ;
#9683 = ORIENTED_EDGE ( 'NONE', *, *, #1181, .T. ) ;
#9684 = FACE_OUTER_BOUND ( 'NONE', #12383, .T. ) ;
#9685 = ORIENTED_EDGE ( 'NONE', *, *, #2177, .F. ) ;
#9686 = EDGE_CURVE ( 'NONE', #6381, #9805, #8863, .T. ) ;
#9687 = AXIS2_PLACEMENT_3D ( 'NONE', #8961, #4019, #9894 ) ;
#9688 = FACE_BOUND ( 'NONE', #3854, .T. ) ;
#9689 = PRESENTATION_STYLE_ASSIGNMENT (( #6491 ) ) ;
#9690 = FACE_OUTER_BOUND ( 'NONE', #10372, .T. ) ;
#9691 = CARTESIAN_POINT ( 'NONE',  ( 1.864999999999999991, 0.2000000000000000111, 1.050000000000000044 ) ) ;
#9692 = DIRECTION ( 'NONE',  ( 0.000000000000000000, 0.000000000000000000, 1.000000000000000000 ) ) ;
#9693 = DIRECTION ( 'NONE',  ( 0.000000000000000000, 0.000000000000000000, 1.000000000000000000 ) ) ;
#9694 = CIRCLE ( 'NONE', #583, 0.7600000000000002309 ) ;
#9695 = DIRECTION ( 'NONE',  ( 0.000000000000000000, 0.000000000000000000, -1.000000000000000000 ) ) ;
#9696 = DIRECTION ( 'NONE',  ( -0.000000000000000000, -1.000000000000000000, -0.000000000000000000 ) ) ;
#9697 = CARTESIAN_POINT ( 'NONE',  ( 3.260000000000001563, 0.3499999999999997002, -2.344883736647866534 ) ) ;
#9698 = CARTESIAN_POINT ( 'NONE',  ( -1.269999999999999352, -1.570000000000000284, 8.890000000000000568 ) ) ;
#9699 = LINE ( 'NONE', #8788, #9676 ) ;
#9700 = ORIENTED_EDGE ( 'NONE', *, *, #9813, .T. ) ;
#9701 = PLANE ( 'NONE',  #9905 ) ;
#9702 = AXIS2_PLACEMENT_3D ( 'NONE', #3354, #11115, #4379 ) ;
#9703 = CARTESIAN_POINT ( 'NONE',  ( 4.209999999999999076, 0.3500000000000000333, -0.08499999999999986733 ) ) ;
#9704 = EDGE_CURVE ( 'NONE', #2364, #11075, #715, .T. ) ;
#9705 = AXIS2_PLACEMENT_3D ( 'NONE', #5427, #8383, #536 ) ;
#9706 = CARTESIAN_POINT ( 'NONE',  ( -1.835769684305115002, 1.399999999999999911, -0.1945532402683884943 ) ) ;
#9707 = AXIS2_PLACEMENT_3D ( 'NONE', #6879, #7901, #4104 ) ;
#9709 = DIRECTION ( 'NONE',  ( 0.000000000000000000, -1.000000000000000000, 0.000000000000000000 ) ) ;
#9708 = FACE_OUTER_BOUND ( 'NONE', #10136, .T. ) ;
#9710 = DIRECTION ( 'NONE',  ( 1.000000000000000000, 0.000000000000000000, 0.000000000000000000 ) ) ;
#9711 = FACE_BOUND ( 'NONE', #12495, .T. ) ;
#9712 = ADVANCED_FACE ( 'NONE', ( #9296 ), #10721, .F. ) ;
#9713 = FACE_OUTER_BOUND ( 'NONE', #7465, .T. ) ;
#9714 = FACE_OUTER_BOUND ( 'NONE', #6846, .T. ) ;
#9715 = CARTESIAN_POINT ( 'NONE',  ( 0.2049999999999999878, 0.000000000000000000, -1.000000000000000000 ) ) ;
#9716 = AXIS2_PLACEMENT_3D ( 'NONE', #8260, #9299, #10205 ) ;
#9717 = ORIENTED_EDGE ( 'NONE', *, *, #9349, .T. ) ;
#9718 = ORIENTED_EDGE ( 'NONE', *, *, #3831, .F. ) ;
#9719 = DIRECTION ( 'NONE',  ( 0.000000000000000000, 0.000000000000000000, 1.000000000000000000 ) ) ;
#9720 = CARTESIAN_POINT ( 'NONE',  ( -3.649999999999999911, 1.550000000000000044, -2.149999999999999911 ) ) ;
#9721 = PLANE ( 'NONE',  #11249 ) ;
#9722 = DIRECTION ( 'NONE',  ( 1.000000000000000000, -0.000000000000000000, -0.000000000000000000 ) ) ;
#9723 = EDGE_CURVE ( 'NONE', #12133, #4654, #8959, .T. ) ;
#9724 = CARTESIAN_POINT ( 'NONE',  ( -0.8050000000000000488, 0.000000000000000000, 1.000000000000000000 ) ) ;
#9725 = DIRECTION ( 'NONE',  ( -0.000000000000000000, -1.000000000000000000, -0.000000000000000000 ) ) ;
#9726 = LINE ( 'NONE', #794, #1372 ) ;
#9727 = SURFACE_STYLE_USAGE ( .BOTH. , #10393 ) ;
#9728 = AXIS2_PLACEMENT_3D ( 'NONE', #3731, #8291, #11136 ) ;
#9729 = LINE ( 'NONE', #2548, #10106 ) ;
#9730 = FACE_OUTER_BOUND ( 'NONE', #9342, .T. ) ;
#9731 =( NAMED_UNIT ( * ) SI_UNIT ( $, .STERADIAN. ) SOLID_ANGLE_UNIT ( ) );
#9732 = EDGE_CURVE ( 'NONE', #942, #3460, #909, .T. ) ;
#9733 = VECTOR ( 'NONE', #2194, 1000.000000000000000 ) ;
#9734 = DIRECTION ( 'NONE',  ( -0.000000000000000000, 1.000000000000000000, -0.000000000000000000 ) ) ;
#9735 = VECTOR ( 'NONE', #6407, 1000.000000000000000 ) ;
#9736 = COLOUR_RGB ( '',1.000000000000000000, 0.8117647058823529438, 0.5019607843137254832 ) ;
#9737 = ADVANCED_FACE ( 'NONE', ( #4891 ), #4894, .T. ) ;
#9738 = VERTEX_POINT ( 'NONE', #6727 ) ;
#9739 = ORIENTED_EDGE ( 'NONE', *, *, #11158, .T. ) ;
#9740 = ADVANCED_FACE ( 'NONE', ( #4749 ), #8609, .F. ) ;
#9741 = CIRCLE ( 'NONE', #9509, 0.7600000000000002309 ) ;
#9742 = DIRECTION ( 'NONE',  ( -1.707404996040164018E-16, 0.000000000000000000, 1.000000000000000000 ) ) ;
#9743 = FACE_OUTER_BOUND ( 'NONE', #10838, .T. ) ;
#9744 = DIRECTION ( 'NONE',  ( 0.9902680687415703620, 0.1391731009600658819, 0.000000000000000000 ) ) ;
#9745 = DIRECTION ( 'NONE',  ( -1.000000000000000000, 1.084202172485506209E-15, 3.491481338843133355E-15 ) ) ;
#9746 = PLANE ( 'NONE',  #2294 ) ;
#9747 = DIRECTION ( 'NONE',  ( 0.000000000000000000, 0.000000000000000000, 1.000000000000000000 ) ) ;
#9748 = FACE_OUTER_BOUND ( 'NONE', #10654, .T. ) ;
#9749 = CARTESIAN_POINT ( 'NONE',  ( 2.350000000000000089, 0.2999999999999999889, -1.199999999999999956 ) ) ;
#9750 = VECTOR ( 'NONE', #683, 1000.000000000000000 ) ;
#9751 = CARTESIAN_POINT ( 'NONE',  ( 3.259999999999997122, 0.3499999999999997002, -3.574999999999998401 ) ) ;
#9752 = ORIENTED_EDGE ( 'NONE', *, *, #52, .T. ) ;
#9753 = ORIENTED_EDGE ( 'NONE', *, *, #8777, .T. ) ;
#9754 = CARTESIAN_POINT ( 'NONE',  ( 2.979883736647867654, 0.3500000000000000333, -0.08499999999999986733 ) ) ;
#9755 = EDGE_CURVE ( 'NONE', #7492, #2169, #5105, .T. ) ;
#9756 = LINE ( 'NONE', #2010, #1624 ) ;
#9757 = AXIS2_PLACEMENT_3D ( 'NONE', #234, #3935, #1247 ) ;
#9758 = DIRECTION ( 'NONE',  ( 1.000000000000000000, 8.199904827254259034E-17, 0.000000000000000000 ) ) ;
#9759 = CARTESIAN_POINT ( 'NONE',  ( -3.432161706211294572, -1.146355821698993971, -1.932161706211289909 ) ) ;
#9760 = CARTESIAN_POINT ( 'NONE',  ( -3.809999999999999609, 0.000000000000000000, 9.650000000000000355 ) ) ;
#9761 = LINE ( 'NONE', #4137, #1375 ) ;
#9762 =( LENGTH_UNIT ( ) NAMED_UNIT ( * ) SI_UNIT ( .MILLI., .METRE. ) );
#9763 = CARTESIAN_POINT ( 'NONE',  ( 5.714999999999999858, -0.1000000000000000056, -0.3174999999999998934 ) ) ;
#9764 = DIRECTION ( 'NONE',  ( 1.000000000000000000, 0.000000000000000000, 0.000000000000000000 ) ) ;
#9765 = EDGE_CURVE ( 'NONE', #5118, #3460, #9064, .T. ) ;
#9766 = AXIS2_PLACEMENT_3D ( 'NONE', #5990, #144, #12586 ) ;
#9767 = LINE ( 'NONE', #9827, #5411 ) ;
#9768 = CARTESIAN_POINT ( 'NONE',  ( 1.814999999999999947, 0.1000000000000000056, 1.000000000000000000 ) ) ;
#9769 = EDGE_LOOP ( 'NONE', ( #2127, #7422, #5093, #6260 ) ) ;
#9770 = EDGE_CURVE ( 'NONE', #10291, #6418, #8885, .T. ) ;
#9771 = ORIENTED_EDGE ( 'NONE', *, *, #239, .F. ) ;
#9772 = AXIS2_PLACEMENT_3D ( 'NONE', #4732, #10437, #10735 ) ;
#9773 = CARTESIAN_POINT ( 'NONE',  ( 3.810000000000000941, 0.000000000000000000, 8.890000000000000568 ) ) ;
#9774 = LINE ( 'NONE', #11727, #1486 ) ;
#9776 = CARTESIAN_POINT ( 'NONE',  ( -0.8050000000000000488, 0.1000000000000000056, 1.000000000000000000 ) ) ;
#9775 = LINE ( 'NONE', #10923, #9829 ) ;
#9777 = EDGE_CURVE ( 'NONE', #7698, #10914, #497, .T. ) ;
#9778 = DIRECTION ( 'NONE',  ( 0.000000000000000000, 0.000000000000000000, 1.000000000000000000 ) ) ;
#9779 = LINE ( 'NONE', #7151, #9797 ) ;
#9780 = STYLED_ITEM ( 'NONE', ( #6744 ), #2198 ) ;
#9781 = LINE ( 'NONE', #1758, #10032 ) ;
#9782 = LINE ( 'NONE', #9682, #1182 ) ;
#9783 = DIRECTION ( 'NONE',  ( -1.000000000000000000, 0.000000000000000000, -1.707404996040164018E-16 ) ) ;
#9784 = EDGE_LOOP ( 'NONE', ( #5011, #9679, #11197, #10231, #10890, #2204, #11533 ) ) ;
#9785 = ORIENTED_EDGE ( 'NONE', *, *, #7073, .T. ) ;
#9786 = DIRECTION ( 'NONE',  ( 0.000000000000000000, 0.000000000000000000, 1.000000000000000000 ) ) ;
#9787 = DIRECTION ( 'NONE',  ( 0.000000000000000000, -1.000000000000000000, -0.000000000000000000 ) ) ;
#9788 = CARTESIAN_POINT ( 'NONE',  ( -1.570000000000000062, 0.000000000000000000, -0.2850000000000003642 ) ) ;
#9789 = CARTESIAN_POINT ( 'NONE',  ( 4.610000000000000320, 0.3499999999999999778, -2.775000000000002576 ) ) ;
#9790 = VECTOR ( 'NONE', #3949, 1000.000000000000000 ) ;
#9791 = CARTESIAN_POINT ( 'NONE',  ( 3.299999999999999822, 0.3499999999999999778, -1.199999999999999956 ) ) ;
#9792 = SURFACE_STYLE_USAGE ( .BOTH. , #7876 ) ;
#9793 = MANIFOLD_SOLID_BREP ( 'NONE', #6229 ) ;
#9794 = VECTOR ( 'NONE', #4612, 1000.000000000000000 ) ;
#9795 = EDGE_CURVE ( 'NONE', #5072, #7746, #9183, .T. ) ;
#9796 = EDGE_CURVE ( 'NONE', #8769, #1049, #798, .T. ) ;
#9797 = VECTOR ( 'NONE', #2460, 1000.000000000000000 ) ;
#9798 = FACE_OUTER_BOUND ( 'NONE', #10370, .T. ) ;
#9799 = EDGE_CURVE ( 'NONE', #9629, #7975, #9203, .T. ) ;
#9800 = AXIS2_PLACEMENT_3D ( 'NONE', #2683, #4727, #5627 ) ;
#9801 = CARTESIAN_POINT ( 'NONE',  ( 1.270000000000000018, 1.399999999999999911, 0.000000000000000000 ) ) ;
#9802 = ADVANCED_FACE ( 'NONE', ( #9227 ), #9221, .T. ) ;
#9803 = LINE ( 'NONE', #7568, #1420 ) ;
#9804 = VERTEX_POINT ( 'NONE', #7842 ) ;
#9805 = VERTEX_POINT ( 'NONE', #11730 ) ;
#9806 = PRESENTATION_STYLE_ASSIGNMENT (( #8509 ) ) ;
#9807 = CARTESIAN_POINT ( 'NONE',  ( 3.409999999999998810, 0.04000000000000000083, 0.1250000000000001110 ) ) ;
#9808 = CARTESIAN_POINT ( 'NONE',  ( -1.214999999999999858, 0.1000000000000000056, 0.4000000000000000222 ) ) ;
#9809 = CARTESIAN_POINT ( 'NONE',  ( 4.609999999999997655, 0.3499999999999999778, -3.575000000000002842 ) ) ;
#9810 = CARTESIAN_POINT ( 'NONE',  ( 3.409999999999998810, 0.3499999999999999778, 0.1650000000000001188 ) ) ;
#9811 = PLANE ( 'NONE',  #4978 ) ;
#9812 = CARTESIAN_POINT ( 'NONE',  ( -3.250000000000000000, 1.250000000000000000, 1.199999999999999956 ) ) ;
#9813 = EDGE_CURVE ( 'NONE', #6978, #7455, #9603, .T. ) ;
#9814 = CARTESIAN_POINT ( 'NONE',  ( 4.209999999999999076, 0.3499999999999997002, -1.185000000000000275 ) ) ;
#9815 = LINE ( 'NONE', #1779, #5709 ) ;
#9816 = EDGE_CURVE ( 'NONE', #6181, #3620, #9694, .T. ) ;
#9817 = EDGE_CURVE ( 'NONE', #4017, #12094, #1062, .T. ) ;
#9818 = AXIS2_PLACEMENT_3D ( 'NONE', #7962, #9947, #2323 ) ;
#9819 = CARTESIAN_POINT ( 'NONE',  ( 1.669999999999999929, 0.3499999999999999778, 0.1650000000000003131 ) ) ;
#9820 = CIRCLE ( 'NONE', #6274, 1.650000000000000355 ) ;
#9821 = LINE ( 'NONE', #7861, #5914 ) ;
#9822 = ADVANCED_FACE ( 'NONE', ( #5450 ), #8893, .F. ) ;
#9823 = PLANE ( 'NONE',  #1419 ) ;
#9824 = ORIENTED_EDGE ( 'NONE', *, *, #3445, .F. ) ;
#9825 = ORIENTED_EDGE ( 'NONE', *, *, #244, .T. ) ;
#9826 = DIRECTION ( 'NONE',  ( 0.000000000000000000, 0.000000000000000000, -1.000000000000000000 ) ) ;
#9827 = CARTESIAN_POINT ( 'NONE',  ( 0.4398837366478682287, 0.04000000000000000083, 0.1250000000000003331 ) ) ;
#9828 = VECTOR ( 'NONE', #5477, 1000.000000000000000 ) ;
#9829 = VECTOR ( 'NONE', #9867, 1000.000000000000000 ) ;
#9830 = LINE ( 'NONE', #2083, #1695 ) ;
#9831 = DIRECTION ( 'NONE',  ( 0.000000000000000000, -0.000000000000000000, 1.000000000000000000 ) ) ;
#9832 = EDGE_CURVE ( 'NONE', #3659, #635, #5364, .T. ) ;
#9833 = SURFACE_STYLE_USAGE ( .BOTH. , #2135 ) ;
#9834 = DIRECTION ( 'NONE',  ( -0.000000000000000000, -1.000000000000000000, -0.000000000000000000 ) ) ;
#9835 = EDGE_CURVE ( 'NONE', #11419, #3187, #9637, .T. ) ;
#9836 = LINE ( 'NONE', #1618, #5750 ) ;
#9837 = DIRECTION ( 'NONE',  ( 0.000000000000000000, 0.000000000000000000, -1.000000000000000000 ) ) ;
#9838 = DIRECTION ( 'NONE',  ( -0.000000000000000000, -1.000000000000000000, 0.000000000000000000 ) ) ;
#9839 = CARTESIAN_POINT ( 'NONE',  ( 1.270000000000000240, -3.719604614807106024, 8.890000000000000568 ) ) ;
#9840 = CARTESIAN_POINT ( 'NONE',  ( 0.000000000000000000, -0.1000000000000000056, 0.000000000000000000 ) ) ;
#9842 = VECTOR ( 'NONE', #7153, 1000.000000000000000 ) ;
#9841 = DIRECTION ( 'NONE',  ( 0.000000000000000000, 1.000000000000000000, 0.000000000000000000 ) ) ;
#9843 = DIRECTION ( 'NONE',  ( 1.000000000000000000, 0.000000000000000000, 1.707404996040164018E-16 ) ) ;
#9844 = PRESENTATION_LAYER_ASSIGNMENT (  '', '', ( #7320 ) ) ;
#9845 = FACE_OUTER_BOUND ( 'NONE', #171, .T. ) ;
#9846 = AXIS2_PLACEMENT_3D ( 'NONE', #5875, #1782, #2712 ) ;
#9847 = VERTEX_POINT ( 'NONE', #7929 ) ;
#9848 = DIRECTION ( 'NONE',  ( 0.000000000000000000, -1.000000000000000000, 0.000000000000000000 ) ) ;
#9849 = VERTEX_POINT ( 'NONE', #10067 ) ;
#9850 = DIRECTION ( 'NONE',  ( 0.000000000000000000, -1.000000000000000000, 0.000000000000000000 ) ) ;
#9851 = FACE_OUTER_BOUND ( 'NONE', #2249, .T. ) ;
#9852 = ORIENTED_EDGE ( 'NONE', *, *, #2572, .T. ) ;
#9853 = DIRECTION ( 'NONE',  ( 0.000000000000000000, -1.000000000000000000, 0.000000000000000000 ) ) ;
#9855 = CARTESIAN_POINT ( 'NONE',  ( -1.214999999999999858, 0.000000000000000000, -0.4000000000000000222 ) ) ;
#9854 = LINE ( 'NONE', #11227, #1314 ) ;
#9856 = VERTEX_POINT ( 'NONE', #441 ) ;
#9857 = DIRECTION ( 'NONE',  ( -3.491481338843133355E-15, 0.000000000000000000, -1.000000000000000000 ) ) ;
#9858 = VECTOR ( 'NONE', #5561, 1000.000000000000000 ) ;
#9859 = CYLINDRICAL_SURFACE ( 'NONE', #1835, 1.650000000000000355 ) ;
#9860 = CARTESIAN_POINT ( 'NONE',  ( -1.570000000000000062, 0.000000000000000000, -0.2850000000000003642 ) ) ;
#9861 = ORIENTED_EDGE ( 'NONE', *, *, #11969, .F. ) ;
#9862 = EDGE_LOOP ( 'NONE', ( #4273, #4267, #6786, #4030 ) ) ;
#9863 = CARTESIAN_POINT ( 'NONE',  ( 0.000000000000000000, 0.000000000000000000, 0.000000000000000000 ) ) ;
#9864 = PRESENTATION_LAYER_ASSIGNMENT (  '', '', ( #5362 ) ) ;
#9865 = DIRECTION ( 'NONE',  ( 0.000000000000000000, 1.000000000000000000, 0.000000000000000000 ) ) ;
#9866 = DIRECTION ( 'NONE',  ( 0.000000000000000000, -1.000000000000000000, 0.000000000000000000 ) ) ;
#9867 = DIRECTION ( 'NONE',  ( 0.000000000000000000, 0.000000000000000000, 1.000000000000000000 ) ) ;
#9868 = CARTESIAN_POINT ( 'NONE',  ( 3.299999999999999822, 0.3499999999999999778, 1.199999999999999956 ) ) ;
#9869 = EDGE_CURVE ( 'NONE', #7106, #5247, #1254, .T. ) ;
#9870 = DIRECTION ( 'NONE',  ( -1.000000000000000000, 0.000000000000000000, 0.000000000000000000 ) ) ;
#9871 = EDGE_LOOP ( 'NONE', ( #12119, #8022 ) ) ;
#9872 = LINE ( 'NONE', #5456, #9794 ) ;
#9873 = VERTEX_POINT ( 'NONE', #4906 ) ;
#9874 = VECTOR ( 'NONE', #12444, 1000.000000000000000 ) ;
#9875 = PRESENTATION_STYLE_ASSIGNMENT (( #2107 ) ) ;
#9876 = CARTESIAN_POINT ( 'NONE',  ( -3.460000000000000409, 0.000000000000000000, -2.875000000000000000 ) ) ;
#9877 = LINE ( 'NONE', #5928, #9996 ) ;
#9878 = CARTESIAN_POINT ( 'NONE',  ( -0.7449999999999999956, 1.500000000000000000, -1.180000000000000160 ) ) ;
#9879 = MANIFOLD_SOLID_BREP ( 'NONE', #4167 ) ;
#9880 = LINE ( 'NONE', #867, #5661 ) ;
#9881 = ORIENTED_EDGE ( 'NONE', *, *, #65, .F. ) ;
#9882 = ORIENTED_EDGE ( 'NONE', *, *, #4070, .T. ) ;
#9883 = DIRECTION ( 'NONE',  ( 0.000000000000000000, 0.000000000000000000, -1.000000000000000000 ) ) ;
#9884 = ORIENTED_EDGE ( 'NONE', *, *, #1653, .T. ) ;
#9885 = LINE ( 'NONE', #5508, #5502 ) ;
#9886 = DIRECTION ( 'NONE',  ( 0.000000000000000000, 1.000000000000000000, 0.000000000000000000 ) ) ;
#9887 = DIRECTION ( 'NONE',  ( 0.000000000000000000, 1.000000000000000000, 0.000000000000000000 ) ) ;
#9888 = PLANE ( 'NONE',  #1512 ) ;
#9889 = CARTESIAN_POINT ( 'NONE',  ( 0.8050000000000000488, 0.000000000000000000, -0.4000000000000000222 ) ) ;
#9890 = EDGE_LOOP ( 'NONE', ( #10958, #4766 ) ) ;
#9891 = EDGE_CURVE ( 'NONE', #9408, #1954, #1200, .T. ) ;
#9892 = CARTESIAN_POINT ( 'NONE',  ( -0.2049999999999999878, 0.000000000000000000, 1.000000000000000000 ) ) ;
#9893 = CARTESIAN_POINT ( 'NONE',  ( 6.985000000000000320, -0.1000000000000000056, -1.130299999999998972 ) ) ;
#9894 = DIRECTION ( 'NONE',  ( 0.000000000000000000, 0.000000000000000000, 1.000000000000000000 ) ) ;
#9895 = CIRCLE ( 'NONE', #1631, 0.05000000000000002359 ) ;
#9896 = ADVANCED_FACE ( 'NONE', ( #9713 ), #4911, .F. ) ;
#9897 = DIRECTION ( 'NONE',  ( 0.000000000000000000, 1.000000000000000000, -1.016439536705159026E-15 ) ) ;
#9898 = MECHANICAL_DESIGN_GEOMETRIC_PRESENTATION_REPRESENTATION (  '', ( #10744 ), #6077 ) ;
#9899 = CARTESIAN_POINT ( 'NONE',  ( -3.649999999999999911, 0.3499999999999999778, 1.199999999999999956 ) ) ;
#9900 = LINE ( 'NONE', #6672, #1745 ) ;
#9901 = EDGE_CURVE ( 'NONE', #9367, #11976, #9484, .T. ) ;
#9902 = CARTESIAN_POINT ( 'NONE',  ( -1.814999999999999947, 0.1000000000000000056, -1.000000000000000000 ) ) ;
#9903 = EDGE_CURVE ( 'NONE', #11307, #6705, #5406, .T. ) ;
#9904 = ORIENTED_EDGE ( 'NONE', *, *, #5989, .F. ) ;
#9905 = AXIS2_PLACEMENT_3D ( 'NONE', #1913, #6663, #4648 ) ;
#9906 = ORIENTED_EDGE ( 'NONE', *, *, #8406, .T. ) ;
#9907 = ADVANCED_FACE ( 'NONE', ( #1288 ), #9120, .F. ) ;
#9908 = VECTOR ( 'NONE', #9143, 1000.000000000000000 ) ;
#9909 = MECHANICAL_DESIGN_GEOMETRIC_PRESENTATION_REPRESENTATION (  '', ( #6940 ), #6339 ) ;
#9910 = EDGE_LOOP ( 'NONE', ( #8284, #9450, #1259, #5269 ) ) ;
#9911 = VECTOR ( 'NONE', #4257, 1000.000000000000000 ) ;
#9912 = EDGE_LOOP ( 'NONE', ( #7452, #10497, #3027, #3034 ) ) ;
#9913 = EDGE_CURVE ( 'NONE', #7240, #8550, #9362, .T. ) ;
#9914 = VECTOR ( 'NONE', #6931, 1000.000000000000000 ) ;
#9915 = VECTOR ( 'NONE', #8484, 1000.000000000000000 ) ;
#9916 = EDGE_CURVE ( 'NONE', #173, #6954, #5130, .T. ) ;
#9917 = CARTESIAN_POINT ( 'NONE',  ( -0.2049999999999999878, 0.1000000000000000056, 0.4000000000000000222 ) ) ;
#9918 = FILL_AREA_STYLE_COLOUR ( '', #5241 ) ;
#9919 = DIRECTION ( 'NONE',  ( 0.000000000000000000, 0.000000000000000000, -1.000000000000000000 ) ) ;
#9920 = VECTOR ( 'NONE', #5084, 1000.000000000000000 ) ;
#9921 = CARTESIAN_POINT ( 'NONE',  ( 4.209999999999999076, 0.03999999999999999389, -1.185000000000000053 ) ) ;
#9922 = DIRECTION ( 'NONE',  ( 0.000000000000000000, 1.000000000000000000, -0.000000000000000000 ) ) ;
#9923 = DIRECTION ( 'NONE',  ( -1.000000000000000000, 0.000000000000000000, -4.517509052022940401E-16 ) ) ;
#9924 = CARTESIAN_POINT ( 'NONE',  ( -6.984999999999999432, -1.519903165712366722, -0.7293999999999991601 ) ) ;
#9925 = ADVANCED_FACE ( 'NONE', ( #9381 ), #10051, .F. ) ;
#9926 = DIRECTION ( 'NONE',  ( 0.000000000000000000, 1.000000000000000000, 0.000000000000000000 ) ) ;
#9927 = ORIENTED_EDGE ( 'NONE', *, *, #1558, .F. ) ;
#9928 = ADVANCED_FACE ( 'NONE', ( #1099 ), #10712, .F. ) ;
#9929 = EDGE_CURVE ( 'NONE', #6994, #10085, #9422, .T. ) ;
#9930 = CARTESIAN_POINT ( 'NONE',  ( -6.349999999999999645, -1.570000000000000284, 9.400000000000000355 ) ) ;
#9931 = CYLINDRICAL_SURFACE ( 'NONE', #12155, 0.04999999999999991257 ) ;
#9932 = ORIENTED_EDGE ( 'NONE', *, *, #9961, .F. ) ;
#9934 = PLANE ( 'NONE',  #704 ) ;
#9933 = LINE ( 'NONE', #8482, #9954 ) ;
#9935 = EDGE_LOOP ( 'NONE', ( #8781, #12266, #8342, #4118 ) ) ;
#9936 = DIRECTION ( 'NONE',  ( -3.491481338843133355E-15, 0.000000000000000000, -1.000000000000000000 ) ) ;
#9937 = CARTESIAN_POINT ( 'NONE',  ( 1.814999999999999947, 0.1000000000000000056, -1.000000000000000000 ) ) ;
#9938 = FACE_OUTER_BOUND ( 'NONE', #11171, .T. ) ;
#9939 = EDGE_CURVE ( 'NONE', #12467, #2507, #9617, .T. ) ;
#9940 = CIRCLE ( 'NONE', #7134, 0.7600000000000002309 ) ;
#9941 = EDGE_CURVE ( 'NONE', #11887, #4989, #9659, .T. ) ;
#9942 = SURFACE_SIDE_STYLE ('',( #6015 ) ) ;
#9943 = EDGE_CURVE ( 'NONE', #4563, #2913, #5509, .T. ) ;
#9944 = DIRECTION ( 'NONE',  ( 0.000000000000000000, 3.226792180016381951E-17, 1.000000000000000000 ) ) ;
#9945 = EDGE_CURVE ( 'NONE', #7819, #4538, #1324, .T. ) ;
#9946 = EDGE_CURVE ( 'NONE', #8135, #7578, #956, .T. ) ;
#9947 = DIRECTION ( 'NONE',  ( 0.000000000000000000, 0.000000000000000000, -1.000000000000000000 ) ) ;
#9948 = CARTESIAN_POINT ( 'NONE',  ( 3.649999999999999911, 1.550000000000000044, -2.149999999999999911 ) ) ;
#9949 = CARTESIAN_POINT ( 'NONE',  ( 6.350000000000001421, 0.000000000000000000, 9.650000000000000355 ) ) ;
#9950 =( NAMED_UNIT ( * ) SI_UNIT ( $, .STERADIAN. ) SOLID_ANGLE_UNIT ( ) );
#9951 = CARTESIAN_POINT ( 'NONE',  ( -3.809999999999999609, -3.719604614807106024, 8.890000000000000568 ) ) ;
#9952 = ADVANCED_FACE ( 'NONE', ( #9402 ), #7905, .F. ) ;
#9953 = ORIENTED_EDGE ( 'NONE', *, *, #2955, .T. ) ;
#9954 = VECTOR ( 'NONE', #9649, 1000.000000000000000 ) ;
#9955 = EDGE_LOOP ( 'NONE', ( #11805, #3752, #782, #7522, #9515, #7972, #4116, #5096 ) ) ;
#9956 = FACE_OUTER_BOUND ( 'NONE', #3502, .T. ) ;
#9957 = VECTOR ( 'NONE', #10307, 1000.000000000000000 ) ;
#9958 = FACE_OUTER_BOUND ( 'NONE', #6087, .T. ) ;
#9959 = DIRECTION ( 'NONE',  ( 0.000000000000000000, -3.226792180016381951E-17, -1.000000000000000000 ) ) ;
#9960 = DIRECTION ( 'NONE',  ( 0.000000000000000000, 0.000000000000000000, -1.000000000000000000 ) ) ;
#9961 = EDGE_CURVE ( 'NONE', #10019, #8964, #5262, .T. ) ;
#9962 = CARTESIAN_POINT ( 'NONE',  ( -1.605662432702595011, 0.05000000000000000278, -1.605662432702595011 ) ) ;
#9963 = EDGE_LOOP ( 'NONE', ( #3192, #3083 ) ) ;
#9964 = AXIS2_PLACEMENT_3D ( 'NONE', #1040, #11649, #7946 ) ;
#9965 = VECTOR ( 'NONE', #6170, 1000.000000000000000 ) ;
#9966 = DIRECTION ( 'NONE',  ( -1.000000000000000000, 0.000000000000000000, 0.000000000000000000 ) ) ;
#9967 = CARTESIAN_POINT ( 'NONE',  ( -1.835769684305115002, 1.399999999999999911, 0.1945532402683884943 ) ) ;
#9968 = FILL_AREA_STYLE_COLOUR ( '', #11816 ) ;
#9969 = CARTESIAN_POINT ( 'NONE',  ( 0.8050000000000000488, 0.000000000000000000, 1.000000000000000000 ) ) ;
#9970 = VERTEX_POINT ( 'NONE', #9814 ) ;
#9971 = DIRECTION ( 'NONE',  ( 0.000000000000000000, 1.000000000000000000, 0.000000000000000000 ) ) ;
#9972 = PLANE ( 'NONE',  #1449 ) ;
#9973 = DIRECTION ( 'NONE',  ( 0.000000000000000000, 1.000000000000000000, 0.000000000000000000 ) ) ;
#9974 = FACE_OUTER_BOUND ( 'NONE', #3634, .T. ) ;
#9975 = APPLICATION_CONTEXT ( 'automotive_design' ) ;
#9976 = EDGE_CURVE ( 'NONE', #4088, #12483, #5215, .T. ) ;
#9977 = CARTESIAN_POINT ( 'NONE',  ( 1.270000000000000240, -3.719604614807106024, 8.130000000000000782 ) ) ;
#9978 = LINE ( 'NONE', #2846, #1717 ) ;
#9979 = CARTESIAN_POINT ( 'NONE',  ( 4.610000000000000320, 0.000000000000000000, -2.775000000000002576 ) ) ;
#9980 = MECHANICAL_DESIGN_GEOMETRIC_PRESENTATION_REPRESENTATION (  '', ( #931 ), #6414 ) ;
#9981 = DIRECTION ( 'NONE',  ( 0.000000000000000000, 0.000000000000000000, 1.000000000000000000 ) ) ;
#9982 = EDGE_LOOP ( 'NONE', ( #5326, #9559, #2132, #3365 ) ) ;
#9983 =( NAMED_UNIT ( * ) PLANE_ANGLE_UNIT ( ) SI_UNIT ( $, .RADIAN. ) );
#9984 = DIRECTION ( 'NONE',  ( 0.000000000000000000, 0.000000000000000000, 1.000000000000000000 ) ) ;
#9985 = FACE_OUTER_BOUND ( 'NONE', #2305, .T. ) ;
#9986 = EDGE_CURVE ( 'NONE', #6110, #1311, #5304, .T. ) ;
#9987 = EDGE_CURVE ( 'NONE', #9804, #11967, #1039, .T. ) ;
#9988 = ORIENTED_EDGE ( 'NONE', *, *, #814, .T. ) ;
#9989 = FACE_OUTER_BOUND ( 'NONE', #11917, .T. ) ;
#9990 = EDGE_LOOP ( 'NONE', ( #4747, #368, #10819, #8907 ) ) ;
#9991 = UNCERTAINTY_MEASURE_WITH_UNIT (LENGTH_MEASURE( 1.000000000000000082E-05 ), #6759, 'distance_accuracy_value', 'NONE');
#9992 = AXIS2_PLACEMENT_3D ( 'NONE', #623, #10075, #10150 ) ;
#9993 = LINE ( 'NONE', #3732, #9874 ) ;
#9994 = CARTESIAN_POINT ( 'NONE',  ( 1.214999999999999858, 0.000000000000000000, 1.000000000000000000 ) ) ;
#9995 = ADVANCED_FACE ( 'NONE', ( #9460 ), #3079, .T. ) ;
#9996 = VECTOR ( 'NONE', #9923, 1000.000000000000000 ) ;
#9997 = DIRECTION ( 'NONE',  ( -0.000000000000000000, -1.000000000000000000, -0.000000000000000000 ) ) ;
#9998 = PLANE ( 'NONE',  #1768 ) ;
#9999 = ADVANCED_FACE ( 'NONE', ( #1077 ), #8080, .T. ) ;
#10001 = CIRCLE ( 'NONE', #3272, 0.7600000000000002309 ) ;
#10000 = CARTESIAN_POINT ( 'NONE',  ( 4.209999999999999076, 0.3499999999999999778, 0.1650000000000001188 ) ) ;
#10002 = CARTESIAN_POINT ( 'NONE',  ( -5.714999999999998970, 0.000000000000000000, -1.364399999999998947 ) ) ;
#10003 = CARTESIAN_POINT ( 'NONE',  ( 5.714999999999999858, 0.000000000000000000, -1.130299999999999194 ) ) ;
#10004 = CARTESIAN_POINT ( 'NONE',  ( -5.714999999999998970, -0.1000000000000000056, 0.09439999999999956759 ) ) ;
#10005 = VECTOR ( 'NONE', #12534, 1000.000000000000000 ) ;
#10006 = ORIENTED_EDGE ( 'NONE', *, *, #2001, .F. ) ;
#10007 = DIRECTION ( 'NONE',  ( 0.000000000000000000, 1.000000000000000000, 0.000000000000000000 ) ) ;
#10009 = CARTESIAN_POINT ( 'NONE',  ( -1.804840569576219966, 1.461042739161541926, -0.1873903151669689959 ) ) ;
#10008 = LINE ( 'NONE', #5656, #1412 ) ;
#10010 = EDGE_LOOP ( 'NONE', ( #11521, #7440, #10663, #11839 ) ) ;
#10011 = DIRECTION ( 'NONE',  ( 0.000000000000000000, 0.000000000000000000, 1.000000000000000000 ) ) ;
#10012 = CARTESIAN_POINT ( 'NONE',  ( 3.250000000000000000, 1.550000000000000044, -2.149999999999999911 ) ) ;
#10013 = VECTOR ( 'NONE', #6356, 1000.000000000000000 ) ;
#10014 = AXIS2_PLACEMENT_3D ( 'NONE', #10940, #1376, #501 ) ;
#10015 = FACE_OUTER_BOUND ( 'NONE', #2015, .T. ) ;
#10016 = EDGE_CURVE ( 'NONE', #11250, #12037, #9510, .T. ) ;
#10017 = DIRECTION ( 'NONE',  ( 0.000000000000000000, 1.000000000000000000, 0.000000000000000000 ) ) ;
#10018 = ADVANCED_FACE ( 'NONE', ( #5328 ), #4555, .F. ) ;
#10019 = VERTEX_POINT ( 'NONE', #2689 ) ;
#10020 = CARTESIAN_POINT ( 'NONE',  ( 3.250000000000000000, 1.550000000000000044, 1.199999999999999956 ) ) ;
#10021 = ADVANCED_FACE ( 'NONE', ( #1140 ), #12327, .F. ) ;
#10022 = DIRECTION ( 'NONE',  ( -0.000000000000000000, -1.000000000000000000, -0.000000000000000000 ) ) ;
#10023 = CARTESIAN_POINT ( 'NONE',  ( 0.8050000000000000488, 0.1000000000000000056, 1.000000000000000000 ) ) ;
#10024 = EDGE_CURVE ( 'NONE', #3411, #7723, #5347, .T. ) ;
#10025 = SURFACE_STYLE_USAGE ( .BOTH. , #10924 ) ;
#10026 = DIRECTION ( 'NONE',  ( -0.000000000000000000, 1.000000000000000000, -0.000000000000000000 ) ) ;
#10027 = DIRECTION ( 'NONE',  ( 0.000000000000000000, 1.000000000000000000, 0.000000000000000000 ) ) ;
#10028 = ORIENTED_EDGE ( 'NONE', *, *, #775, .T. ) ;
#10029 = VERTEX_POINT ( 'NONE', #9551 ) ;
#10030 = AXIS2_PLACEMENT_3D ( 'NONE', #8230, #12297, #7105 ) ;
#10031 = CIRCLE ( 'NONE', #4690, 0.4200000000000000400 ) ;
#10032 = VECTOR ( 'NONE', #4642, 1000.000000000000000 ) ;
#10033 = CARTESIAN_POINT ( 'NONE',  ( 1.864999999999999991, 0.2000000000000000111, -1.050000000000000044 ) ) ;
#10034 = EDGE_CURVE ( 'NONE', #5939, #10334, #9781, .T. ) ;
#10035 = AXIS2_PLACEMENT_3D ( 'NONE', #7792, #5959, #8661 ) ;
#10036 = FACE_OUTER_BOUND ( 'NONE', #8800, .T. ) ;
#10037 = AXIS2_PLACEMENT_3D ( 'NONE', #6058, #4982, #10881 ) ;
#10038 = DIRECTION ( 'NONE',  ( -1.016439536705159026E-15, 1.000000000000000000, 3.548879674468422491E-30 ) ) ;
#10039 = ADVANCED_FACE ( 'NONE', ( #1400 ), #12149, .F. ) ;
#10040 = ORIENTED_EDGE ( 'NONE', *, *, #4472, .F. ) ;
#10041 = VECTOR ( 'NONE', #9355, 1000.000000000000000 ) ;
#10042 = DIRECTION ( 'NONE',  ( -1.000000000000000000, 0.000000000000000000, 0.000000000000000000 ) ) ;
#10043 = CARTESIAN_POINT ( 'NONE',  ( 0.2049999999999999878, 0.1000000000000000056, 0.4000000000000000222 ) ) ;
#10044 = CARTESIAN_POINT ( 'NONE',  ( -0.8050000000000000488, 0.000000000000000000, 0.4000000000000000222 ) ) ;
#10045 = ORIENTED_EDGE ( 'NONE', *, *, #3449, .F. ) ;
#10046 = DIRECTION ( 'NONE',  ( 0.000000000000000000, 1.000000000000000000, 0.000000000000000000 ) ) ;
#10047 = DIRECTION ( 'NONE',  ( 0.000000000000000000, 1.000000000000000000, 0.000000000000000000 ) ) ;
#10048 = DIRECTION ( 'NONE',  ( 0.000000000000000000, 0.000000000000000000, -1.000000000000000000 ) ) ;
#10049 = EDGE_CURVE ( 'NONE', #6380, #8944, #1676, .T. ) ;
#10050 = DIRECTION ( 'NONE',  ( 4.517509052022940401E-16, 0.000000000000000000, -1.000000000000000000 ) ) ;
#10051 = PLANE ( 'NONE',  #8441 ) ;
#10052 = VECTOR ( 'NONE', #11903, 1000.000000000000000 ) ;
#10053 = EDGE_CURVE ( 'NONE', #367, #9804, #5892, .T. ) ;
#10054 = STYLED_ITEM ( 'NONE', ( #6560 ), #2019 ) ;
#10055 = DIRECTION ( 'NONE',  ( 0.000000000000000000, 0.000000000000000000, -1.000000000000000000 ) ) ;
#10056 = CARTESIAN_POINT ( 'NONE',  ( -1.814999999999999947, 0.000000000000000000, -0.4000000000000000222 ) ) ;
#10057 = EDGE_LOOP ( 'NONE', ( #11815, #7061, #11692, #11880 ) ) ;
#10058 = AXIS2_PLACEMENT_3D ( 'NONE', #11807, #241, #9984 ) ;
#10059 = CARTESIAN_POINT ( 'NONE',  ( 1.814999999999999947, 0.1000000000000000056, 0.4000000000000000222 ) ) ;
#10060 = DIRECTION ( 'NONE',  ( -0.000000000000000000, 1.000000000000000000, -0.000000000000000000 ) ) ;
#10061 = EDGE_CURVE ( 'NONE', #589, #2620, #5932, .T. ) ;
#10062 = VERTEX_POINT ( 'NONE', #5706 ) ;
#10063 = VECTOR ( 'NONE', #5140, 1000.000000000000000 ) ;
#10064 = ORIENTED_EDGE ( 'NONE', *, *, #11402, .F. ) ;
#10065 = EDGE_CURVE ( 'NONE', #635, #9562, #1556, .T. ) ;
#10066 = EDGE_CURVE ( 'NONE', #4602, #5048, #1362, .T. ) ;
#10067 = CARTESIAN_POINT ( 'NONE',  ( 6.350000000000001421, -1.570000000000000062, 8.130000000000000782 ) ) ;
#10068 = DIRECTION ( 'NONE',  ( 0.000000000000000000, 1.000000000000000000, 0.000000000000000000 ) ) ;
#10069 = FACE_OUTER_BOUND ( 'NONE', #429, .T. ) ;
#10070 = PLANE ( 'NONE',  #12596 ) ;
#10071 = EDGE_CURVE ( 'NONE', #745, #638, #9803, .T. ) ;
#10072 = DIRECTION ( 'NONE',  ( 0.000000000000000000, 0.000000000000000000, -1.000000000000000000 ) ) ;
#10074 = COLOUR_RGB ( '',0.7921568627450980005, 0.8196078431372548767, 0.9333333333333333481 ) ;
#10073 = CARTESIAN_POINT ( 'NONE',  ( 1.814999999999999947, 0.000000000000000000, 1.000000000000000000 ) ) ;
#10075 = DIRECTION ( 'NONE',  ( -1.000000000000000000, 0.000000000000000000, -0.000000000000000000 ) ) ;
#10076 = DIRECTION ( 'NONE',  ( 0.000000000000000000, 0.000000000000000000, -1.000000000000000000 ) ) ;
#10077 = DIRECTION ( 'NONE',  ( 0.000000000000000000, -0.000000000000000000, 1.000000000000000000 ) ) ;
#10078 = ORIENTED_EDGE ( 'NONE', *, *, #7229, .T. ) ;
#10080 = EDGE_CURVE ( 'NONE', #5435, #9345, #5640, .T. ) ;
#10079 = VECTOR ( 'NONE', #8741, 1000.000000000000000 ) ;
#10081 = AXIS2_PLACEMENT_3D ( 'NONE', #3075, #7635, #8684 ) ;
#10082 = ORIENTED_EDGE ( 'NONE', *, *, #2417, .T. ) ;
#10083 = EDGE_LOOP ( 'NONE', ( #11751, #3057, #3233, #11334 ) ) ;
#10084 = CARTESIAN_POINT ( 'NONE',  ( -1.570000000000000062, 0.5000000000000000000, -0.2850000000000003642 ) ) ;
#10085 = VERTEX_POINT ( 'NONE', #3437 ) ;
#10086 = DIRECTION ( 'NONE',  ( -1.000000000000000000, 0.000000000000000000, 0.000000000000000000 ) ) ;
#10087 = LINE ( 'NONE', #158, #1337 ) ;
#10088 = ADVANCED_FACE ( 'NONE', ( #10015 ), #12511, .T. ) ;
#10089 = PRESENTATION_STYLE_ASSIGNMENT (( #12420 ) ) ;
#10090 = ADVANCED_FACE ( 'NONE', ( #5712 ), #2772, .F. ) ;
#10091 = EDGE_CURVE ( 'NONE', #11637, #6234, #1339, .T. ) ;
#10092 = AXIS2_PLACEMENT_3D ( 'NONE', #10662, #11821, #76 ) ;
#10093 = ORIENTED_EDGE ( 'NONE', *, *, #12134, .F. ) ;
#10094 = FILL_AREA_STYLE ('',( #2658 ) ) ;
#10095 = CARTESIAN_POINT ( 'NONE',  ( 0.000000000000000000, 0.000000000000000000, 0.000000000000000000 ) ) ;
#10096 = DIRECTION ( 'NONE',  ( 1.016439536705159026E-15, -1.000000000000000000, -3.548879674468422491E-30 ) ) ;
#10097 = CARTESIAN_POINT ( 'NONE',  ( 6.350000000000001421, -3.719604614807106024, 8.890000000000000568 ) ) ;
#10098 = PLANE ( 'NONE',  #8280 ) ;
#10099 = COLOUR_RGB ( '',1.000000000000000000, 0.8117647058823529438, 0.5019607843137254832 ) ;
#10100 = CARTESIAN_POINT ( 'NONE',  ( -1.814999999999999947, 0.1000000000000000056, 1.000000000000000000 ) ) ;
#10101 = ORIENTED_EDGE ( 'NONE', *, *, #7942, .T. ) ;
#10102 = DIRECTION ( 'NONE',  ( -0.000000000000000000, 1.000000000000000000, -0.000000000000000000 ) ) ;
#10103 = PLANE ( 'NONE',  #4443 ) ;
#10104 = ORIENTED_EDGE ( 'NONE', *, *, #11025, .F. ) ;
#10105 = EDGE_LOOP ( 'NONE', ( #7834, #9346, #61, #7794 ) ) ;
#10106 = VECTOR ( 'NONE', #4403, 1000.000000000000000 ) ;
#10107 = EDGE_CURVE ( 'NONE', #11654, #9970, #9836, .T. ) ;
#10108 = FACE_OUTER_BOUND ( 'NONE', #8094, .T. ) ;
#10109 = CARTESIAN_POINT ( 'NONE',  ( 0.8699999999999997735, 0.03999999999999999389, -0.08499999999999968692 ) ) ;
#10110 = MECHANICAL_DESIGN_GEOMETRIC_PRESENTATION_REPRESENTATION (  '', ( #2031 ), #1079 ) ;
#10111 = ADVANCED_FACE ( 'NONE', ( #10108 ), #1740, .F. ) ;
#10112 = CLOSED_SHELL ( 'NONE', ( #12022, #9896, #9235, #2556, #463, #282 ) ) ;
#10113 = ADVANCED_FACE ( 'NONE', ( #5691 ), #7846, .F. ) ;
#10114 = FACE_OUTER_BOUND ( 'NONE', #4421, .T. ) ;
#10115 = FACE_OUTER_BOUND ( 'NONE', #7188, .T. ) ;
#10116 = VERTEX_POINT ( 'NONE', #11734 ) ;
#10117 = CARTESIAN_POINT ( 'NONE',  ( 4.359999999999997655, 0.3500000000000000333, -3.575000000000001954 ) ) ;
#10118 = EDGE_LOOP ( 'NONE', ( #7487, #5669, #1261, #2750 ) ) ;
#10119 = VECTOR ( 'NONE', #10409, 1000.000000000000000 ) ;
#10120 = CARTESIAN_POINT ( 'NONE',  ( 4.209999999999999076, 0.000000000000000000, -1.434999999999999831 ) ) ;
#10121 = DIRECTION ( 'NONE',  ( -1.122268564789513721E-16, 0.000000000000000000, -1.000000000000000000 ) ) ;
#10122 = DIRECTION ( 'NONE',  ( 0.000000000000000000, 1.000000000000000000, 0.000000000000000000 ) ) ;
#10123 = ORIENTED_EDGE ( 'NONE', *, *, #1837, .F. ) ;
#10124 = CARTESIAN_POINT ( 'NONE',  ( 5.714999999999999858, -1.519903165712366722, -0.9524999999999999023 ) ) ;
#10125 = CARTESIAN_POINT ( 'NONE',  ( 2.979883736647867654, 0.000000000000000000, -0.08499999999999989508 ) ) ;
#10126 = DIRECTION ( 'NONE',  ( 1.000000000000000000, 0.000000000000000000, -4.517509052022940401E-16 ) ) ;
#10127 = DIRECTION ( 'NONE',  ( 0.000000000000000000, 0.000000000000000000, -1.000000000000000000 ) ) ;
#10128 = DIRECTION ( 'NONE',  ( 0.000000000000000000, 0.000000000000000000, -1.000000000000000000 ) ) ;
#10129 = PRESENTATION_LAYER_ASSIGNMENT (  '', '', ( #931 ) ) ;
#10130 = DIRECTION ( 'NONE',  ( 0.000000000000000000, 0.000000000000000000, 1.000000000000000000 ) ) ;
#10131 = EDGE_CURVE ( 'NONE', #10968, #8715, #5785, .T. ) ;
#10132 = CARTESIAN_POINT ( 'NONE',  ( -0.8950000000000000178, 1.500000000000000000, 1.180000000000000160 ) ) ;
#10133 = EDGE_CURVE ( 'NONE', #12316, #6037, #1630, .T. ) ;
#10134 = UNCERTAINTY_MEASURE_WITH_UNIT (LENGTH_MEASURE( 1.000000000000000082E-05 ), #8631, 'distance_accuracy_value', 'NONE');
#10135 = CARTESIAN_POINT ( 'NONE',  ( 0.8699999999999997735, 0.3499999999999997002, -1.185000000000000053 ) ) ;
#10136 = EDGE_LOOP ( 'NONE', ( #9449, #563, #9287, #636 ) ) ;
#10137 = AXIS2_PLACEMENT_3D ( 'NONE', #1081, #40, #4973 ) ;
#10138 = FILL_AREA_STYLE_COLOUR ( '', #5494 ) ;
#10139 = VECTOR ( 'NONE', #5862, 1000.000000000000000 ) ;
#10140 = SURFACE_STYLE_FILL_AREA ( #3812 ) ;
#10141 = ORIENTED_EDGE ( 'NONE', *, *, #6861, .T. ) ;
#10142 = ORIENTED_EDGE ( 'NONE', *, *, #558, .F. ) ;
#10143 = ORIENTED_EDGE ( 'NONE', *, *, #1136, .F. ) ;
#10144 = CARTESIAN_POINT ( 'NONE',  ( 4.610000000000001208, 0.000000000000000000, -2.344883736647871419 ) ) ;
#10145 = CARTESIAN_POINT ( 'NONE',  ( -0.2049999999999999878, 0.000000000000000000, -0.4000000000000000222 ) ) ;
#10146 = LINE ( 'NONE', #12446, #6151 ) ;
#10147 = CARTESIAN_POINT ( 'NONE',  ( -7.619999999999999218, -1.570000000000000062, 10.15999999999999837 ) ) ;
#10148 = DIRECTION ( 'NONE',  ( -1.000000000000000000, 0.000000000000000000, 0.000000000000000000 ) ) ;
#10149 = DIRECTION ( 'NONE',  ( 3.226792180016387497E-17, 1.000000000000000000, -1.126628468085216871E-31 ) ) ;
#10150 = DIRECTION ( 'NONE',  ( -0.000000000000000000, 0.000000000000000000, 1.000000000000000000 ) ) ;
#10151 = CARTESIAN_POINT ( 'NONE',  ( -1.814999999999999947, 0.1000000000000000056, -0.4000000000000000222 ) ) ;
#10152 = CARTESIAN_POINT ( 'NONE',  ( -0.2049999999999999878, 0.000000000000000000, -1.000000000000000000 ) ) ;
#10153 = ORIENTED_EDGE ( 'NONE', *, *, #19, .F. ) ;
#10154 = CARTESIAN_POINT ( 'NONE',  ( 1.864999999999999991, 0.000000000000000000, -1.050000000000000044 ) ) ;
#10155 = CARTESIAN_POINT ( 'NONE',  ( -1.269999999999999352, 0.000000000000000000, 8.130000000000000782 ) ) ;
#10156 = LINE ( 'NONE', #12434, #5715 ) ;
#10157 = LINE ( 'NONE', #8560, #5981 ) ;
#10158 = ORIENTED_EDGE ( 'NONE', *, *, #10793, .F. ) ;
#10159 = ORIENTED_EDGE ( 'NONE', *, *, #12251, .F. ) ;
#10160 = PLANE ( 'NONE',  #12570 ) ;
#10162 = DIRECTION ( 'NONE',  ( 0.000000000000000000, 0.000000000000000000, 1.000000000000000000 ) ) ;
#10161 = LINE ( 'NONE', #12208, #5927 ) ;
#10163 = ADVANCED_FACE ( 'NONE', ( #5836 ), #1909, .T. ) ;
#10164 = VERTEX_POINT ( 'NONE', #6743 ) ;
#10165 = EDGE_CURVE ( 'NONE', #11248, #1947, #9978, .T. ) ;
#10166 = CARTESIAN_POINT ( 'NONE',  ( -1.430000000000000160, 1.500000000000000000, 0.3699999999999999956 ) ) ;
#10167 = FILL_AREA_STYLE ('',( #1426 ) ) ;
#10168 = EDGE_CURVE ( 'NONE', #3460, #3999, #1450, .T. ) ;
#10169 = AXIS2_PLACEMENT_3D ( 'NONE', #10317, #640, #2568 ) ;
#10170 = ORIENTED_EDGE ( 'NONE', *, *, #7489, .T. ) ;
#10171 = DIRECTION ( 'NONE',  ( 0.000000000000000000, 1.000000000000000000, 0.000000000000000000 ) ) ;
#10172 = CARTESIAN_POINT ( 'NONE',  ( 0.000000000000000000, 0.000000000000000000, 3.810000000000000053 ) ) ;
#10173 = CARTESIAN_POINT ( 'NONE',  ( 0.000000000000000000, -1.570000000000000062, 0.000000000000000000 ) ) ;
#10174 = CARTESIAN_POINT ( 'NONE',  ( 3.810000000000000941, 0.000000000000000000, 8.130000000000000782 ) ) ;
#10175 = CARTESIAN_POINT ( 'NONE',  ( 0.000000000000000000, 0.000000000000000000, 0.000000000000000000 ) ) ;
#10176 = CYLINDRICAL_SURFACE ( 'NONE', #545, 0.05000000000000012768 ) ;
#10177 = LINE ( 'NONE', #6678, #1777 ) ;
#10178 = DIRECTION ( 'NONE',  ( 0.000000000000000000, 1.000000000000000000, 0.000000000000000000 ) ) ;
#10179 = EDGE_LOOP ( 'NONE', ( #9771, #6033, #9785, #3724 ) ) ;
#10180 = CARTESIAN_POINT ( 'NONE',  ( 5.714999999999999858, -0.1000000000000000472, -1.765299999999999203 ) ) ;
#10181 = ORIENTED_EDGE ( 'NONE', *, *, #6711, .F. ) ;
#10182 = PRESENTATION_STYLE_ASSIGNMENT (( #736 ) ) ;
#10183 = VERTEX_POINT ( 'NONE', #6991 ) ;
#10184 = EDGE_CURVE ( 'NONE', #3424, #148, #9940, .T. ) ;
#10185 = EDGE_CURVE ( 'NONE', #11775, #4914, #1478, .T. ) ;
#10186 = AXIS2_PLACEMENT_3D ( 'NONE', #6417, #11466, #7395 ) ;
#10187 = ADVANCED_FACE ( 'NONE', ( #9958 ), #8897, .F. ) ;
#10188 = CARTESIAN_POINT ( 'NONE',  ( 4.209999999999999076, 0.3500000000000000333, -0.08499999999999986733 ) ) ;
#10189 = LINE ( 'NONE', #3042, #6223 ) ;
#10190 = ADVANCED_FACE ( 'NONE', ( #10069 ), #4916, .T. ) ;
#10191 = DIRECTION ( 'NONE',  ( 0.000000000000000000, 0.000000000000000000, 1.000000000000000000 ) ) ;
#10192 = AXIS2_PLACEMENT_3D ( 'NONE', #7825, #141, #4892 ) ;
#10193 = ORIENTED_EDGE ( 'NONE', *, *, #1277, .F. ) ;
#10194 = AXIS2_PLACEMENT_3D ( 'NONE', #6606, #7602, #11 ) ;
#10195 = VECTOR ( 'NONE', #10672, 1000.000000000000000 ) ;
#10196 = LINE ( 'NONE', #1215, #5826 ) ;
#10197 = ORIENTED_EDGE ( 'NONE', *, *, #8227, .T. ) ;
#10198 = DIRECTION ( 'NONE',  ( 0.000000000000000000, 1.000000000000000000, 0.000000000000000000 ) ) ;
#10199 = ORIENTED_EDGE ( 'NONE', *, *, #12011, .F. ) ;
#10200 = LINE ( 'NONE', #12573, #5885 ) ;
#10201 = DIRECTION ( 'NONE',  ( 1.000000000000000000, 0.000000000000000000, 4.517509052022940401E-16 ) ) ;
#10202 = CARTESIAN_POINT ( 'NONE',  ( -1.269999999999999352, -3.719604614807106024, 9.650000000000000355 ) ) ;
#10203 = VERTEX_POINT ( 'NONE', #7668 ) ;
#10204 = DIRECTION ( 'NONE',  ( -1.000000000000000000, 0.000000000000000000, -4.517509052022940401E-16 ) ) ;
#10205 = DIRECTION ( 'NONE',  ( 0.000000000000000000, -1.000000000000000000, 0.000000000000000000 ) ) ;
#10206 = CARTESIAN_POINT ( 'NONE',  ( 0.000000000000000000, 0.1000000000000000056, 0.000000000000000000 ) ) ;
#10207 = DIRECTION ( 'NONE',  ( 3.491481338843133355E-15, 0.000000000000000000, 1.000000000000000000 ) ) ;
#10208 = EDGE_CURVE ( 'NONE', #4042, #8769, #9877, .T. ) ;
#10209 = SURFACE_STYLE_USAGE ( .BOTH. , #6292 ) ;
#10210 = VECTOR ( 'NONE', #2549, 1000.000000000000000 ) ;
#10211 = DIRECTION ( 'NONE',  ( 3.491481338843133355E-15, 0.000000000000000000, 1.000000000000000000 ) ) ;
#10212 = EDGE_CURVE ( 'NONE', #8901, #3239, #1610, .T. ) ;
#10213 = PLANE ( 'NONE',  #2105 ) ;
#10214 = ORIENTED_EDGE ( 'NONE', *, *, #5967, .T. ) ;
#10215 = ADVANCED_FACE ( 'NONE', ( #5820 ), #5852, .T. ) ;
#10216 = EDGE_CURVE ( 'NONE', #7857, #5042, #5567, .T. ) ;
#10217 = SURFACE_SIDE_STYLE ('',( #1042 ) ) ;
#10218 = VECTOR ( 'NONE', #1041, 1000.000000000000000 ) ;
#10219 = PRESENTATION_STYLE_ASSIGNMENT (( #10537 ) ) ;
#10220 = DIRECTION ( 'NONE',  ( -1.000000000000000000, 0.000000000000000000, 0.000000000000000000 ) ) ;
#10221 = EDGE_LOOP ( 'NONE', ( #4514, #3976, #10396, #4582 ) ) ;
#10222 = ORIENTED_EDGE ( 'NONE', *, *, #6373, .T. ) ;
#10223 = FACE_OUTER_BOUND ( 'NONE', #2205, .T. ) ;
#10224 = ORIENTED_EDGE ( 'NONE', *, *, #5499, .F. ) ;
#10225 = LINE ( 'NONE', #3466, #10263 ) ;
#10226 = CARTESIAN_POINT ( 'NONE',  ( 3.810000000000000941, -1.570000000000000284, 8.130000000000000782 ) ) ;
#10227 = CARTESIAN_POINT ( 'NONE',  ( 0.8050000000000000488, 0.000000000000000000, -0.4000000000000000222 ) ) ;
#10228 = DIRECTION ( 'NONE',  ( 0.000000000000000000, 0.000000000000000000, 1.000000000000000000 ) ) ;
#10229 = CARTESIAN_POINT ( 'NONE',  ( 1.270000000000000240, -1.570000000000000062, 8.130000000000000782 ) ) ;
#10230 = PLANE ( 'NONE',  #8873 ) ;
#10231 = ORIENTED_EDGE ( 'NONE', *, *, #10131, .F. ) ;
#10232 = CARTESIAN_POINT ( 'NONE',  ( -0.8050000000000000488, 0.000000000000000000, 1.000000000000000000 ) ) ;
#10233 = DIRECTION ( 'NONE',  ( 1.000000000000000000, 0.000000000000000000, -1.162683294890621812E-16 ) ) ;
#10234 = VECTOR ( 'NONE', #1120, 1000.000000000000000 ) ;
#10235 = EDGE_CURVE ( 'NONE', #3853, #11870, #9761, .T. ) ;
#10236 = ORIENTED_EDGE ( 'NONE', *, *, #25, .F. ) ;
#10237 = ORIENTED_EDGE ( 'NONE', *, *, #4479, .T. ) ;
#10238 = EDGE_CURVE ( 'NONE', #7723, #9562, #1999, .T. ) ;
#10239 = DIRECTION ( 'NONE',  ( 0.000000000000000000, -0.000000000000000000, 1.000000000000000000 ) ) ;
#10240 =( GEOMETRIC_REPRESENTATION_CONTEXT ( 3 ) GLOBAL_UNCERTAINTY_ASSIGNED_CONTEXT ( ( #10134 ) ) GLOBAL_UNIT_ASSIGNED_CONTEXT ( ( #8631, #769, #7213 ) ) REPRESENTATION_CONTEXT ( 'NONE', 'WORKASPACE' ) );
#10241 = ORIENTED_EDGE ( 'NONE', *, *, #9666, .T. ) ;
#10242 = DIRECTION ( 'NONE',  ( -3.614007241618350250E-16, 0.000000000000000000, 1.000000000000000000 ) ) ;
#10243 = CARTESIAN_POINT ( 'NONE',  ( 2.350000000000000089, 0.2999999999999999889, 1.199999999999999956 ) ) ;
#10244 = VECTOR ( 'NONE', #3643, 1000.000000000000000 ) ;
#10245 = ORIENTED_EDGE ( 'NONE', *, *, #3490, .F. ) ;
#10246 = CARTESIAN_POINT ( 'NONE',  ( 3.299999999999999822, 0.2999999999999999889, 1.199999999999999956 ) ) ;
#10247 =( NAMED_UNIT ( * ) PLANE_ANGLE_UNIT ( ) SI_UNIT ( $, .RADIAN. ) );
#10248 = PLANE ( 'NONE',  #7670 ) ;
#10249 = CIRCLE ( 'NONE', #8879, 0.5100000000000000089 ) ;
#10250 = CARTESIAN_POINT ( 'NONE',  ( 3.050000000000002487, 0.3099999999999999978, -2.344883736647865646 ) ) ;
#10251 = DIRECTION ( 'NONE',  ( 0.000000000000000000, 0.000000000000000000, 1.000000000000000000 ) ) ;
#10252 =( GEOMETRIC_REPRESENTATION_CONTEXT ( 3 ) GLOBAL_UNCERTAINTY_ASSIGNED_CONTEXT ( ( #205 ) ) GLOBAL_UNIT_ASSIGNED_CONTEXT ( ( #8158, #11008, #12222 ) ) REPRESENTATION_CONTEXT ( 'NONE', 'WORKASPACE' ) );
#10253 = EDGE_LOOP ( 'NONE', ( #11140, #7143, #11296, #3368 ) ) ;
#10254 = EDGE_CURVE ( 'NONE', #8550, #12319, #10522, .T. ) ;
#10255 = DIRECTION ( 'NONE',  ( 0.000000000000000000, 1.000000000000000000, 0.000000000000000000 ) ) ;
#10256 = ORIENTED_EDGE ( 'NONE', *, *, #5398, .T. ) ;
#10257 = FACE_BOUND ( 'NONE', #742, .T. ) ;
#10258 = ADVANCED_FACE ( 'NONE', ( #10319 ), #11052, .T. ) ;
#10259 = VERTEX_POINT ( 'NONE', #8110 ) ;
#10260 = AXIS2_PLACEMENT_3D ( 'NONE', #11919, #10007, #1119 ) ;
#10261 = COLOUR_RGB ( '',0.7921568627450980005, 0.8196078431372548767, 0.9333333333333333481 ) ;
#10262 = DIRECTION ( 'NONE',  ( 0.000000000000000000, -1.000000000000000000, 0.000000000000000000 ) ) ;
#10263 = VECTOR ( 'NONE', #1708, 1000.000000000000000 ) ;
#10264 = PLANE ( 'NONE',  #4214 ) ;
#10265 = ORIENTED_EDGE ( 'NONE', *, *, #3151, .F. ) ;
#10266 = AXIS2_PLACEMENT_3D ( 'NONE', #10436, #6658, #7391 ) ;
#10267 = VECTOR ( 'NONE', #11132, 1000.000000000000000 ) ;
#10268 = ORIENTED_EDGE ( 'NONE', *, *, #4841, .F. ) ;
#10269 = PLANE ( 'NONE',  #6449 ) ;
#10270 = ORIENTED_EDGE ( 'NONE', *, *, #9066, .F. ) ;
#10271 = VECTOR ( 'NONE', #2491, 1000.000000000000000 ) ;
#10272 = DIRECTION ( 'NONE',  ( 0.000000000000000000, -1.000000000000000000, -0.000000000000000000 ) ) ;
#10273 = DIRECTION ( 'NONE',  ( -1.000000000000000000, -0.000000000000000000, -0.000000000000000000 ) ) ;
#10274 = CARTESIAN_POINT ( 'NONE',  ( -1.814999999999999947, 0.1000000000000000056, 0.4000000000000000222 ) ) ;
#10275 = VERTEX_POINT ( 'NONE', #10299 ) ;
#10276 = CARTESIAN_POINT ( 'NONE',  ( 6.985000000000000320, 0.000000000000000000, -0.9524999999999996803 ) ) ;
#10277 = DIRECTION ( 'NONE',  ( 0.000000000000000000, 0.000000000000000000, -1.000000000000000000 ) ) ;
#10278 = DIRECTION ( 'NONE',  ( 1.000000000000000000, -0.000000000000000000, -0.000000000000000000 ) ) ;
#10279 = DIRECTION ( 'NONE',  ( -1.000000000000000000, 0.000000000000000000, 0.000000000000000000 ) ) ;
#10280 = DIRECTION ( 'NONE',  ( -0.000000000000000000, 1.000000000000000000, -0.000000000000000000 ) ) ;
#10281 = DIRECTION ( 'NONE',  ( 0.000000000000000000, 0.000000000000000000, 1.000000000000000000 ) ) ;
#10282 = AXIS2_PLACEMENT_3D ( 'NONE', #1027, #9695, #10659 ) ;
#10283 = ADVANCED_FACE ( 'NONE', ( #6239 ), #12356, .T. ) ;
#10284 = LINE ( 'NONE', #10227, #10244 ) ;
#10285 = EDGE_CURVE ( 'NONE', #5048, #2840, #1889, .T. ) ;
#10286 = CARTESIAN_POINT ( 'NONE',  ( -6.984999999999999432, 0.000000000000000000, -0.5406000000000005246 ) ) ;
#10287 = ORIENTED_EDGE ( 'NONE', *, *, #1590, .F. ) ;
#10288 = CARTESIAN_POINT ( 'NONE',  ( 3.049999999999998046, 0.04000000000000000083, -3.574999999999997513 ) ) ;
#10289 = LINE ( 'NONE', #10527, #10309 ) ;
#10290 = CARTESIAN_POINT ( 'NONE',  ( -1.805769684305110090, 1.500000000000000000, -0.1876090199250475266 ) ) ;
#10291 = VERTEX_POINT ( 'NONE', #9238 ) ;
#10292 = EDGE_LOOP ( 'NONE', ( #11461, #1846, #3277, #5943 ) ) ;
#10293 = LINE ( 'NONE', #11876, #10063 ) ;
#10294 = ORIENTED_EDGE ( 'NONE', *, *, #9686, .F. ) ;
#10295 = DIRECTION ( 'NONE',  ( 0.000000000000000000, -1.084202172485506209E-15, 1.000000000000000000 ) ) ;
#10296 = CARTESIAN_POINT ( 'NONE',  ( 0.8050000000000000488, 0.1000000000000000056, 1.000000000000000000 ) ) ;
#10297 = VECTOR ( 'NONE', #1986, 1000.000000000000000 ) ;
#10298 = DIRECTION ( 'NONE',  ( 1.000000000000000000, 0.000000000000000000, 0.000000000000000000 ) ) ;
#10300 = FACE_OUTER_BOUND ( 'NONE', #5591, .T. ) ;
#10299 = CARTESIAN_POINT ( 'NONE',  ( 1.270000000000000018, 1.399999999999999911, 0.5500000000000000444 ) ) ;
#10301 = PLANE ( 'NONE',  #8321 ) ;
#10302 = DIRECTION ( 'NONE',  ( 0.000000000000000000, 1.000000000000000000, 0.000000000000000000 ) ) ;
#10303 = CARTESIAN_POINT ( 'NONE',  ( -1.805769684305110090, 1.399999999999999911, 0.1876090199250475266 ) ) ;
#10304 = DIRECTION ( 'NONE',  ( 0.000000000000000000, 0.000000000000000000, -1.000000000000000000 ) ) ;
#10305 = EDGE_CURVE ( 'NONE', #280, #9847, #1902, .T. ) ;
#10306 = ORIENTED_EDGE ( 'NONE', *, *, #5337, .F. ) ;
#10307 = DIRECTION ( 'NONE',  ( 0.000000000000000000, 0.000000000000000000, 1.000000000000000000 ) ) ;
#10308 = CARTESIAN_POINT ( 'NONE',  ( 0.8050000000000000488, 0.1000000000000000056, 1.000000000000000000 ) ) ;
#10309 = VECTOR ( 'NONE', #11650, 1000.000000000000000 ) ;
#10310 = FACE_OUTER_BOUND ( 'NONE', #7611, .T. ) ;
#10311 = ORIENTED_EDGE ( 'NONE', *, *, #2041, .T. ) ;
#10312 = AXIS2_PLACEMENT_3D ( 'NONE', #11826, #263, #9079 ) ;
#10313 = EDGE_CURVE ( 'NONE', #5251, #2259, #6111, .T. ) ;
#10314 = ORIENTED_EDGE ( 'NONE', *, *, #4697, .T. ) ;
#10315 = CARTESIAN_POINT ( 'NONE',  ( 1.270000000000000240, 0.000000000000000000, 8.890000000000000568 ) ) ;
#10316 = VERTEX_POINT ( 'NONE', #4492 ) ;
#10317 = CARTESIAN_POINT ( 'NONE',  ( 4.360000000000002096, 0.03999999999999999389, -2.344883736647870531 ) ) ;
#10318 = CARTESIAN_POINT ( 'NONE',  ( 6.985000000000000320, 0.000000000000000000, -0.9524999999999996803 ) ) ;
#10319 = FACE_OUTER_BOUND ( 'NONE', #2054, .T. ) ;
#10320 = EDGE_CURVE ( 'NONE', #5062, #11486, #6268, .T. ) ;
#10321 = ORIENTED_EDGE ( 'NONE', *, *, #3831, .T. ) ;
#10322 = CARTESIAN_POINT ( 'NONE',  ( 0.000000000000000000, 0.000000000000000000, 0.000000000000000000 ) ) ;
#10323 = CARTESIAN_POINT ( 'NONE',  ( 1.669999999999999929, 0.000000000000000000, 0.1650000000000003131 ) ) ;
#10324 = DIRECTION ( 'NONE',  ( 0.000000000000000000, 1.000000000000000000, 0.000000000000000000 ) ) ;
#10325 = DIRECTION ( 'NONE',  ( 0.000000000000000000, 0.000000000000000000, 1.000000000000000000 ) ) ;
#10326 = SURFACE_STYLE_FILL_AREA ( #7403 ) ;
#10327 = EDGE_CURVE ( 'NONE', #11554, #961, #10501, .T. ) ;
#10328 = LINE ( 'NONE', #184, #6191 ) ;
#10329 = DIRECTION ( 'NONE',  ( 3.614007241618350250E-16, 0.000000000000000000, -1.000000000000000000 ) ) ;
#10330 = DIRECTION ( 'NONE',  ( -0.000000000000000000, -0.000000000000000000, -1.000000000000000000 ) ) ;
#10331 = EDGE_LOOP ( 'NONE', ( #3660, #6317, #5983, #6125 ) ) ;
#10332 = CARTESIAN_POINT ( 'NONE',  ( 4.610000000000001208, 0.3499999999999999778, -2.344883736647871419 ) ) ;
#10333 = DIRECTION ( 'NONE',  ( 0.000000000000000000, 0.000000000000000000, 1.000000000000000000 ) ) ;
#10334 = VERTEX_POINT ( 'NONE', #12174 ) ;
#10335 = FACE_BOUND ( 'NONE', #6548, .T. ) ;
#10336 = EDGE_LOOP ( 'NONE', ( #4412, #8049, #3665, #10777 ) ) ;
#10337 = DIRECTION ( 'NONE',  ( -3.491481338843133355E-15, 0.000000000000000000, -1.000000000000000000 ) ) ;
#10338 = AXIS2_PLACEMENT_3D ( 'NONE', #3997, #8941, #10697 ) ;
#10339 = CARTESIAN_POINT ( 'NONE',  ( -1.570000000000000062, 0.5000000000000000000, -0.9849999999999993205 ) ) ;
#10340 = ORIENTED_EDGE ( 'NONE', *, *, #2560, .T. ) ;
#10341 = LINE ( 'NONE', #603, #6063 ) ;
#10343 = EDGE_CURVE ( 'NONE', #847, #4620, #6026, .T. ) ;
#10342 = VECTOR ( 'NONE', #4575, 1000.000000000000000 ) ;
#10344 = ORIENTED_EDGE ( 'NONE', *, *, #2734, .F. ) ;
#10345 =( NAMED_UNIT ( * ) PLANE_ANGLE_UNIT ( ) SI_UNIT ( $, .RADIAN. ) );
#10346 = ORIENTED_EDGE ( 'NONE', *, *, #1446, .F. ) ;
#10347 = CARTESIAN_POINT ( 'NONE',  ( 3.409999999999998810, 0.000000000000000000, 0.1650000000000001188 ) ) ;
#10348 = DIRECTION ( 'NONE',  ( 1.000000000000000000, 0.000000000000000000, 0.000000000000000000 ) ) ;
#10349 = DIRECTION ( 'NONE',  ( 1.000000000000000000, 0.000000000000000000, -4.517509052022940401E-16 ) ) ;
#10350 = ADVANCED_FACE ( 'NONE', ( #1824 ), #5428, .T. ) ;
#10351 = ORIENTED_EDGE ( 'NONE', *, *, #8700, .T. ) ;
#10352 = EDGE_CURVE ( 'NONE', #6954, #173, #6293, .T. ) ;
#10353 = DIRECTION ( 'NONE',  ( 0.000000000000000000, 0.000000000000000000, 1.000000000000000000 ) ) ;
#10354 = CARTESIAN_POINT ( 'NONE',  ( -4.410000000000001030, 0.5000000000000000000, -2.875000000000000000 ) ) ;
#10355 = PLANE ( 'NONE',  #5612 ) ;
#10356 = CARTESIAN_POINT ( 'NONE',  ( -6.349999999999999645, 0.000000000000000000, 8.890000000000000568 ) ) ;
#10357 = CARTESIAN_POINT ( 'NONE',  ( 3.260000000000001563, 0.3099999999999999978, -2.344883736647866534 ) ) ;
#10358 = EDGE_CURVE ( 'NONE', #10912, #8555, #2117, .T. ) ;
#10359 = EDGE_CURVE ( 'NONE', #918, #8942, #6309, .T. ) ;
#10360 = EDGE_CURVE ( 'NONE', #8901, #8011, #2040, .T. ) ;
#10361 = DIRECTION ( 'NONE',  ( 0.000000000000000000, 1.000000000000000000, -0.000000000000000000 ) ) ;
#10362 = VECTOR ( 'NONE', #12084, 1000.000000000000000 ) ;
#10363 = PRESENTATION_LAYER_ASSIGNMENT (  '', '', ( #9391 ) ) ;
#10364 = DIRECTION ( 'NONE',  ( 0.000000000000000000, 0.000000000000000000, 1.000000000000000000 ) ) ;
#10365 = CARTESIAN_POINT ( 'NONE',  ( 1.814999999999999947, 0.1000000000000000056, -0.4000000000000000222 ) ) ;
#10366 = ORIENTED_EDGE ( 'NONE', *, *, #9349, .F. ) ;
#10367 = CARTESIAN_POINT ( 'NONE',  ( -6.984999999999999432, -0.1000000000000000056, -0.5406000000000005246 ) ) ;
#10368 = FACE_OUTER_BOUND ( 'NONE', #12369, .T. ) ;
#10369 = CARTESIAN_POINT ( 'NONE',  ( -6.984999999999999432, 0.000000000000000000, -0.7293999999999991601 ) ) ;
#10370 = EDGE_LOOP ( 'NONE', ( #4470, #12471, #12181, #8332 ) ) ;
#10371 = AXIS2_PLACEMENT_3D ( 'NONE', #10175, #1516, #8416 ) ;
#10372 = EDGE_LOOP ( 'NONE', ( #5289, #5962, #9090, #4947 ) ) ;
#10373 = VECTOR ( 'NONE', #8592, 1000.000000000000000 ) ;
#10374 = VERTEX_POINT ( 'NONE', #6215 ) ;
#10375 = EDGE_CURVE ( 'NONE', #10914, #1501, #10225, .T. ) ;
#10376 = CARTESIAN_POINT ( 'NONE',  ( -3.299999999999999822, -1.092524565418897903E-16, 1.199999999999999956 ) ) ;
#10377 = ADVANCED_FACE ( 'NONE', ( #6134 ), #7233, .F. ) ;
#10378 = DIRECTION ( 'NONE',  ( 0.000000000000000000, 0.000000000000000000, -1.000000000000000000 ) ) ;
#10379 = VECTOR ( 'NONE', #709, 1000.000000000000000 ) ;
#10380 = DIRECTION ( 'NONE',  ( 0.000000000000000000, 0.000000000000000000, 1.000000000000000000 ) ) ;
#10381 = CARTESIAN_POINT ( 'NONE',  ( 4.360000000000001208, 0.3500000000000000333, -2.775000000000001688 ) ) ;
#10382 = ADVANCED_FACE ( 'NONE', ( #1978 ), #1963, .F. ) ;
#10383 = CARTESIAN_POINT ( 'NONE',  ( 3.260000000000001563, 0.03999999999999999389, -2.344883736647866534 ) ) ;
#10384 = CARTESIAN_POINT ( 'NONE',  ( 1.214999999999999858, 0.1000000000000000056, 0.4000000000000000222 ) ) ;
#10385 = DIRECTION ( 'NONE',  ( 1.000000000000000000, -0.000000000000000000, 0.000000000000000000 ) ) ;
#10386 = DIRECTION ( 'NONE',  ( 0.000000000000000000, -0.000000000000000000, -1.000000000000000000 ) ) ;
#10387 = EDGE_CURVE ( 'NONE', #4346, #12540, #10284, .T. ) ;
#10388 = AXIS2_PLACEMENT_3D ( 'NONE', #6765, #9865, #10685 ) ;
#10389 = CARTESIAN_POINT ( 'NONE',  ( 6.985000000000000320, 0.000000000000000000, -0.9524999999999996803 ) ) ;
#10390 = MANIFOLD_SOLID_BREP ( 'NONE', #11572 ) ;
#10391 = ORIENTED_EDGE ( 'NONE', *, *, #7662, .F. ) ;
#10392 = CARTESIAN_POINT ( 'NONE',  ( 7.620000000000000995, -1.570000000000000062, 10.15999999999999837 ) ) ;
#10393 = SURFACE_SIDE_STYLE ('',( #685 ) ) ;
#10394 = FACE_OUTER_BOUND ( 'NONE', #5960, .T. ) ;
#10395 = ORIENTED_EDGE ( 'NONE', *, *, #7489, .F. ) ;
#10396 = ORIENTED_EDGE ( 'NONE', *, *, #4962, .T. ) ;
#10398 = CARTESIAN_POINT ( 'NONE',  ( 3.260000000000000231, 0.3499999999999997002, -2.774999999999998135 ) ) ;
#10397 = FACE_BOUND ( 'NONE', #6481, .T. ) ;
#10399 = VERTEX_POINT ( 'NONE', #2793 ) ;
#10400 = MECHANICAL_DESIGN_GEOMETRIC_PRESENTATION_REPRESENTATION (  '', ( #2907 ), #8487 ) ;
#10401 = VECTOR ( 'NONE', #8386, 1000.000000000000000 ) ;
#10402 = AXIS2_PLACEMENT_3D ( 'NONE', #8946, #6038, #7980 ) ;
#10403 = AXIS2_PLACEMENT_3D ( 'NONE', #11313, #706, #12173 ) ;
#10404 = EDGE_LOOP ( 'NONE', ( #5662, #10424 ) ) ;
#10405 = CARTESIAN_POINT ( 'NONE',  ( 3.050000000000002487, 0.3099999999999999978, -2.344883736647865646 ) ) ;
#10406 =( GEOMETRIC_REPRESENTATION_CONTEXT ( 3 ) GLOBAL_UNCERTAINTY_ASSIGNED_CONTEXT ( ( #1179 ) ) GLOBAL_UNIT_ASSIGNED_CONTEXT ( ( #5261, #12268, #6143 ) ) REPRESENTATION_CONTEXT ( 'NONE', 'WORKASPACE' ) );
#10407 = CARTESIAN_POINT ( 'NONE',  ( 1.814999999999999947, 0.1000000000000000056, 1.000000000000000000 ) ) ;
#10408 = DIRECTION ( 'NONE',  ( -8.537024980200821325E-17, -0.000000000000000000, -1.000000000000000000 ) ) ;
#10409 = DIRECTION ( 'NONE',  ( 1.000000000000000000, 3.226792180016381951E-17, -3.491481338843133355E-15 ) ) ;
#10410 = LINE ( 'NONE', #6842, #1761 ) ;
#10411 = PLANE ( 'NONE',  #6712 ) ;
#10412 = CARTESIAN_POINT ( 'NONE',  ( -1.778654915153689897, 1.494803025212261938, 0.1811072303486520041 ) ) ;
#10413 = CARTESIAN_POINT ( 'NONE',  ( -0.8050000000000000488, 0.000000000000000000, -0.4000000000000000222 ) ) ;
#10414 = ORIENTED_EDGE ( 'NONE', *, *, #3151, .T. ) ;
#10415 = EDGE_CURVE ( 'NONE', #11808, #11550, #10146, .T. ) ;
#10416 = EDGE_LOOP ( 'NONE', ( #2751, #8000, #7217, #796 ) ) ;
#10417 = LINE ( 'NONE', #6386, #10119 ) ;
#10418 = ORIENTED_EDGE ( 'NONE', *, *, #4393, .T. ) ;
#10419 = LINE ( 'NONE', #9554, #10608 ) ;
#10420 = SHAPE_REPRESENTATION_RELATIONSHIP ( 'NONE' , 'NONE' ,  #2080, #7856 ) ;
#10422 = ORIENTED_EDGE ( 'NONE', *, *, #11098, .T. ) ;
#10421 = STYLED_ITEM ( 'NONE', ( #6972 ), #6800 ) ;
#10423 = CARTESIAN_POINT ( 'NONE',  ( 0.4398837366478682287, 0.3099999999999999978, -1.185000000000000053 ) ) ;
#10424 = ORIENTED_EDGE ( 'NONE', *, *, #12100, .T. ) ;
#10425 = VECTOR ( 'NONE', #10178, 1000.000000000000000 ) ;
#10426 = AXIS2_PLACEMENT_3D ( 'NONE', #12141, #4456, #3519 ) ;
#10427 = ORIENTED_EDGE ( 'NONE', *, *, #1456, .T. ) ;
#10428 = VERTEX_POINT ( 'NONE', #5800 ) ;
#10429 = LINE ( 'NONE', #5119, #6261 ) ;
#10430 = DIRECTION ( 'NONE',  ( -4.517509052022940401E-16, 0.000000000000000000, 1.000000000000000000 ) ) ;
#10431 = DIRECTION ( 'NONE',  ( 0.000000000000000000, 0.000000000000000000, -1.000000000000000000 ) ) ;
#10432 = DIRECTION ( 'NONE',  ( 0.000000000000000000, 0.000000000000000000, 1.000000000000000000 ) ) ;
#10433 = ORIENTED_EDGE ( 'NONE', *, *, #2177, .T. ) ;
#10434 = DIRECTION ( 'NONE',  ( 0.000000000000000000, 0.000000000000000000, 1.000000000000000000 ) ) ;
#10435 = DIRECTION ( 'NONE',  ( -1.000000000000000000, 0.000000000000000000, 0.000000000000000000 ) ) ;
#10436 = CARTESIAN_POINT ( 'NONE',  ( 0.000000000000000000, 0.000000000000000000, 0.000000000000000000 ) ) ;
#10437 = DIRECTION ( 'NONE',  ( 0.000000000000000000, 1.000000000000000000, 0.000000000000000000 ) ) ;
#10438 = ORIENTED_EDGE ( 'NONE', *, *, #10485, .F. ) ;
#10439 = DIRECTION ( 'NONE',  ( 0.000000000000000000, -3.226792180016381951E-17, -1.000000000000000000 ) ) ;
#10440 = LINE ( 'NONE', #3900, #1752 ) ;
#10441 = EDGE_CURVE ( 'NONE', #8601, #5213, #10457, .T. ) ;
#10442 = DIRECTION ( 'NONE',  ( 0.000000000000000000, 0.000000000000000000, 1.000000000000000000 ) ) ;
#10443 = CARTESIAN_POINT ( 'NONE',  ( 0.4398837366478682287, 0.03999999999999999389, -1.184999999999999831 ) ) ;
#10444 = PRESENTATION_LAYER_ASSIGNMENT (  '', '', ( #163 ) ) ;
#10445 = CARTESIAN_POINT ( 'NONE',  ( -1.214999999999999858, 0.000000000000000000, 0.4000000000000000222 ) ) ;
#10446 = VECTOR ( 'NONE', #6295, 1000.000000000000000 ) ;
#10447 = LINE ( 'NONE', #2037, #2046 ) ;
#10448 = DIRECTION ( 'NONE',  ( 1.000000000000000000, 0.000000000000000000, 0.000000000000000000 ) ) ;
#10449 = ORIENTED_EDGE ( 'NONE', *, *, #2871, .T. ) ;
#10450 = ORIENTED_EDGE ( 'NONE', *, *, #12480, .T. ) ;
#10451 = PRESENTATION_STYLE_ASSIGNMENT (( #2978 ) ) ;
#10452 = ADVANCED_FACE ( 'NONE', ( #6171 ), #3818, .F. ) ;
#10453 = ORIENTED_EDGE ( 'NONE', *, *, #2681, .F. ) ;
#10454 = PRESENTATION_STYLE_ASSIGNMENT (( #1620 ) ) ;
#10455 = ORIENTED_EDGE ( 'NONE', *, *, #11861, .F. ) ;
#10456 = EDGE_CURVE ( 'NONE', #214, #8901, #10189, .T. ) ;
#10457 = LINE ( 'NONE', #2867, #5968 ) ;
#10458 = DIRECTION ( 'NONE',  ( 0.000000000000000000, 1.000000000000000000, -0.000000000000000000 ) ) ;
#10459 = DIRECTION ( 'NONE',  ( 0.000000000000000000, 0.000000000000000000, -1.000000000000000000 ) ) ;
#10460 = DIRECTION ( 'NONE',  ( 0.000000000000000000, 0.000000000000000000, -1.000000000000000000 ) ) ;
#10461 = PLANE ( 'NONE',  #6167 ) ;
#10462 = CARTESIAN_POINT ( 'NONE',  ( 0.8699999999999997735, 0.3099999999999999978, -0.08499999999999961753 ) ) ;
#10463 = CARTESIAN_POINT ( 'NONE',  ( -5.714999999999998970, -0.1000000000000000056, -1.364399999999998947 ) ) ;
#10464 = CARTESIAN_POINT ( 'NONE',  ( 3.049999999999998046, 0.3099999999999999978, -3.574999999999997513 ) ) ;
#10465 = EDGE_CURVE ( 'NONE', #3712, #8790, #10440, .T. ) ;
#10466 = PLANE ( 'NONE',  #2830 ) ;
#10467 = AXIS2_PLACEMENT_3D ( 'NONE', #9124, #4467, #3263 ) ;
#10468 = VECTOR ( 'NONE', #2153, 1000.000000000000000 ) ;
#10469 = FACE_BOUND ( 'NONE', #9862, .T. ) ;
#10470 = ORIENTED_EDGE ( 'NONE', *, *, #2279, .T. ) ;
#10471 = ORIENTED_EDGE ( 'NONE', *, *, #8227, .F. ) ;
#10473 =( LENGTH_UNIT ( ) NAMED_UNIT ( * ) SI_UNIT ( .MILLI., .METRE. ) );
#10472 = VECTOR ( 'NONE', #9848, 1000.000000000000000 ) ;
#10474 = VERTEX_POINT ( 'NONE', #4943 ) ;
#10475 = AXIS2_PLACEMENT_3D ( 'NONE', #2292, #6353, #3282 ) ;
#10476 = DIRECTION ( 'NONE',  ( -3.491481338843133355E-15, 0.000000000000000000, -1.000000000000000000 ) ) ;
#10477 = CARTESIAN_POINT ( 'NONE',  ( -6.349999999999999645, -1.570000000000000062, 8.890000000000000568 ) ) ;
#10478 = ORIENTED_EDGE ( 'NONE', *, *, #10061, .F. ) ;
#10479 = DIRECTION ( 'NONE',  ( 0.000000000000000000, 1.000000000000000000, 0.000000000000000000 ) ) ;
#10480 =( GEOMETRIC_REPRESENTATION_CONTEXT ( 3 ) GLOBAL_UNCERTAINTY_ASSIGNED_CONTEXT ( ( #8767 ) ) GLOBAL_UNIT_ASSIGNED_CONTEXT ( ( #2534, #6511, #11125 ) ) REPRESENTATION_CONTEXT ( 'NONE', 'WORKASPACE' ) );
#10481 = ADVANCED_FACE ( 'NONE', ( #2057 ), #1773, .T. ) ;
#10482 = LINE ( 'NONE', #7872, #2079 ) ;
#10483 = ADVANCED_FACE ( 'NONE', ( #1793 ), #2950, .F. ) ;
#10484 = EDGE_CURVE ( 'NONE', #4602, #7016, #10482, .T. ) ;
#10485 = EDGE_CURVE ( 'NONE', #722, #10399, #6733, .T. ) ;
#10486 = PLANE ( 'NONE',  #8835 ) ;
#10487 = CARTESIAN_POINT ( 'NONE',  ( -0.2049999999999999878, 0.000000000000000000, -0.4000000000000000222 ) ) ;
#10488 = DIRECTION ( 'NONE',  ( -1.000000000000000000, 0.000000000000000000, 0.000000000000000000 ) ) ;
#10489 = CARTESIAN_POINT ( 'NONE',  ( -0.8050000000000000488, 0.000000000000000000, 0.4000000000000000222 ) ) ;
#10490 = LINE ( 'NONE', #12392, #10772 ) ;
#10491 = CARTESIAN_POINT ( 'NONE',  ( 6.350000000000001421, 0.000000000000000000, 8.890000000000000568 ) ) ;
#10492 =( LENGTH_UNIT ( ) NAMED_UNIT ( * ) SI_UNIT ( .MILLI., .METRE. ) );
#10493 = EDGE_CURVE ( 'NONE', #10548, #6868, #2368, .T. ) ;
#10494 = EDGE_LOOP ( 'NONE', ( #3417, #4445, #11246, #4517 ) ) ;
#10495 = EDGE_CURVE ( 'NONE', #7556, #3799, #10860, .T. ) ;
#10496 = ORIENTED_EDGE ( 'NONE', *, *, #10016, .F. ) ;
#10497 = ORIENTED_EDGE ( 'NONE', *, *, #66, .F. ) ;
#10498 = ORIENTED_EDGE ( 'NONE', *, *, #8987, .F. ) ;
#10499 = CARTESIAN_POINT ( 'NONE',  ( -6.984999999999999432, -0.1000000000000000056, -1.364399999999999169 ) ) ;
#10500 = STYLED_ITEM ( 'NONE', ( #2407 ), #4424 ) ;
#10501 = LINE ( 'NONE', #7415, #1811 ) ;
#10502 = EDGE_CURVE ( 'NONE', #9562, #4251, #10899, .T. ) ;
#10503 = EDGE_CURVE ( 'NONE', #998, #2624, #2503, .T. ) ;
#10504 = ADVANCED_FACE ( 'NONE', ( #2232 ), #5654, .F. ) ;
#10505 = EDGE_CURVE ( 'NONE', #8279, #500, #6387, .T. ) ;
#10506 = EDGE_CURVE ( 'NONE', #11446, #11112, #6613, .T. ) ;
#10507 = EDGE_CURVE ( 'NONE', #11272, #4567, #10823, .T. ) ;
#10508 = ORIENTED_EDGE ( 'NONE', *, *, #9929, .T. ) ;
#10509 = CARTESIAN_POINT ( 'NONE',  ( 0.4398837366478682287, 0.3499999999999999778, -1.434999999999999609 ) ) ;
#10510 = ORIENTED_EDGE ( 'NONE', *, *, #5238, .T. ) ;
#10511 = AXIS2_PLACEMENT_3D ( 'NONE', #910, #6462, #12290 ) ;
#10512 = FACE_OUTER_BOUND ( 'NONE', #1021, .T. ) ;
#10513 = DIRECTION ( 'NONE',  ( -0.000000000000000000, -1.000000000000000000, 0.000000000000000000 ) ) ;
#10514 = DIRECTION ( 'NONE',  ( -1.000000000000000000, 0.000000000000000000, -3.614007241618350250E-16 ) ) ;
#10515 = ORIENTED_EDGE ( 'NONE', *, *, #10741, .T. ) ;
#10516 = DIRECTION ( 'NONE',  ( 1.000000000000000000, 0.000000000000000000, 0.000000000000000000 ) ) ;
#10517 =( LENGTH_UNIT ( ) NAMED_UNIT ( * ) SI_UNIT ( .MILLI., .METRE. ) );
#10518 = LINE ( 'NONE', #1840, #2131 ) ;
#10519 = CARTESIAN_POINT ( 'NONE',  ( -3.250000000000000000, 0.2999999999999999889, 1.974323956622009879 ) ) ;
#10520 = ORIENTED_EDGE ( 'NONE', *, *, #2990, .T. ) ;
#10521 = DIRECTION ( 'NONE',  ( -1.000000000000000000, -3.226792180016381951E-17, 3.491481338843133355E-15 ) ) ;
#10522 = CIRCLE ( 'NONE', #4987, 0.7600000000000002309 ) ;
#10523 = PLANE ( 'NONE',  #11350 ) ;
#10524 = AXIS2_PLACEMENT_3D ( 'NONE', #1135, #193, #1220 ) ;
#10525 = DIRECTION ( 'NONE',  ( 0.000000000000000000, 1.000000000000000000, 0.000000000000000000 ) ) ;
#10526 = CARTESIAN_POINT ( 'NONE',  ( 3.409999999999998810, 0.03999999999999999389, -0.08499999999999989508 ) ) ;
#10527 = CARTESIAN_POINT ( 'NONE',  ( 2.979883736647867654, 0.3099999999999999978, -1.185000000000000275 ) ) ;
#10528 = CARTESIAN_POINT ( 'NONE',  ( 0.2049999999999999878, 0.000000000000000000, 0.4000000000000000222 ) ) ;
#10529 = EDGE_LOOP ( 'NONE', ( #7697, #12110, #11743, #8451 ) ) ;
#10530 = EDGE_CURVE ( 'NONE', #5998, #440, #6428, .T. ) ;
#10531 = VERTEX_POINT ( 'NONE', #11406 ) ;
#10532 = LINE ( 'NONE', #10044, #6588 ) ;
#10533 = EDGE_LOOP ( 'NONE', ( #7778, #6299 ) ) ;
#10534 = AXIS2_PLACEMENT_3D ( 'NONE', #6327, #7298, #7128 ) ;
#10535 = VECTOR ( 'NONE', #7304, 1000.000000000000000 ) ;
#10536 = ORIENTED_EDGE ( 'NONE', *, *, #1852, .T. ) ;
#10537 = SURFACE_STYLE_USAGE ( .BOTH. , #1051 ) ;
#10538 = PRESENTATION_STYLE_ASSIGNMENT (( #11139 ) ) ;
#10539 = CARTESIAN_POINT ( 'NONE',  ( 3.260000000000000231, 0.3499999999999997002, -2.774999999999998135 ) ) ;
#10540 = PLANE ( 'NONE',  #6159 ) ;
#10541 = CARTESIAN_POINT ( 'NONE',  ( 0.4398837366478682287, 0.3500000000000000333, -0.08499999999999965916 ) ) ;
#10542 = DIRECTION ( 'NONE',  ( 0.9902680687415703620, -0.1391731009600656321, 0.000000000000000000 ) ) ;
#10543 = DIRECTION ( 'NONE',  ( 0.000000000000000000, 0.000000000000000000, 1.000000000000000000 ) ) ;
#10544 = CARTESIAN_POINT ( 'NONE',  ( -1.214999999999999858, 0.000000000000000000, -0.4000000000000000222 ) ) ;
#10545 = DIRECTION ( 'NONE',  ( -0.000000000000000000, 0.000000000000000000, 1.000000000000000000 ) ) ;
#10546 = VECTOR ( 'NONE', #8210, 1000.000000000000000 ) ;
#10547 = LINE ( 'NONE', #1519, #2100 ) ;
#10548 = VERTEX_POINT ( 'NONE', #969 ) ;
#10549 = ORIENTED_EDGE ( 'NONE', *, *, #4786, .T. ) ;
#10550 = STYLED_ITEM ( 'NONE', ( #8010 ), #762 ) ;
#10552 = DIRECTION ( 'NONE',  ( 0.000000000000000000, -1.000000000000000000, 0.000000000000000000 ) ) ;
#10551 = VECTOR ( 'NONE', #4081, 1000.000000000000000 ) ;
#10553 = ADVANCED_FACE ( 'NONE', ( #6673 ), #2442, .T. ) ;
#10554 = EDGE_CURVE ( 'NONE', #3239, #2027, #6650, .T. ) ;
#10555 = EDGE_LOOP ( 'NONE', ( #12407, #4199, #8811, #262 ) ) ;
#10556 =( NAMED_UNIT ( * ) PLANE_ANGLE_UNIT ( ) SI_UNIT ( $, .RADIAN. ) );
#10557 = DIRECTION ( 'NONE',  ( 0.000000000000000000, -1.000000000000000000, 0.000000000000000000 ) ) ;
#10558 = ORIENTED_EDGE ( 'NONE', *, *, #8583, .T. ) ;
#10559 = CARTESIAN_POINT ( 'NONE',  ( 0.8050000000000000488, 0.1000000000000000056, 0.4000000000000000222 ) ) ;
#10560 = AXIS2_PLACEMENT_3D ( 'NONE', #9611, #261, #11452 ) ;
#10561 = LINE ( 'NONE', #11849, #2356 ) ;
#10562 = EDGE_CURVE ( 'NONE', #8556, #7657, #2196, .T. ) ;
#10563 = PLANE ( 'NONE',  #1651 ) ;
#10564 = CARTESIAN_POINT ( 'NONE',  ( -3.210000000000000409, 0.5000000000000000000, -2.875000000000000000 ) ) ;
#10565 = DIRECTION ( 'NONE',  ( -0.000000000000000000, -1.000000000000000000, -0.000000000000000000 ) ) ;
#10566 = DIRECTION ( 'NONE',  ( -0.000000000000000000, 1.000000000000000000, -0.000000000000000000 ) ) ;
#10567 = VECTOR ( 'NONE', #6048, 1000.000000000000227 ) ;
#10568 = DIRECTION ( 'NONE',  ( 0.000000000000000000, 0.000000000000000000, 1.000000000000000000 ) ) ;
#10569 = CARTESIAN_POINT ( 'NONE',  ( 0.2049999999999999878, 0.000000000000000000, -0.4000000000000000222 ) ) ;
#10570 = CARTESIAN_POINT ( 'NONE',  ( -1.814999999999999947, 0.000000000000000000, 1.000000000000000000 ) ) ;
#10571 = VERTEX_POINT ( 'NONE', #3494 ) ;
#10572 = PLANE ( 'NONE',  #2328 ) ;
#10573 = VERTEX_POINT ( 'NONE', #382 ) ;
#10574 = VECTOR ( 'NONE', #6939, 1000.000000000000000 ) ;
#10575 = ORIENTED_EDGE ( 'NONE', *, *, #5282, .T. ) ;
#10576 = CARTESIAN_POINT ( 'NONE',  ( 3.810000000000000941, -1.570000000000000062, 8.890000000000000568 ) ) ;
#10577 = ORIENTED_EDGE ( 'NONE', *, *, #5426, .F. ) ;
#10578 = ADVANCED_FACE ( 'NONE', ( #6755 ), #9269, .F. ) ;
#10579 = CARTESIAN_POINT ( 'NONE',  ( -3.809999999999999609, -1.570000000000000062, 9.650000000000000355 ) ) ;
#10580 = FACE_OUTER_BOUND ( 'NONE', #5747, .T. ) ;
#10581 = ADVANCED_FACE ( 'NONE', ( #10740 ), #12023, .F. ) ;
#10582 = FACE_OUTER_BOUND ( 'NONE', #7039, .T. ) ;
#10583 = VERTEX_POINT ( 'NONE', #9174 ) ;
#10584 = EDGE_CURVE ( 'NONE', #3438, #4609, #2271, .T. ) ;
#10585 = VERTEX_POINT ( 'NONE', #8224 ) ;
#10586 = FACE_OUTER_BOUND ( 'NONE', #3262, .T. ) ;
#10587 = DIRECTION ( 'NONE',  ( -1.000000000000000000, 0.000000000000000000, 0.000000000000000000 ) ) ;
#10588 = CARTESIAN_POINT ( 'NONE',  ( 1.214999999999999858, 0.000000000000000000, 1.000000000000000000 ) ) ;
#10589 = CARTESIAN_POINT ( 'NONE',  ( 0.8050000000000000488, 0.1000000000000000056, -1.000000000000000000 ) ) ;
#10590 = ORIENTED_EDGE ( 'NONE', *, *, #67, .T. ) ;
#10591 = CARTESIAN_POINT ( 'NONE',  ( -1.269999999999999352, -1.570000000000000284, 8.890000000000000568 ) ) ;
#10592 = PLANE ( 'NONE',  #1962 ) ;
#10593 = VERTEX_POINT ( 'NONE', #562 ) ;
#10594 = AXIS2_PLACEMENT_3D ( 'NONE', #485, #2329, #1521 ) ;
#10595 = LINE ( 'NONE', #7267, #10804 ) ;
#10596 = CARTESIAN_POINT ( 'NONE',  ( -3.809999999999999609, -1.570000000000000062, 8.130000000000000782 ) ) ;
#10597 = DIRECTION ( 'NONE',  ( 0.000000000000000000, 0.000000000000000000, -1.000000000000000000 ) ) ;
#10598 = FACE_OUTER_BOUND ( 'NONE', #11932, .T. ) ;
#10599 = EDGE_CURVE ( 'NONE', #12387, #2175, #6632, .T. ) ;
#10600 = LINE ( 'NONE', #5058, #2201 ) ;
#10601 = AXIS2_PLACEMENT_3D ( 'NONE', #7367, #3507, #10333 ) ;
#10602 = DIRECTION ( 'NONE',  ( 0.000000000000000000, 0.000000000000000000, 1.000000000000000000 ) ) ;
#10603 = ORIENTED_EDGE ( 'NONE', *, *, #11773, .T. ) ;
#10604 = ORIENTED_EDGE ( 'NONE', *, *, #9459, .F. ) ;
#10605 = FACE_OUTER_BOUND ( 'NONE', #12112, .T. ) ;
#10606 = ORIENTED_EDGE ( 'NONE', *, *, #3219, .T. ) ;
#10607 = AXIS2_PLACEMENT_3D ( 'NONE', #430, #8274, #1395 ) ;
#10608 = VECTOR ( 'NONE', #4918, 1000.000000000000000 ) ;
#10609 = VERTEX_POINT ( 'NONE', #9010 ) ;
#10610 = EDGE_CURVE ( 'NONE', #9873, #3712, #6346, .T. ) ;
#10611 = EDGE_CURVE ( 'NONE', #6760, #5368, #10561, .T. ) ;
#10612 = VECTOR ( 'NONE', #5367, 1000.000000000000000 ) ;
#10613 = CARTESIAN_POINT ( 'NONE',  ( 6.350000000000001421, -1.570000000000000284, 8.130000000000000782 ) ) ;
#10614 = CARTESIAN_POINT ( 'NONE',  ( 4.570000000000001172, 0.3099999999999999978, -2.775000000000002576 ) ) ;
#10615 = DIRECTION ( 'NONE',  ( 0.000000000000000000, -2.168404344971009115E-16, 1.000000000000000000 ) ) ;
#10616 =( LENGTH_UNIT ( ) NAMED_UNIT ( * ) SI_UNIT ( .MILLI., .METRE. ) );
#10617 = CARTESIAN_POINT ( 'NONE',  ( 1.214999999999999858, 0.1000000000000000056, 0.4000000000000000222 ) ) ;
#10618 = CARTESIAN_POINT ( 'NONE',  ( -1.430000000000000160, 1.500000000000000000, 0.000000000000000000 ) ) ;
#10619 =( LENGTH_UNIT ( ) NAMED_UNIT ( * ) SI_UNIT ( .MILLI., .METRE. ) );
#10620 = CIRCLE ( 'NONE', #9536, 0.7600000000000002309 ) ;
#10621 = MECHANICAL_DESIGN_GEOMETRIC_PRESENTATION_REPRESENTATION (  '', ( #6498 ), #6780 ) ;
#10622 = ORIENTED_EDGE ( 'NONE', *, *, #2557, .F. ) ;
#10623 = ORIENTED_EDGE ( 'NONE', *, *, #93, .T. ) ;
#10624 = DIRECTION ( 'NONE',  ( 0.000000000000000000, 1.000000000000000000, 0.000000000000000000 ) ) ;
#10625 = VERTEX_POINT ( 'NONE', #7100 ) ;
#10626 = EDGE_CURVE ( 'NONE', #3274, #10474, #10720, .T. ) ;
#10627 = DIRECTION ( 'NONE',  ( 0.000000000000000000, 0.000000000000000000, 1.000000000000000000 ) ) ;
#10628 = CONTEXT_DEPENDENT_SHAPE_REPRESENTATION ( #1087, #3957 ) ;
#10629 = VERTEX_POINT ( 'NONE', #1282 ) ;
#10630 = DIRECTION ( 'NONE',  ( 1.000000000000000000, 0.000000000000000000, -4.517509052022940401E-16 ) ) ;
#10631 = FACE_OUTER_BOUND ( 'NONE', #3397, .T. ) ;
#10632 = EDGE_CURVE ( 'NONE', #1947, #12613, #6464, .T. ) ;
#10633 = EDGE_CURVE ( 'NONE', #2027, #11684, #6596, .T. ) ;
#10634 = DIRECTION ( 'NONE',  ( 1.000000000000000000, 0.000000000000000000, 8.537024980200820092E-17 ) ) ;
#10635 = LINE ( 'NONE', #5457, #2162 ) ;
#10636 = CARTESIAN_POINT ( 'NONE',  ( -6.349999999999999645, -1.570000000000000284, 8.890000000000000568 ) ) ;
#10637 = DIRECTION ( 'NONE',  ( -0.000000000000000000, 3.226792180016381951E-17, 1.000000000000000000 ) ) ;
#10638 = CARTESIAN_POINT ( 'NONE',  ( 0.8050000000000000488, 0.1000000000000000056, 0.4000000000000000222 ) ) ;
#10639 = ORIENTED_EDGE ( 'NONE', *, *, #5071, .T. ) ;
#10640 = EDGE_LOOP ( 'NONE', ( #1065, #9214, #1244, #3140 ) ) ;
#10641 = ADVANCED_FACE ( 'NONE', ( #10631 ), #10646, .F. ) ;
#10642 = EDGE_LOOP ( 'NONE', ( #10510, #7918, #3874, #5333 ) ) ;
#10643 = DIRECTION ( 'NONE',  ( 0.000000000000000000, -1.000000000000000000, -0.000000000000000000 ) ) ;
#10644 = ORIENTED_EDGE ( 'NONE', *, *, #1906, .F. ) ;
#10645 = DIRECTION ( 'NONE',  ( 1.000000000000000000, 0.000000000000000000, 0.000000000000000000 ) ) ;
#10646 = CYLINDRICAL_SURFACE ( 'NONE', #897, 0.5100000000000000089 ) ;
#10647 = EDGE_CURVE ( 'NONE', #4042, #3785, #10704, .T. ) ;
#10648 = DIRECTION ( 'NONE',  ( 0.000000000000000000, 1.000000000000000000, 0.000000000000000000 ) ) ;
#10649 = DIRECTION ( 'NONE',  ( -0.000000000000000000, 1.000000000000000000, 2.168404344971009115E-16 ) ) ;
#10650 = EDGE_CURVE ( 'NONE', #7814, #2878, #10595, .T. ) ;
#10651 = AXIS2_PLACEMENT_3D ( 'NONE', #1104, #3005, #2916 ) ;
#10652 = VECTOR ( 'NONE', #6078, 1000.000000000000000 ) ;
#10653 = CIRCLE ( 'NONE', #7777, 0.7600000000000002309 ) ;
#10654 = EDGE_LOOP ( 'NONE', ( #6873, #6695, #6509, #4663 ) ) ;
#10655 = ORIENTED_EDGE ( 'NONE', *, *, #12394, .T. ) ;
#10656 = DIRECTION ( 'NONE',  ( -1.000000000000000000, 0.000000000000000000, 0.000000000000000000 ) ) ;
#10657 = DIRECTION ( 'NONE',  ( 1.000000000000000000, 0.000000000000000000, -1.100712865467517941E-16 ) ) ;
#10658 = EDGE_LOOP ( 'NONE', ( #9106, #8176, #8704, #242 ) ) ;
#10659 = DIRECTION ( 'NONE',  ( -1.000000000000000000, 0.000000000000000000, 0.000000000000000000 ) ) ;
#10660 =( NAMED_UNIT ( * ) PLANE_ANGLE_UNIT ( ) SI_UNIT ( $, .RADIAN. ) );
#10661 = CARTESIAN_POINT ( 'NONE',  ( -6.984999999999999432, -0.1000000000000000472, -1.364399999999999169 ) ) ;
#10662 = CARTESIAN_POINT ( 'NONE',  ( -6.984999999999999432, -1.519903165712366722, 0.09439999999999945657 ) ) ;
#10663 = ORIENTED_EDGE ( 'NONE', *, *, #7008, .F. ) ;
#10664 = ADVANCED_FACE ( 'NONE', ( #10580 ), #8136, .F. ) ;
#10665 = CARTESIAN_POINT ( 'NONE',  ( -4.159999999999998366, 0.5000000000000000000, -3.474999999999999645 ) ) ;
#10666 = FACE_BOUND ( 'NONE', #7703, .T. ) ;
#10667 = ADVANCED_FACE ( 'NONE', ( #6448, #10666 ), #9353, .F. ) ;
#10668 = CARTESIAN_POINT ( 'NONE',  ( 3.260000000000000231, -3.407492542097300425E-16, -2.774999999999998135 ) ) ;
#10669 = AXIS2_PLACEMENT_3D ( 'NONE', #2038, #10790, #4885 ) ;
#10670 = CARTESIAN_POINT ( 'NONE',  ( 3.409999999999998810, 0.3099999999999999978, 0.1650000000000001188 ) ) ;
#10671 = AXIS2_PLACEMENT_3D ( 'NONE', #6043, #6958, #4191 ) ;
#10672 = DIRECTION ( 'NONE',  ( -1.000000000000000000, 0.000000000000000000, -6.324512672832110842E-16 ) ) ;
#10673 = VECTOR ( 'NONE', #4955, 1000.000000000000000 ) ;
#10674 = LINE ( 'NONE', #9892, #6351 ) ;
#10675 = CARTESIAN_POINT ( 'NONE',  ( 0.8050000000000000488, 0.000000000000000000, 0.4000000000000000222 ) ) ;
#10676 = VERTEX_POINT ( 'NONE', #11079 ) ;
#10677 = ORIENTED_EDGE ( 'NONE', *, *, #11860, .T. ) ;
#10678 = VERTEX_POINT ( 'NONE', #8322 ) ;
#10679 = FACE_OUTER_BOUND ( 'NONE', #6950, .T. ) ;
#10680 = ORIENTED_EDGE ( 'NONE', *, *, #1741, .T. ) ;
#10681 = PRODUCT_RELATED_PRODUCT_CATEGORY ( 'part', '', ( #8020 ) ) ;
#10682 = LINE ( 'NONE', #10407, #2290 ) ;
#10683 = CARTESIAN_POINT ( 'NONE',  ( -3.809999999999999609, -1.570000000000000062, 9.650000000000000355 ) ) ;
#10684 = CARTESIAN_POINT ( 'NONE',  ( -1.269999999999999352, -1.570000000000000062, 8.130000000000000782 ) ) ;
#10685 = DIRECTION ( 'NONE',  ( 0.000000000000000000, 0.000000000000000000, 1.000000000000000000 ) ) ;
#10686 = CARTESIAN_POINT ( 'NONE',  ( -1.430000000000000160, 1.500000000000000000, 0.000000000000000000 ) ) ;
#10687 = CARTESIAN_POINT ( 'NONE',  ( 1.669999999999999929, -3.407492542097300425E-16, -1.184999999999999831 ) ) ;
#10688 = AXIS2_PLACEMENT_3D ( 'NONE', #6862, #2021, #8761 ) ;
#10689 =( LENGTH_UNIT ( ) NAMED_UNIT ( * ) SI_UNIT ( .MILLI., .METRE. ) );
#10690 = CARTESIAN_POINT ( 'NONE',  ( 5.714999999999999858, -0.1000000000000000056, -0.1397000000000006292 ) ) ;
#10691 = FACE_OUTER_BOUND ( 'NONE', #7511, .T. ) ;
#10692 = LINE ( 'NONE', #7015, #10425 ) ;
#10693 = AXIS2_PLACEMENT_3D ( 'NONE', #5801, #8837, #10615 ) ;
#10694 = VERTEX_POINT ( 'NONE', #1432 ) ;
#10695 = ORIENTED_EDGE ( 'NONE', *, *, #218, .F. ) ;
#10697 = DIRECTION ( 'NONE',  ( 0.000000000000000000, 0.000000000000000000, 1.000000000000000000 ) ) ;
#10696 = LINE ( 'NONE', #9671, #2053 ) ;
#10698 = ORIENTED_EDGE ( 'NONE', *, *, #3033, .F. ) ;
#10699 = EDGE_CURVE ( 'NONE', #10609, #9849, #10840, .T. ) ;
#10700 = CARTESIAN_POINT ( 'NONE',  ( -1.214999999999999858, 0.000000000000000000, -0.4000000000000000222 ) ) ;
#10701 = SHAPE_REPRESENTATION_RELATIONSHIP ( 'NONE' , 'NONE' ,  #10807, #955 ) ;
#10702 = EDGE_LOOP ( 'NONE', ( #2759, #11995, #11214, #5866 ) ) ;
#10703 = CARTESIAN_POINT ( 'NONE',  ( -5.714999999999998970, -0.1000000000000000056, -0.5406000000000004135 ) ) ;
#10704 = LINE ( 'NONE', #10843, #6554 ) ;
#10705 = DIRECTION ( 'NONE',  ( 0.000000000000000000, 0.000000000000000000, 1.000000000000000000 ) ) ;
#10706 = CARTESIAN_POINT ( 'NONE',  ( -1.570000000000000062, 0.5000000000000000000, -1.234999999999999876 ) ) ;
#10707 =( NAMED_UNIT ( * ) PLANE_ANGLE_UNIT ( ) SI_UNIT ( $, .RADIAN. ) );
#10708 = DIRECTION ( 'NONE',  ( 3.491481338843133355E-15, 0.000000000000000000, 1.000000000000000000 ) ) ;
#10709 = CYLINDRICAL_SURFACE ( 'NONE', #4328, 0.05000000000000002359 ) ;
#10710 = CARTESIAN_POINT ( 'NONE',  ( 2.979883736647867654, 0.3099999999999999978, -0.08499999999999982569 ) ) ;
#10711 = ORIENTED_EDGE ( 'NONE', *, *, #2304, .F. ) ;
#10712 = PLANE ( 'NONE',  #4025 ) ;
#10713 =( REPRESENTATION_RELATIONSHIP ('NONE','NONE', #1862, #12489 ) REPRESENTATION_RELATIONSHIP_WITH_TRANSFORMATION ( #10779 )SHAPE_REPRESENTATION_RELATIONSHIP( ) );
#10714 = VERTEX_POINT ( 'NONE', #3225 ) ;
#10715 = FACE_OUTER_BOUND ( 'NONE', #3604, .T. ) ;
#10716 = EDGE_LOOP ( 'NONE', ( #10711, #7704, #11501, #3696 ) ) ;
#10717 = ORIENTED_EDGE ( 'NONE', *, *, #3387, .T. ) ;
#10718 = ORIENTED_EDGE ( 'NONE', *, *, #542, .F. ) ;
#10719 = DIRECTION ( 'NONE',  ( -0.000000000000000000, -0.000000000000000000, 1.000000000000000000 ) ) ;
#10720 = LINE ( 'NONE', #287, #2210 ) ;
#10721 = PLANE ( 'NONE',  #8471 ) ;
#10722 = DIRECTION ( 'NONE',  ( 0.000000000000000000, 1.000000000000000000, 0.000000000000000000 ) ) ;
#10723 = VECTOR ( 'NONE', #3114, 1000.000000000000000 ) ;
#10724 = FACE_OUTER_BOUND ( 'NONE', #2455, .T. ) ;
#10725 = AXIS2_PLACEMENT_3D ( 'NONE', #1601, #7459, #7648 ) ;
#10726 = ORIENTED_EDGE ( 'NONE', *, *, #3092, .T. ) ;
#10727 = CARTESIAN_POINT ( 'NONE',  ( -0.2049999999999999878, 0.1000000000000000056, -0.4000000000000000222 ) ) ;
#10728 = VERTEX_POINT ( 'NONE', #4255 ) ;
#10729 = LINE ( 'NONE', #7724, #6438 ) ;
#10730 = DIRECTION ( 'NONE',  ( 0.000000000000000000, 0.000000000000000000, 1.000000000000000000 ) ) ;
#10731 = DIRECTION ( 'NONE',  ( 0.000000000000000000, 0.000000000000000000, -1.000000000000000000 ) ) ;
#10732 = ADVANCED_FACE ( 'NONE', ( #10938 ), #2889, .T. ) ;
#10733 = ORIENTED_EDGE ( 'NONE', *, *, #6952, .T. ) ;
#10734 = FILL_AREA_STYLE ('',( #257 ) ) ;
#10735 = DIRECTION ( 'NONE',  ( 0.000000000000000000, 0.000000000000000000, 1.000000000000000000 ) ) ;
#10736 = CARTESIAN_POINT ( 'NONE',  ( -1.269999999999999352, -1.570000000000000062, 8.890000000000000568 ) ) ;
#10737 = ORIENTED_EDGE ( 'NONE', *, *, #3993, .T. ) ;
#10738 = AXIS2_PLACEMENT_3D ( 'NONE', #7453, #7911, #11709 ) ;
#10739 = VERTEX_POINT ( 'NONE', #12386 ) ;
#10740 = FACE_OUTER_BOUND ( 'NONE', #7220, .T. ) ;
#10741 = EDGE_CURVE ( 'NONE', #11269, #4360, #10961, .T. ) ;
#10742 = MECHANICAL_DESIGN_GEOMETRIC_PRESENTATION_REPRESENTATION (  '', ( #7405 ), #6473 ) ;
#10743 = CARTESIAN_POINT ( 'NONE',  ( -1.269999999999999352, 0.000000000000000000, 8.890000000000000568 ) ) ;
#10744 = STYLED_ITEM ( 'NONE', ( #6684 ), #4627 ) ;
#10745 = CARTESIAN_POINT ( 'NONE',  ( -1.814999999999999947, 0.1000000000000000056, -0.4000000000000000222 ) ) ;
#10746 = LINE ( 'NONE', #8027, #10723 ) ;
#10747 = EDGE_CURVE ( 'NONE', #8630, #12259, #2176, .T. ) ;
#10748 = CARTESIAN_POINT ( 'NONE',  ( -5.714999999999998970, -0.1000000000000000472, -0.7293999999999989381 ) ) ;
#10749 = ORIENTED_EDGE ( 'NONE', *, *, #6321, .F. ) ;
#10750 = AXIS2_PLACEMENT_3D ( 'NONE', #4835, #3803, #10597 ) ;
#10751 = ORIENTED_EDGE ( 'NONE', *, *, #9582, .T. ) ;
#10752 = COLOUR_RGB ( '',0.7921568627450980005, 0.8196078431372548767, 0.9333333333333333481 ) ;
#10753 = VERTEX_POINT ( 'NONE', #7631 ) ;
#10754 = LINE ( 'NONE', #7485, #6361 ) ;
#10755 = EDGE_LOOP ( 'NONE', ( #3978, #1843, #3299, #10159 ) ) ;
#10756 = ORIENTED_EDGE ( 'NONE', *, *, #2396, .F. ) ;
#10757 =( NAMED_UNIT ( * ) SI_UNIT ( $, .STERADIAN. ) SOLID_ANGLE_UNIT ( ) );
#10758 = ADVANCED_FACE ( 'NONE', ( #6486 ), #5679, .T. ) ;
#10759 = VECTOR ( 'NONE', #5754, 1000.000000000000000 ) ;
#10760 = EDGE_CURVE ( 'NONE', #3369, #10739, #10682, .T. ) ;
#10761 = PLANE ( 'NONE',  #8006 ) ;
#10762 =( LENGTH_UNIT ( ) NAMED_UNIT ( * ) SI_UNIT ( .MILLI., .METRE. ) );
#10763 = ADVANCED_FACE ( 'NONE', ( #2316 ), #1658, .F. ) ;
#10764 =( LENGTH_UNIT ( ) NAMED_UNIT ( * ) SI_UNIT ( .MILLI., .METRE. ) );
#10765 = CARTESIAN_POINT ( 'NONE',  ( 1.270000000000000240, 0.000000000000000000, 8.890000000000000568 ) ) ;
#10766 = PLANE ( 'NONE',  #12071 ) ;
#10767 = DIRECTION ( 'NONE',  ( 1.000000000000000000, 0.000000000000000000, 0.000000000000000000 ) ) ;
#10768 = EDGE_CURVE ( 'NONE', #1588, #12223, #6538, .T. ) ;
#10769 = PLANE ( 'NONE',  #9634 ) ;
#10770 = EDGE_CURVE ( 'NONE', #1588, #7885, #2903, .T. ) ;
#10771 = LINE ( 'NONE', #2311, #1988 ) ;
#10772 = VECTOR ( 'NONE', #7270, 1000.000000000000000 ) ;
#10773 = EDGE_CURVE ( 'NONE', #4242, #11938, #2652, .T. ) ;
#10774 = ORIENTED_EDGE ( 'NONE', *, *, #9386, .F. ) ;
#10775 = VERTEX_POINT ( 'NONE', #8770 ) ;
#10776 = CARTESIAN_POINT ( 'NONE',  ( 5.714999999999999858, 0.000000000000000000, -1.765299999999999203 ) ) ;
#10777 = ORIENTED_EDGE ( 'NONE', *, *, #1424, .F. ) ;
#10778 = DIRECTION ( 'NONE',  ( -0.000000000000000000, 1.000000000000000000, -0.000000000000000000 ) ) ;
#10779 = ITEM_DEFINED_TRANSFORMATION ( 'NONE', 'NONE', #4377,  #1901 ) ;
#10780 = EDGE_LOOP ( 'NONE', ( #265, #4336, #9571, #11999 ) ) ;
#10781 = ORIENTED_EDGE ( 'NONE', *, *, #12538, .T. ) ;
#10782 = PLANE ( 'NONE',  #11618 ) ;
#10783 = ADVANCED_FACE ( 'NONE', ( #11389 ), #4789, .F. ) ;
#10784 = CARTESIAN_POINT ( 'NONE',  ( -0.8050000000000000488, 0.000000000000000000, -0.4000000000000000222 ) ) ;
#10785 = CARTESIAN_POINT ( 'NONE',  ( -4.410000000000001030, 0.000000000000000000, -2.875000000000000000 ) ) ;
#10786 = DIRECTION ( 'NONE',  ( 0.000000000000000000, 0.000000000000000000, -1.000000000000000000 ) ) ;
#10787 =( NAMED_UNIT ( * ) SI_UNIT ( $, .STERADIAN. ) SOLID_ANGLE_UNIT ( ) );
#10788 = CARTESIAN_POINT ( 'NONE',  ( 4.569999999999997620, 0.04000000000000000083, -3.575000000000002842 ) ) ;
#10789 = CARTESIAN_POINT ( 'NONE',  ( -4.159999999999998366, 1.421954445729287864, -3.474999999999999645 ) ) ;
#10790 = DIRECTION ( 'NONE',  ( 0.000000000000000000, -1.000000000000000000, 0.000000000000000000 ) ) ;
#10791 = EDGE_LOOP ( 'NONE', ( #4343, #529, #3921, #3890 ) ) ;
#10792 = CARTESIAN_POINT ( 'NONE',  ( -0.9700000000000001954, 0.000000000000000000, -0.2850000000000003642 ) ) ;
#10793 = EDGE_CURVE ( 'NONE', #7406, #8715, #2944, .T. ) ;
#10794 = ORIENTED_EDGE ( 'NONE', *, *, #807, .T. ) ;
#10795 = FACE_OUTER_BOUND ( 'NONE', #5906, .T. ) ;
#10796 = DIRECTION ( 'NONE',  ( 0.000000000000000000, -0.000000000000000000, 1.000000000000000000 ) ) ;
#10797 = ORIENTED_EDGE ( 'NONE', *, *, #9380, .F. ) ;
#10798 = EDGE_CURVE ( 'NONE', #5117, #7290, #7195, .T. ) ;
#10799 = AXIS2_PLACEMENT_3D ( 'NONE', #11604, #9595, #2578 ) ;
#10800 = DIRECTION ( 'NONE',  ( -1.000000000000000000, 0.000000000000000000, 0.000000000000000000 ) ) ;
#10801 = ORIENTED_EDGE ( 'NONE', *, *, #4924, .F. ) ;
#10802 = ORIENTED_EDGE ( 'NONE', *, *, #8749, .T. ) ;
#10803 = DIRECTION ( 'NONE',  ( -0.000000000000000000, 1.000000000000000000, -0.000000000000000000 ) ) ;
#10804 = VECTOR ( 'NONE', #6237, 1000.000000000000000 ) ;
#10805 = LINE ( 'NONE', #10668, #11097 ) ;
#10806 = CARTESIAN_POINT ( 'NONE',  ( -1.969999999999995532, 1.529289321881347696, -1.179999999999998384 ) ) ;
#10807 = SHAPE_REPRESENTATION ( 'APDS-9960_APDS-9960', ( #1901 ), #6571 ) ;
#10808 = VECTOR ( 'NONE', #6880, 1000.000000000000000 ) ;
#10809 = ORIENTED_EDGE ( 'NONE', *, *, #10184, .T. ) ;
#10810 = DIRECTION ( 'NONE',  ( 0.000000000000000000, 0.000000000000000000, 1.000000000000000000 ) ) ;
#10811 = ORIENTED_EDGE ( 'NONE', *, *, #2999, .F. ) ;
#10812 = EDGE_CURVE ( 'NONE', #2878, #8942, #7031, .T. ) ;
#10813 = CLOSED_SHELL ( 'NONE', ( #5743, #6283, #1925, #9057, #1218, #6130, #5379, #6968, #5277, #11987 ) ) ;
#10814 = PLANE ( 'NONE',  #7523 ) ;
#10815 = ITEM_DEFINED_TRANSFORMATION ( 'NONE', 'NONE', #1093,  #1901 ) ;
#10816 = EDGE_LOOP ( 'NONE', ( #6771, #1211, #5098, #11725 ) ) ;
#10817 = DIRECTION ( 'NONE',  ( 1.000000000000000000, 0.000000000000000000, 0.000000000000000000 ) ) ;
#10818 = MECHANICAL_DESIGN_GEOMETRIC_PRESENTATION_REPRESENTATION (  '', ( #7320 ), #11429 ) ;
#10819 = ORIENTED_EDGE ( 'NONE', *, *, #6452, .F. ) ;
#10820 = EDGE_CURVE ( 'NONE', #1550, #5042, #2591, .T. ) ;
#10821 = PRESENTATION_LAYER_ASSIGNMENT (  '', '', ( #270 ) ) ;
#10822 = PLANE ( 'NONE',  #10312 ) ;
#10823 = CIRCLE ( 'NONE', #94, 0.09999999999999982514 ) ;
#10824 = CARTESIAN_POINT ( 'NONE',  ( 0.8699999999999997735, 0.3500000000000000333, -0.08499999999999965916 ) ) ;
#10825 = CARTESIAN_POINT ( 'NONE',  ( 4.570000000000001172, 0.04000000000000000083, -2.775000000000002576 ) ) ;
#10826 = CARTESIAN_POINT ( 'NONE',  ( -1.768083721441995104, 1.498459926634194028, -0.1785032780870809965 ) ) ;
#10827 = VECTOR ( 'NONE', #10277, 1000.000000000000000 ) ;
#10828 = CARTESIAN_POINT ( 'NONE',  ( -3.809999999999999609, -1.570000000000000062, 8.890000000000000568 ) ) ;
#10829 = CARTESIAN_POINT ( 'NONE',  ( -3.809999999999999609, -1.570000000000000062, 8.130000000000000782 ) ) ;
#10830 = ORIENTED_EDGE ( 'NONE', *, *, #3652, .T. ) ;
#10831 = ORIENTED_EDGE ( 'NONE', *, *, #11535, .T. ) ;
#10832 = LINE ( 'NONE', #1222, #10551 ) ;
#10833 = ADVANCED_FACE ( 'NONE', ( #7146 ), #2864, .F. ) ;
#10834 = EDGE_LOOP ( 'NONE', ( #1746, #2427 ) ) ;
#10835 = ADVANCED_FACE ( 'NONE', ( #11414 ), #5603, .F. ) ;
#10836 = CONTEXT_DEPENDENT_SHAPE_REPRESENTATION ( #46, #11186 ) ;
#10837 = VERTEX_POINT ( 'NONE', #734 ) ;
#10838 = EDGE_LOOP ( 'NONE', ( #6287, #3769, #11786, #7716, #3723, #10590, #12291, #10515 ) ) ;
#10839 = CARTESIAN_POINT ( 'NONE',  ( -1.787840521931829851, 1.488742470162589981, 0.1833366596721389963 ) ) ;
#10840 = CIRCLE ( 'NONE', #6839, 0.7600000000000002309 ) ;
#10841 = CARTESIAN_POINT ( 'NONE',  ( 6.350000000000001421, -1.570000000000000062, 9.650000000000000355 ) ) ;
#10842 = AXIS2_PLACEMENT_3D ( 'NONE', #4912, #9548, #10435 ) ;
#10843 = CARTESIAN_POINT ( 'NONE',  ( -0.2049999999999999878, 0.000000000000000000, -0.4000000000000000222 ) ) ;
#10844 = PLANE ( 'NONE',  #1770 ) ;
#10845 = CARTESIAN_POINT ( 'NONE',  ( -1.835769684305115002, 1.399999999999999911, -0.1945532402683884943 ) ) ;
#10846 = FILL_AREA_STYLE_COLOUR ( '', #3714 ) ;
#10847 = CARTESIAN_POINT ( 'NONE',  ( 3.010000000000002451, 0.000000000000000000, -2.344883736647865646 ) ) ;
#10848 = CARTESIAN_POINT ( 'NONE',  ( -3.809999999999999609, -1.570000000000000062, 8.890000000000000568 ) ) ;
#10849 = UNCERTAINTY_MEASURE_WITH_UNIT (LENGTH_MEASURE( 1.000000000000000082E-05 ), #509, 'distance_accuracy_value', 'NONE');
#10850 = UNCERTAINTY_MEASURE_WITH_UNIT (LENGTH_MEASURE( 1.000000000000000082E-05 ), #3676, 'distance_accuracy_value', 'NONE');
#10851 = COLOUR_RGB ( '',1.000000000000000000, 0.8117647058823529438, 0.5019607843137254832 ) ;
#10852 = VERTEX_POINT ( 'NONE', #1734 ) ;
#10853 = FACE_OUTER_BOUND ( 'NONE', #11563, .T. ) ;
#10854 = VERTEX_POINT ( 'NONE', #3589 ) ;
#10855 = DIRECTION ( 'NONE',  ( -0.9902680687415703620, -0.1391731009600654378, 0.000000000000000000 ) ) ;
#10856 = SHAPE_DEFINITION_REPRESENTATION ( #8827, #2080 ) ;
#10857 = ORIENTED_EDGE ( 'NONE', *, *, #6452, .T. ) ;
#10858 = VERTEX_POINT ( 'NONE', #8590 ) ;
#10859 = ADVANCED_FACE ( 'NONE', ( #2774 ), #9522, .T. ) ;
#10860 = LINE ( 'NONE', #8930, #6697 ) ;
#10861 = ADVANCED_FACE ( 'NONE', ( #2670 ), #7063, .F. ) ;
#10862 = CARTESIAN_POINT ( 'NONE',  ( 0.8699999999999997735, 0.3499999999999999778, 0.1650000000000003131 ) ) ;
#10863 = DIRECTION ( 'NONE',  ( 0.000000000000000000, 0.000000000000000000, 1.000000000000000000 ) ) ;
#10864 = CARTESIAN_POINT ( 'NONE',  ( 3.299999999999999822, 0.3499999999999999778, 1.199999999999999956 ) ) ;
#10865 = CARTESIAN_POINT ( 'NONE',  ( 3.409999999999998810, 0.3499999999999997002, -1.185000000000000275 ) ) ;
#10866 =( LENGTH_UNIT ( ) NAMED_UNIT ( * ) SI_UNIT ( .MILLI., .METRE. ) );
#10867 = DIRECTION ( 'NONE',  ( 0.000000000000000000, 0.000000000000000000, 1.000000000000000000 ) ) ;
#10868 = DIRECTION ( 'NONE',  ( 0.000000000000000000, 0.000000000000000000, 1.000000000000000000 ) ) ;
#10869 = CARTESIAN_POINT ( 'NONE',  ( 5.714999999999999858, -1.519903165712366722, -1.765299999999999203 ) ) ;
#10870 = EDGE_LOOP ( 'NONE', ( #547, #7858, #9258, #6335 ) ) ;
#10871 = DIRECTION ( 'NONE',  ( -0.000000000000000000, 1.000000000000000000, 3.226792180016387497E-17 ) ) ;
#10872 = VECTOR ( 'NONE', #7212, 1000.000000000000000 ) ;
#10873 = VECTOR ( 'NONE', #12180, 1000.000000000000000 ) ;
#10874 = CARTESIAN_POINT ( 'NONE',  ( 2.979883736647867654, 0.04000000000000000083, -1.394999999999999796 ) ) ;
#10875 = CLOSED_SHELL ( 'NONE', ( #8063, #1511, #1320, #6451, #5854, #7282, #7852, #9669, #2634, #2659 ) ) ;
#10876 = AXIS2_PLACEMENT_3D ( 'NONE', #8660, #9653, #10543 ) ;
#10877 = DIRECTION ( 'NONE',  ( 1.000000000000000000, 0.000000000000000000, -3.491481338843133355E-15 ) ) ;
#10878 = ORIENTED_EDGE ( 'NONE', *, *, #5731, .F. ) ;
#10879 = EDGE_LOOP ( 'NONE', ( #2984, #11425, #8826, #3636 ) ) ;
#10880 = EDGE_CURVE ( 'NONE', #7684, #8314, #7127, .T. ) ;
#10881 = DIRECTION ( 'NONE',  ( 0.000000000000000000, 0.000000000000000000, -1.000000000000000000 ) ) ;
#10882 = VECTOR ( 'NONE', #6848, 1000.000000000000000 ) ;
#10883 = DIRECTION ( 'NONE',  ( 0.000000000000000000, 1.000000000000000000, 0.000000000000000000 ) ) ;
#10884 = AXIS2_PLACEMENT_3D ( 'NONE', #3195, #8104, #11900 ) ;
#10885 = CYLINDRICAL_SURFACE ( 'NONE', #10338, 0.7600000000000002309 ) ;
#10887 = EDGE_CURVE ( 'NONE', #12421, #978, #2752, .T. ) ;
#10886 = LINE ( 'NONE', #1383, #11239 ) ;
#10888 = ORIENTED_EDGE ( 'NONE', *, *, #7013, .F. ) ;
#10889 = PLANE ( 'NONE',  #2616 ) ;
#10890 = ORIENTED_EDGE ( 'NONE', *, *, #556, .T. ) ;
#10891 = FACE_OUTER_BOUND ( 'NONE', #7198, .T. ) ;
#10892 = AXIS2_PLACEMENT_3D ( 'NONE', #3170, #9384, #1617 ) ;
#10893 = EDGE_LOOP ( 'NONE', ( #5205, #10955, #2307, #8822 ) ) ;
#10894 = CARTESIAN_POINT ( 'NONE',  ( 6.350000000000001421, -1.570000000000000284, 9.400000000000000355 ) ) ;
#10895 = CARTESIAN_POINT ( 'NONE',  ( 0.2049999999999999878, 0.1000000000000000056, 0.4000000000000000222 ) ) ;
#10896 = VERTEX_POINT ( 'NONE', #10706 ) ;
#10897 = SURFACE_STYLE_USAGE ( .BOTH. , #11054 ) ;
#10898 = ORIENTED_EDGE ( 'NONE', *, *, #1164, .F. ) ;
#10899 = LINE ( 'NONE', #190, #2523 ) ;
#10900 = CARTESIAN_POINT ( 'NONE',  ( -1.214999999999999858, 0.1000000000000000056, -0.4000000000000000222 ) ) ;
#10901 = CARTESIAN_POINT ( 'NONE',  ( -3.809999999999999609, -3.719604614807106024, 9.400000000000002132 ) ) ;
#10902 = VECTOR ( 'NONE', #11680, 1000.000000000000000 ) ;
#10903 = FACE_OUTER_BOUND ( 'NONE', #5385, .T. ) ;
#10904 = PLANE ( 'NONE',  #5549 ) ;
#10905 = CARTESIAN_POINT ( 'NONE',  ( -3.649999999999999911, 1.550000000000000044, 2.149999999999999911 ) ) ;
#10906 = ORIENTED_EDGE ( 'NONE', *, *, #9338, .T. ) ;
#10907 = EDGE_CURVE ( 'NONE', #10854, #1688, #2969, .T. ) ;
#10908 = VECTOR ( 'NONE', #3461, 1000.000000000000000 ) ;
#10909 = VECTOR ( 'NONE', #4235, 1000.000000000000000 ) ;
#10910 = VERTEX_POINT ( 'NONE', #6791 ) ;
#10911 = ITEM_DEFINED_TRANSFORMATION ( 'NONE', 'NONE', #4209,  #1901 ) ;
#10912 = VERTEX_POINT ( 'NONE', #3161 ) ;
#10913 = EDGE_CURVE ( 'NONE', #7538, #4251, #2690, .T. ) ;
#10914 = VERTEX_POINT ( 'NONE', #1158 ) ;
#10915 = PLANE ( 'NONE',  #5470 ) ;
#10916 = EDGE_CURVE ( 'NONE', #5368, #8944, #7011, .T. ) ;
#10917 = VECTOR ( 'NONE', #10096, 1000.000000000000000 ) ;
#10918 = LINE ( 'NONE', #6334, #6900 ) ;
#10919 = CARTESIAN_POINT ( 'NONE',  ( 3.409999999999998810, 0.000000000000000000, -0.08499999999999989508 ) ) ;
#10920 = SURFACE_SIDE_STYLE ('',( #2263 ) ) ;
#10921 = CARTESIAN_POINT ( 'NONE',  ( -3.432161706211294572, 3.100000000000000089, 1.932161706211294794 ) ) ;
#10922 = CARTESIAN_POINT ( 'NONE',  ( 3.409999999999998810, 0.03999999999999999389, -0.08499999999999989508 ) ) ;
#10923 = CARTESIAN_POINT ( 'NONE',  ( -1.755769684305115153, 1.500000000000000000, 0.1876090199250475266 ) ) ;
#10924 = SURFACE_SIDE_STYLE ('',( #7866 ) ) ;
#10925 = AXIS2_PLACEMENT_3D ( 'NONE', #8890, #11728, #2765 ) ;
#10926 = DIRECTION ( 'NONE',  ( 0.000000000000000000, 0.000000000000000000, 1.000000000000000000 ) ) ;
#10927 = VECTOR ( 'NONE', #7616, 1000.000000000000000 ) ;
#10928 = FACE_OUTER_BOUND ( 'NONE', #9557, .T. ) ;
#10929 = ORIENTED_EDGE ( 'NONE', *, *, #2603, .F. ) ;
#10930 = LINE ( 'NONE', #8449, #10872 ) ;
#10931 = ADVANCED_FACE ( 'NONE', ( #2847 ), #3069, .F. ) ;
#10932 = ORIENTED_EDGE ( 'NONE', *, *, #10235, .T. ) ;
#10933 = ADVANCED_FACE ( 'NONE', ( #7046 ), #7044, .F. ) ;
#10934 = DIRECTION ( 'NONE',  ( 1.000000000000000000, 0.000000000000000000, 1.707404996040164018E-16 ) ) ;
#10935 = PRESENTATION_STYLE_ASSIGNMENT (( #8134 ) ) ;
#10936 = ORIENTED_EDGE ( 'NONE', *, *, #7644, .F. ) ;
#10937 = ORIENTED_EDGE ( 'NONE', *, *, #401, .F. ) ;
#10938 = FACE_OUTER_BOUND ( 'NONE', #12500, .T. ) ;
#10939 = EDGE_CURVE ( 'NONE', #11072, #3580, #11251, .T. ) ;
#10940 = CARTESIAN_POINT ( 'NONE',  ( -1.430000000000000160, 1.399999999999999911, 0.000000000000000000 ) ) ;
#10941 = EDGE_CURVE ( 'NONE', #6319, #4061, #6878, .T. ) ;
#10942 = AXIS2_PLACEMENT_3D ( 'NONE', #11288, #9301, #3791 ) ;
#10943 = CARTESIAN_POINT ( 'NONE',  ( -0.8050000000000000488, 0.1000000000000000056, 0.4000000000000000222 ) ) ;
#10944 = DIRECTION ( 'NONE',  ( -1.000000000000000000, 0.000000000000000000, 0.000000000000000000 ) ) ;
#10945 = FACE_OUTER_BOUND ( 'NONE', #9609, .T. ) ;
#10946 = SURFACE_STYLE_FILL_AREA ( #11962 ) ;
#10947 = FILL_AREA_STYLE_COLOUR ( '', #11520 ) ;
#10948 = FILL_AREA_STYLE_COLOUR ( '', #10851 ) ;
#10949 = CARTESIAN_POINT ( 'NONE',  ( -5.714999999999998970, -0.1000000000000000472, 0.09439999999999956759 ) ) ;
#10950 = ORIENTED_EDGE ( 'NONE', *, *, #7272, .T. ) ;
#10951 = DIRECTION ( 'NONE',  ( 1.000000000000000000, 0.000000000000000000, 0.000000000000000000 ) ) ;
#10952 = EDGE_LOOP ( 'NONE', ( #9128, #9404, #6187, #9368 ) ) ;
#10953 = VECTOR ( 'NONE', #9055, 1000.000000000000000 ) ;
#10954 = SURFACE_STYLE_USAGE ( .BOTH. , #8084 ) ;
#10955 = ORIENTED_EDGE ( 'NONE', *, *, #3525, .T. ) ;
#10956 = CARTESIAN_POINT ( 'NONE',  ( 3.074323956622009746, 0.2999999999999999889, -2.149999999999999911 ) ) ;
#10957 = VERTEX_POINT ( 'NONE', #4101 ) ;
#10958 = ORIENTED_EDGE ( 'NONE', *, *, #11069, .F. ) ;
#10959 = PRODUCT_RELATED_PRODUCT_CATEGORY ( 'part', '', ( #3018 ) ) ;
#10960 = CARTESIAN_POINT ( 'NONE',  ( -6.984999999999999432, 0.000000000000000000, -1.364399999999999169 ) ) ;
#10961 = LINE ( 'NONE', #3674, #10759 ) ;
#10962 = ADVANCED_FACE ( 'NONE', ( #11076 ), #8956, .T. ) ;
#10963 = AXIS2_PLACEMENT_3D ( 'NONE', #11947, #10191, #3059 ) ;
#10964 = EDGE_CURVE ( 'NONE', #5985, #9002, #11273, .T. ) ;
#10965 = FACE_OUTER_BOUND ( 'NONE', #2909, .T. ) ;
#10966 = MECHANICAL_DESIGN_GEOMETRIC_PRESENTATION_REPRESENTATION (  '', ( #5751 ), #1364 ) ;
#10967 = AXIS2_PLACEMENT_3D ( 'NONE', #1357, #8225, #2166 ) ;
#10968 = VERTEX_POINT ( 'NONE', #9114 ) ;
#10969 = ORIENTED_EDGE ( 'NONE', *, *, #11504, .T. ) ;
#10970 = CARTESIAN_POINT ( 'NONE',  ( 1.270000000000000240, -3.719604614807106024, 9.400000000000000355 ) ) ;
#10971 = EDGE_LOOP ( 'NONE', ( #11781, #8859, #6649, #64 ) ) ;
#10972 = CARTESIAN_POINT ( 'NONE',  ( -5.714999999999998970, -0.1000000000000000056, 0.09439999999999956759 ) ) ;
#10973 = CARTESIAN_POINT ( 'NONE',  ( -1.214999999999999858, 0.000000000000000000, -0.4000000000000000222 ) ) ;
#10974 = DIRECTION ( 'NONE',  ( 1.000000000000000000, 0.000000000000000000, 0.000000000000000000 ) ) ;
#10975 = ORIENTED_EDGE ( 'NONE', *, *, #10820, .F. ) ;
#10976 = ORIENTED_EDGE ( 'NONE', *, *, #10493, .T. ) ;
#10977 = CARTESIAN_POINT ( 'NONE',  ( -0.2049999999999999878, 0.000000000000000000, -1.000000000000000000 ) ) ;
#10978 = PRESENTATION_LAYER_ASSIGNMENT (  '', '', ( #2935 ) ) ;
#10979 = PLANE ( 'NONE',  #3638 ) ;
#10980 = DIRECTION ( 'NONE',  ( 0.000000000000000000, 0.000000000000000000, -1.000000000000000000 ) ) ;
#10981 = ADVANCED_FACE ( 'NONE', ( #2708 ), #5972, .F. ) ;
#10982 = FACE_OUTER_BOUND ( 'NONE', #10416, .T. ) ;
#10983 = FACE_OUTER_BOUND ( 'NONE', #11202, .T. ) ;
#10984 = DIRECTION ( 'NONE',  ( 0.000000000000000000, 0.000000000000000000, 1.000000000000000000 ) ) ;
#10985 = ORIENTED_EDGE ( 'NONE', *, *, #4703, .F. ) ;
#10986 = LINE ( 'NONE', #4576, #6644 ) ;
#10987 = FACE_OUTER_BOUND ( 'NONE', #9231, .T. ) ;
#10988 = AXIS2_PLACEMENT_3D ( 'NONE', #4999, #6821, #2610 ) ;
#10989 = EDGE_LOOP ( 'NONE', ( #4383, #875, #1124, #9932 ) ) ;
#10990 = ORIENTED_EDGE ( 'NONE', *, *, #5838, .F. ) ;
#10991 = ORIENTED_EDGE ( 'NONE', *, *, #10647, .F. ) ;
#10992 = CIRCLE ( 'NONE', #4174, 0.4000000000000001887 ) ;
#10993 = DIRECTION ( 'NONE',  ( -0.000000000000000000, -1.000000000000000000, -0.000000000000000000 ) ) ;
#10994 = DIRECTION ( 'NONE',  ( 1.000000000000000000, 0.000000000000000000, 0.000000000000000000 ) ) ;
#10995 = DIRECTION ( 'NONE',  ( 0.000000000000000000, 1.000000000000000000, 0.000000000000000000 ) ) ;
#10996 = CARTESIAN_POINT ( 'NONE',  ( -0.2049999999999999878, 0.000000000000000000, -0.4000000000000000222 ) ) ;
#10997 = EDGE_CURVE ( 'NONE', #4065, #2746, #6813, .T. ) ;
#10998 = DIRECTION ( 'NONE',  ( 0.000000000000000000, 0.000000000000000000, -1.000000000000000000 ) ) ;
#10999 = CARTESIAN_POINT ( 'NONE',  ( -5.080000000000000071, -1.570000000000000062, -7.620000000000000107 ) ) ;
#11000 = CARTESIAN_POINT ( 'NONE',  ( 0.000000000000000000, 0.5000000000000000000, 0.000000000000000000 ) ) ;
#11001 = ADVANCED_FACE ( 'NONE', ( #11321 ), #2615, .T. ) ;
#11002 = VECTOR ( 'NONE', #7726, 1000.000000000000000 ) ;
#11003 = MECHANICAL_DESIGN_GEOMETRIC_PRESENTATION_REPRESENTATION (  '', ( #163 ), #5377 ) ;
#11004 = EDGE_LOOP ( 'NONE', ( #6888, #12350, #12027, #7865 ) ) ;
#11005 = VECTOR ( 'NONE', #7301, 1000.000000000000000 ) ;
#11006 = LINE ( 'NONE', #10389, #11267 ) ;
#11007 = ORIENTED_EDGE ( 'NONE', *, *, #4670, .F. ) ;
#11008 =( NAMED_UNIT ( * ) PLANE_ANGLE_UNIT ( ) SI_UNIT ( $, .RADIAN. ) );
#11009 = ORIENTED_EDGE ( 'NONE', *, *, #2387, .T. ) ;
#11010 = ORIENTED_EDGE ( 'NONE', *, *, #10941, .T. ) ;
#11011 = VECTOR ( 'NONE', #6959, 1000.000000000000000 ) ;
#11012 = EDGE_CURVE ( 'NONE', #9849, #12483, #2885, .T. ) ;
#11013 = AXIS2_PLACEMENT_3D ( 'NONE', #8023, #3110, #8204 ) ;
#11014 =( NAMED_UNIT ( * ) PLANE_ANGLE_UNIT ( ) SI_UNIT ( $, .RADIAN. ) );
#11015 = DIRECTION ( 'NONE',  ( 1.000000000000000000, 0.000000000000000000, 0.000000000000000000 ) ) ;
#11016 = DIRECTION ( 'NONE',  ( -1.000000000000000000, 0.000000000000000000, 1.100712865467515846E-16 ) ) ;
#11017 = LINE ( 'NONE', #1649, #2394 ) ;
#11018 = LINE ( 'NONE', #9462, #2657 ) ;
#11019 = DIRECTION ( 'NONE',  ( 0.000000000000000000, 0.000000000000000000, -1.000000000000000000 ) ) ;
#11020 =( LENGTH_UNIT ( ) NAMED_UNIT ( * ) SI_UNIT ( .MILLI., .METRE. ) );
#11021 = EDGE_CURVE ( 'NONE', #6624, #3942, #11299, .T. ) ;
#11022 = DIRECTION ( 'NONE',  ( 0.000000000000000000, 1.000000000000000000, 0.000000000000000000 ) ) ;
#11023 = ORIENTED_EDGE ( 'NONE', *, *, #3480, .F. ) ;
#11024 = CARTESIAN_POINT ( 'NONE',  ( -5.714999999999998970, 0.000000000000000000, 0.09439999999999956759 ) ) ;
#11025 = EDGE_CURVE ( 'NONE', #11250, #11503, #6984, .T. ) ;
#11026 = LINE ( 'NONE', #12171, #2701 ) ;
#11027 = LINE ( 'NONE', #10579, #11046 ) ;
#11028 = ADVANCED_FACE ( 'NONE', ( #6793 ), #7475, .F. ) ;
#11029 = PLANE ( 'NONE',  #2391 ) ;
#11030 = ORIENTED_EDGE ( 'NONE', *, *, #9755, .F. ) ;
#11031 = ADVANCED_FACE ( 'NONE', ( #11146 ), #12505, .F. ) ;
#11032 = CARTESIAN_POINT ( 'NONE',  ( -0.9157106781186543643, 1.550000000000000488, 1.159289321881345369 ) ) ;
#11033 = ORIENTED_EDGE ( 'NONE', *, *, #7769, .T. ) ;
#11034 = AXIS2_PLACEMENT_3D ( 'NONE', #701, #1634, #8289 ) ;
#11035 = ORIENTED_EDGE ( 'NONE', *, *, #872, .F. ) ;
#11036 = VECTOR ( 'NONE', #11345, 1000.000000000000000 ) ;
#11037 = VECTOR ( 'NONE', #3534, 1000.000000000000000 ) ;
#11038 = STYLED_ITEM ( 'NONE', ( #5306 ), #1669 ) ;
#11039 = EDGE_CURVE ( 'NONE', #546, #12259, #10992, .T. ) ;
#11040 = EDGE_CURVE ( 'NONE', #11549, #2501, #2628, .T. ) ;
#11041 = LINE ( 'NONE', #11633, #6865 ) ;
#11042 = EDGE_CURVE ( 'NONE', #3858, #1086, #6919, .T. ) ;
#11043 = ORIENTED_EDGE ( 'NONE', *, *, #10184, .F. ) ;
#11044 = ORIENTED_EDGE ( 'NONE', *, *, #7460, .F. ) ;
#11045 = EDGE_CURVE ( 'NONE', #4567, #4744, #11161, .T. ) ;
#11046 = VECTOR ( 'NONE', #238, 1000.000000000000000 ) ;
#11047 = DIRECTION ( 'NONE',  ( 0.000000000000000000, 0.000000000000000000, -1.000000000000000000 ) ) ;
#11048 = CARTESIAN_POINT ( 'NONE',  ( 3.409999999999998810, 0.3099999999999999978, -0.08499999999999982569 ) ) ;
#11049 = EDGE_LOOP ( 'NONE', ( #6569, #8651, #9019, #4867 ) ) ;
#11050 = DIRECTION ( 'NONE',  ( 0.000000000000000000, 1.000000000000000000, 0.000000000000000000 ) ) ;
#11051 = CARTESIAN_POINT ( 'NONE',  ( 6.985000000000000320, -0.1000000000000000472, 0.4952999999999996295 ) ) ;
#11052 = PLANE ( 'NONE',  #7294 ) ;
#11053 = EDGE_LOOP ( 'NONE', ( #2264, #1110, #7713, #9529 ) ) ;
#11054 = SURFACE_SIDE_STYLE ('',( #12303 ) ) ;
#11055 = ORIENTED_EDGE ( 'NONE', *, *, #12304, .T. ) ;
#11056 = VECTOR ( 'NONE', #417, 1000.000000000000000 ) ;
#11057 = VECTOR ( 'NONE', #12608, 1000.000000000000000 ) ;
#11058 = DIRECTION ( 'NONE',  ( 1.000000000000000000, 0.000000000000000000, 0.000000000000000000 ) ) ;
#11059 = ADVANCED_FACE ( 'NONE', ( #11180 ), #938, .F. ) ;
#11060 = DIRECTION ( 'NONE',  ( -0.000000000000000000, -1.000000000000000000, -0.000000000000000000 ) ) ;
#11061 = VECTOR ( 'NONE', #6092, 1000.000000000000000 ) ;
#11062 = CARTESIAN_POINT ( 'NONE',  ( -6.984999999999999432, -0.1000000000000000056, -1.364399999999999169 ) ) ;
#11063 = CARTESIAN_POINT ( 'NONE',  ( -1.756433707438754821, 1.500000000000000000, -0.1755927014957454901 ) ) ;
#11064 = EDGE_CURVE ( 'NONE', #3683, #725, #3358, .T. ) ;
#11065 = LINE ( 'NONE', #12374, #2446 ) ;
#11066 = LINE ( 'NONE', #2843, #2675 ) ;
#11067 =( NAMED_UNIT ( * ) PLANE_ANGLE_UNIT ( ) SI_UNIT ( $, .RADIAN. ) );
#11068 = ORIENTED_EDGE ( 'NONE', *, *, #2212, .F. ) ;
#11069 = EDGE_CURVE ( 'NONE', #8514, #8288, #7370, .T. ) ;
#11070 = EDGE_CURVE ( 'NONE', #5966, #2806, #1082, .T. ) ;
#11071 = VECTOR ( 'NONE', #5350, 1000.000000000000000 ) ;
#11072 = VERTEX_POINT ( 'NONE', #2606 ) ;
#11073 = AXIS2_PLACEMENT_3D ( 'NONE', #6578, #6739, #5628 ) ;
#11074 = ORIENTED_EDGE ( 'NONE', *, *, #7078, .T. ) ;
#11075 = VERTEX_POINT ( 'NONE', #10274 ) ;
#11076 = FACE_OUTER_BOUND ( 'NONE', #6980, .T. ) ;
#11077 = DIRECTION ( 'NONE',  ( -1.000000000000000000, 0.000000000000000000, 0.000000000000000000 ) ) ;
#11078 = FILL_AREA_STYLE ('',( #5284 ) ) ;
#11079 = CARTESIAN_POINT ( 'NONE',  ( 3.050000000000000711, 0.3099999999999999978, -2.774999999999997247 ) ) ;
#11080 = DIRECTION ( 'NONE',  ( -0.000000000000000000, 1.000000000000000000, -0.000000000000000000 ) ) ;
#11081 = DIRECTION ( 'NONE',  ( 0.000000000000000000, 0.000000000000000000, 1.000000000000000000 ) ) ;
#11082 = DIRECTION ( 'NONE',  ( 1.000000000000000000, 0.000000000000000000, 0.000000000000000000 ) ) ;
#11083 = DIRECTION ( 'NONE',  ( -1.000000000000000000, 0.000000000000000000, 0.000000000000000000 ) ) ;
#11084 = LINE ( 'NONE', #2086, #8918 ) ;
#11085 = CYLINDRICAL_SURFACE ( 'NONE', #840, 0.7600000000000002309 ) ;
#11086 = LINE ( 'NONE', #8173, #2531 ) ;
#11087 = ORIENTED_EDGE ( 'NONE', *, *, #1558, .T. ) ;
#11088 = ORIENTED_EDGE ( 'NONE', *, *, #5421, .T. ) ;
#11089 = ORIENTED_EDGE ( 'NONE', *, *, #9068, .T. ) ;
#11090 = LINE ( 'NONE', #3650, #2563 ) ;
#11091 = CARTESIAN_POINT ( 'NONE',  ( 5.714999999999999858, 0.000000000000000000, -0.1397000000000006292 ) ) ;
#11092 = EDGE_LOOP ( 'NONE', ( #8065, #11788, #10726, #3608 ) ) ;
#11093 = ORIENTED_EDGE ( 'NONE', *, *, #6681, .T. ) ;
#11094 = ORIENTED_EDGE ( 'NONE', *, *, #7922, .T. ) ;
#11095 = AXIS2_PLACEMENT_3D ( 'NONE', #9691, #10587, #11540 ) ;
#11096 = VECTOR ( 'NONE', #5224, 1000.000000000000000 ) ;
#11097 = VECTOR ( 'NONE', #7854, 1000.000000000000000 ) ;
#11098 = EDGE_CURVE ( 'NONE', #2624, #3261, #7277, .T. ) ;
#11099 =( LENGTH_UNIT ( ) NAMED_UNIT ( * ) SI_UNIT ( .MILLI., .METRE. ) );
#11100 = CARTESIAN_POINT ( 'NONE',  ( -6.984999999999999432, 0.000000000000000000, -0.5406000000000005246 ) ) ;
#11101 = PLANE ( 'NONE',  #12030 ) ;
#11102 = DIRECTION ( 'NONE',  ( 0.000000000000000000, -1.000000000000000000, -0.000000000000000000 ) ) ;
#11103 = FACE_OUTER_BOUND ( 'NONE', #9169, .T. ) ;
#11104 = CIRCLE ( 'NONE', #7646, 0.7600000000000002309 ) ;
#11105 = FILL_AREA_STYLE ('',( #2436 ) ) ;
#11106 = DIRECTION ( 'NONE',  ( -0.000000000000000000, 0.000000000000000000, 1.000000000000000000 ) ) ;
#11107 = CARTESIAN_POINT ( 'NONE',  ( 1.270000000000000018, 1.399999999999999911, 0.000000000000000000 ) ) ;
#11108 = CARTESIAN_POINT ( 'NONE',  ( -5.714999999999998970, -0.1000000000000000472, -0.5406000000000004135 ) ) ;
#11109 = ORIENTED_EDGE ( 'NONE', *, *, #728, .T. ) ;
#11110 = DIRECTION ( 'NONE',  ( 0.000000000000000000, -1.000000000000000000, 0.000000000000000000 ) ) ;
#11111 = FILL_AREA_STYLE ('',( #3529 ) ) ;
#11112 = VERTEX_POINT ( 'NONE', #3613 ) ;
#11113 = VERTEX_POINT ( 'NONE', #11369 ) ;
#11114 = VECTOR ( 'NONE', #11528, 1000.000000000000000 ) ;
#11115 = DIRECTION ( 'NONE',  ( 0.000000000000000000, 1.000000000000000000, 0.000000000000000000 ) ) ;
#11116 = ORIENTED_EDGE ( 'NONE', *, *, #2543, .F. ) ;
#11117 = AXIS2_PLACEMENT_3D ( 'NONE', #8910, #6674, #9857 ) ;
#11118 = CARTESIAN_POINT ( 'NONE',  ( -0.8950000000000004619, 1.529289321881346364, 1.180000000000000604 ) ) ;
#11119 = ORIENTED_EDGE ( 'NONE', *, *, #3682, .T. ) ;
#11120 = ORIENTED_EDGE ( 'NONE', *, *, #728, .F. ) ;
#11121 = EDGE_CURVE ( 'NONE', #3733, #11361, #7663, .T. ) ;
#11122 = DIRECTION ( 'NONE',  ( -1.000000000000000000, 0.000000000000000000, -1.707404996040164018E-16 ) ) ;
#11123 = VECTOR ( 'NONE', #12571, 1000.000000000000000 ) ;
#11124 = AXIS2_PLACEMENT_3D ( 'NONE', #7122, #2187, #8251 ) ;
#11125 =( NAMED_UNIT ( * ) SI_UNIT ( $, .STERADIAN. ) SOLID_ANGLE_UNIT ( ) );
#11126 = DIRECTION ( 'NONE',  ( 0.000000000000000000, 1.000000000000000000, 0.000000000000000000 ) ) ;
#11127 = LINE ( 'NONE', #10398, #10927 ) ;
#11128 = EDGE_LOOP ( 'NONE', ( #1642, #10237, #7948, #4296 ) ) ;
#11129 = VERTEX_POINT ( 'NONE', #6489 ) ;
#11130 = ORIENTED_EDGE ( 'NONE', *, *, #8892, .T. ) ;
#11131 = CIRCLE ( 'NONE', #7084, 0.4500000000000000111 ) ;
#11132 = DIRECTION ( 'NONE',  ( -0.000000000000000000, -0.000000000000000000, -1.000000000000000000 ) ) ;
#11133 = ADVANCED_FACE ( 'NONE', ( #7321 ), #7297, .F. ) ;
#11134 = DIRECTION ( 'NONE',  ( 1.000000000000000000, 0.000000000000000000, -4.517509052022940401E-16 ) ) ;
#11135 = ORIENTED_EDGE ( 'NONE', *, *, #11536, .T. ) ;
#11136 = DIRECTION ( 'NONE',  ( 0.000000000000000000, 0.000000000000000000, 1.000000000000000000 ) ) ;
#11137 = CARTESIAN_POINT ( 'NONE',  ( 4.359999999999997655, 0.3099999999999999978, -3.575000000000001954 ) ) ;
#11138 = ADVANCED_FACE ( 'NONE', ( #7591 ), #11101, .F. ) ;
#11139 = SURFACE_STYLE_USAGE ( .BOTH. , #7152 ) ;
#11140 = ORIENTED_EDGE ( 'NONE', *, *, #7118, .F. ) ;
#11141 = DIRECTION ( 'NONE',  ( 0.000000000000000000, 0.000000000000000000, -1.000000000000000000 ) ) ;
#11142 = CARTESIAN_POINT ( 'NONE',  ( 0.000000000000000000, -1.570000000000000062, 0.000000000000000000 ) ) ;
#11143 = ORIENTED_EDGE ( 'NONE', *, *, #4103, .T. ) ;
#11144 = CARTESIAN_POINT ( 'NONE',  ( -3.649999999999999911, 3.100000000000000089, 1.932161706211294794 ) ) ;
#11145 = DIRECTION ( 'NONE',  ( -3.491481338843133355E-15, 0.000000000000000000, -1.000000000000000000 ) ) ;
#11146 = FACE_OUTER_BOUND ( 'NONE', #7831, .T. ) ;
#11147 = CARTESIAN_POINT ( 'NONE',  ( 0.8050000000000000488, 0.000000000000000000, -0.4000000000000000222 ) ) ;
#11148 = CARTESIAN_POINT ( 'NONE',  ( -1.430000000000000160, 1.399999999999999911, 0.000000000000000000 ) ) ;
#11149 = CARTESIAN_POINT ( 'NONE',  ( 3.810000000000000941, 0.000000000000000000, 8.890000000000000568 ) ) ;
#11150 = CARTESIAN_POINT ( 'NONE',  ( -6.984999999999999432, -1.519903165712366722, -0.5406000000000005246 ) ) ;
#11151 = COLOUR_RGB ( '',0.000000000000000000, 0.000000000000000000, 0.000000000000000000 ) ;
#11152 = DIRECTION ( 'NONE',  ( -1.141265444721583757E-16, -1.000000000000000000, 0.000000000000000000 ) ) ;
#11153 = EDGE_LOOP ( 'NONE', ( #8856, #9396, #887, #2154 ) ) ;
#11154 = ORIENTED_EDGE ( 'NONE', *, *, #7705, .F. ) ;
#11155 = VERTEX_POINT ( 'NONE', #1827 ) ;
#11156 = VECTOR ( 'NONE', #6609, 1000.000000000000000 ) ;
#11157 = ORIENTED_EDGE ( 'NONE', *, *, #52, .F. ) ;
#11158 = EDGE_CURVE ( 'NONE', #10085, #546, #7617, .T. ) ;
#11159 = ORIENTED_EDGE ( 'NONE', *, *, #8214, .T. ) ;
#11160 = VERTEX_POINT ( 'NONE', #9294 ) ;
#11161 = LINE ( 'NONE', #1538, #2791 ) ;
#11162 = AXIS2_PLACEMENT_3D ( 'NONE', #1795, #4775, #5746 ) ;
#11163 =( LENGTH_UNIT ( ) NAMED_UNIT ( * ) SI_UNIT ( .MILLI., .METRE. ) );
#11164 = ADVANCED_FACE ( 'NONE', ( #3060 ), #8798, .F. ) ;
#11165 = DIRECTION ( 'NONE',  ( 0.000000000000000000, 0.000000000000000000, -1.000000000000000000 ) ) ;
#11166 = CARTESIAN_POINT ( 'NONE',  ( -2.232161706211294838, 3.100000000000000089, 1.932161706211294794 ) ) ;
#11167 = DIRECTION ( 'NONE',  ( -0.000000000000000000, 1.000000000000000000, 0.000000000000000000 ) ) ;
#11168 = PLANE ( 'NONE',  #344 ) ;
#11169 = CARTESIAN_POINT ( 'NONE',  ( -0.9700000000000001954, 0.000000000000000000, -0.2850000000000003642 ) ) ;
#11170 = LINE ( 'NONE', #11878, #7053 ) ;
#11171 = EDGE_LOOP ( 'NONE', ( #12465, #4058, #2386, #5147 ) ) ;
#11172 = ORIENTED_EDGE ( 'NONE', *, *, #9219, .T. ) ;
#11173 = ORIENTED_EDGE ( 'NONE', *, *, #10505, .F. ) ;
#11174 = AXIS2_PLACEMENT_3D ( 'NONE', #12519, #2930, #6589 ) ;
#11175 = DIRECTION ( 'NONE',  ( 0.000000000000000000, 0.000000000000000000, 1.000000000000000000 ) ) ;
#11176 = EDGE_LOOP ( 'NONE', ( #6079, #6278, #8223, #1911 ) ) ;
#11177 = CARTESIAN_POINT ( 'NONE',  ( 6.985000000000000320, -0.1000000000000000056, -0.1397000000000004072 ) ) ;
#11178 = ORIENTED_EDGE ( 'NONE', *, *, #3971, .T. ) ;
#11179 = ORIENTED_EDGE ( 'NONE', *, *, #3133, .F. ) ;
#11180 = FACE_OUTER_BOUND ( 'NONE', #5553, .T. ) ;
#11181 = EDGE_CURVE ( 'NONE', #8193, #10676, #11872, .T. ) ;
#11182 = DIRECTION ( 'NONE',  ( -1.000000000000000000, 0.000000000000000000, 0.000000000000000000 ) ) ;
#11183 = DIRECTION ( 'NONE',  ( 1.000000000000000000, 0.000000000000000000, 0.000000000000000000 ) ) ;
#11184 = DIRECTION ( 'NONE',  ( 0.000000000000000000, 0.000000000000000000, -1.000000000000000000 ) ) ;
#11185 = DIRECTION ( 'NONE',  ( 1.000000000000000000, 0.000000000000000000, 0.000000000000000000 ) ) ;
#11186 = PRODUCT_DEFINITION_SHAPE ( 'NONE', 'NONE',  #12618 ) ;
#11187 = DIRECTION ( 'NONE',  ( 0.000000000000000000, 0.000000000000000000, -1.000000000000000000 ) ) ;
#11188 = VECTOR ( 'NONE', #8077, 1000.000000000000000 ) ;
#11189 = PLANE ( 'NONE',  #12396 ) ;
#11190 = CARTESIAN_POINT ( 'NONE',  ( 0.8050000000000000488, 0.000000000000000000, -0.4000000000000000222 ) ) ;
#11191 = CARTESIAN_POINT ( 'NONE',  ( 0.2049999999999999878, 0.000000000000000000, 1.000000000000000000 ) ) ;
#11192 = CARTESIAN_POINT ( 'NONE',  ( -1.814999999999999947, 0.1000000000000000056, -1.000000000000000000 ) ) ;
#11193 = ORIENTED_EDGE ( 'NONE', *, *, #3692, .T. ) ;
#11194 = CARTESIAN_POINT ( 'NONE',  ( 4.209999999999999076, 0.04000000000000000083, -1.394999999999999796 ) ) ;
#11195 = DIRECTION ( 'NONE',  ( 1.000000000000000000, 0.000000000000000000, -0.000000000000000000 ) ) ;
#11196 = EDGE_LOOP ( 'NONE', ( #3212, #2327, #781, #5850 ) ) ;
#11197 = ORIENTED_EDGE ( 'NONE', *, *, #10793, .T. ) ;
#11198 = LINE ( 'NONE', #10463, #2821 ) ;
#11199 = FILL_AREA_STYLE ('',( #7571 ) ) ;
#11200 = ORIENTED_EDGE ( 'NONE', *, *, #7435, .F. ) ;
#11201 = DIRECTION ( 'NONE',  ( 0.000000000000000000, 0.000000000000000000, 1.000000000000000000 ) ) ;
#11202 = EDGE_LOOP ( 'NONE', ( #2684, #11683, #3163, #10241, #11795, #3196, #7119, #11953 ) ) ;
#11203 = EDGE_CURVE ( 'NONE', #12587, #11112, #3178, .T. ) ;
#11204 = VERTEX_POINT ( 'NONE', #11542 ) ;
#11205 = CARTESIAN_POINT ( 'NONE',  ( -1.570000000000000062, 1.421954445729287864, -0.2850000000000003642 ) ) ;
#11206 = EDGE_CURVE ( 'NONE', #1879, #7007, #11581, .T. ) ;
#11207 = DIRECTION ( 'NONE',  ( 0.000000000000000000, -1.000000000000000000, 0.000000000000000000 ) ) ;
#11208 = EDGE_CURVE ( 'NONE', #1066, #5439, #3309, .T. ) ;
#11209 = CARTESIAN_POINT ( 'NONE',  ( 4.570000000000001172, 0.04000000000000000083, -2.775000000000002576 ) ) ;
#11210 = EDGE_CURVE ( 'NONE', #11867, #11638, #11858, .T. ) ;
#11211 = ADVANCED_FACE ( 'NONE', ( #3221 ), #1107, .T. ) ;
#11212 = VECTOR ( 'NONE', #11019, 1000.000000000000000 ) ;
#11213 = EDGE_LOOP ( 'NONE', ( #7224, #8143, #11891, #11467 ) ) ;
#11214 = ORIENTED_EDGE ( 'NONE', *, *, #1990, .F. ) ;
#11215 = ORIENTED_EDGE ( 'NONE', *, *, #9232, .F. ) ;
#11216 = COLOUR_RGB ( '',1.000000000000000000, 0.8117647058823529438, 0.5019607843137254832 ) ;
#11217 = PLANE ( 'NONE',  #11034 ) ;
#11218 = DIRECTION ( 'NONE',  ( 1.000000000000000000, 0.000000000000000000, 0.000000000000000000 ) ) ;
#11219 = AXIS2_PLACEMENT_3D ( 'NONE', #10845, #8931, #290 ) ;
#11220 = ORIENTED_EDGE ( 'NONE', *, *, #12161, .F. ) ;
#11221 = EDGE_CURVE ( 'NONE', #11976, #9367, #7503, .T. ) ;
#11222 = DIRECTION ( 'NONE',  ( 0.000000000000000000, 0.000000000000000000, -1.000000000000000000 ) ) ;
#11223 = CARTESIAN_POINT ( 'NONE',  ( 3.409999999999998810, 0.04000000000000000083, 0.1250000000000001110 ) ) ;
#11224 = CARTESIAN_POINT ( 'NONE',  ( -0.7449999999999999956, 1.399999999999999911, -1.180000000000000160 ) ) ;
#11225 = ORIENTED_EDGE ( 'NONE', *, *, #4381, .F. ) ;
#11226 = CARTESIAN_POINT ( 'NONE',  ( -3.809999999999999609, -1.570000000000000062, 8.890000000000000568 ) ) ;
#11227 = CARTESIAN_POINT ( 'NONE',  ( -7.620000000000000995, -1.570000000000000062, -10.16000000000000192 ) ) ;
#11228 = ORIENTED_EDGE ( 'NONE', *, *, #9777, .T. ) ;
#11229 = CARTESIAN_POINT ( 'NONE',  ( 0.4398837366478682287, -3.407492542097300425E-16, -1.184999999999999831 ) ) ;
#11230 =( NAMED_UNIT ( * ) SI_UNIT ( $, .STERADIAN. ) SOLID_ANGLE_UNIT ( ) );
#11231 = VECTOR ( 'NONE', #1453, 1000.000000000000000 ) ;
#11232 = PLANE ( 'NONE',  #7728 ) ;
#11233 = CARTESIAN_POINT ( 'NONE',  ( 1.214999999999999858, 0.000000000000000000, -1.000000000000000000 ) ) ;
#11234 = EDGE_CURVE ( 'NONE', #10531, #8878, #11723, .T. ) ;
#11235 = CIRCLE ( 'NONE', #7497, 0.5100000000000000089 ) ;
#11236 = AXIS2_PLACEMENT_3D ( 'NONE', #1591, #6168, #8044 ) ;
#11237 = CARTESIAN_POINT ( 'NONE',  ( 1.669999999999999929, 0.3099999999999999978, 0.1650000000000003131 ) ) ;
#11238 = MANIFOLD_SOLID_BREP ( 'Split2', #6129 ) ;
#11239 = VECTOR ( 'NONE', #2437, 1000.000000000000000 ) ;
#11240 = CARTESIAN_POINT ( 'NONE',  ( 5.714999999999999858, -0.1000000000000000472, -1.765299999999999203 ) ) ;
#11241 = CARTESIAN_POINT ( 'NONE',  ( 1.270000000000000240, -1.570000000000000284, 8.380000000000000782 ) ) ;
#11242 = ORIENTED_EDGE ( 'NONE', *, *, #8187, .F. ) ;
#11243 = ORIENTED_EDGE ( 'NONE', *, *, #5445, .T. ) ;
#11244 = SURFACE_STYLE_FILL_AREA ( #6429 ) ;
#11245 = LINE ( 'NONE', #10152, #10873 ) ;
#11246 = ORIENTED_EDGE ( 'NONE', *, *, #9945, .F. ) ;
#11247 = ADVANCED_FACE ( 'NONE', ( #3288 ), #1333, .F. ) ;
#11248 = VERTEX_POINT ( 'NONE', #10589 ) ;
#11249 = AXIS2_PLACEMENT_3D ( 'NONE', #9499, #11577, #1640 ) ;
#11250 = VERTEX_POINT ( 'NONE', #3871 ) ;
#11251 = LINE ( 'NONE', #128, #11056 ) ;
#11252 = PLANE ( 'NONE',  #4557 ) ;
#11253 =( NAMED_UNIT ( * ) PLANE_ANGLE_UNIT ( ) SI_UNIT ( $, .RADIAN. ) );
#11254 = DIRECTION ( 'NONE',  ( -1.707404996040164018E-16, 0.000000000000000000, 1.000000000000000000 ) ) ;
#11255 = PLANE ( 'NONE',  #4054 ) ;
#11256 = DIRECTION ( 'NONE',  ( 0.000000000000000000, -1.000000000000000000, 0.000000000000000000 ) ) ;
#11257 = DIRECTION ( 'NONE',  ( -1.000000000000000000, 0.000000000000000000, -8.537024980200820092E-17 ) ) ;
#11258 = DIRECTION ( 'NONE',  ( -0.000000000000000000, 0.1391731009600656321, 0.9902680687415703620 ) ) ;
#11259 = SURFACE_STYLE_USAGE ( .BOTH. , #5206 ) ;
#11260 = DIRECTION ( 'NONE',  ( 0.000000000000000000, 0.000000000000000000, -1.000000000000000000 ) ) ;
#11261 = MECHANICAL_DESIGN_GEOMETRIC_PRESENTATION_REPRESENTATION (  '', ( #8392 ), #7494 ) ;
#11262 = LINE ( 'NONE', #4578, #2886 ) ;
#11263 = AXIS2_PLACEMENT_3D ( 'NONE', #7065, #9142, #1185 ) ;
#11264 = ORIENTED_EDGE ( 'NONE', *, *, #1812, .T. ) ;
#11265 = EDGE_LOOP ( 'NONE', ( #11043, #9882, #1722, #10245 ) ) ;
#11266 = VECTOR ( 'NONE', #9531, 1000.000000000000000 ) ;
#11267 = VECTOR ( 'NONE', #8297, 1000.000000000000000 ) ;
#11268 = DIRECTION ( 'NONE',  ( 0.000000000000000000, 0.000000000000000000, 1.000000000000000000 ) ) ;
#11269 = VERTEX_POINT ( 'NONE', #7755 ) ;
#11270 = CARTESIAN_POINT ( 'NONE',  ( -4.410000000000001030, 0.000000000000000000, -2.875000000000000000 ) ) ;
#11271 = VERTEX_POINT ( 'NONE', #12088 ) ;
#11272 = VERTEX_POINT ( 'NONE', #6146 ) ;
#11273 = LINE ( 'NONE', #6044, #3016 ) ;
#11274 = CIRCLE ( 'NONE', #11174, 0.4500000000000000111 ) ;
#11275 = PRODUCT_DEFINITION_FORMATION_WITH_SPECIFIED_SOURCE ( 'ANY', '', #3018, .NOT_KNOWN. ) ;
#11276 = FACE_OUTER_BOUND ( 'NONE', #12160, .T. ) ;
#11277 = CARTESIAN_POINT ( 'NONE',  ( 2.979883736647867654, 0.04000000000000000083, 0.1250000000000001110 ) ) ;
#11278 = PLANE ( 'NONE',  #1632 ) ;
#11279 = CARTESIAN_POINT ( 'NONE',  ( 2.979883736647867654, 0.3099999999999999978, 0.1250000000000001110 ) ) ;
#11280 = DIRECTION ( 'NONE',  ( 0.000000000000000000, 0.000000000000000000, 1.000000000000000000 ) ) ;
#11281 = VECTOR ( 'NONE', #9997, 1000.000000000000000 ) ;
#11282 =( NAMED_UNIT ( * ) PLANE_ANGLE_UNIT ( ) SI_UNIT ( $, .RADIAN. ) );
#11283 = DIRECTION ( 'NONE',  ( 0.000000000000000000, 1.000000000000000000, 0.000000000000000000 ) ) ;
#11284 = FILL_AREA_STYLE ('',( #5775 ) ) ;
#11285 = CARTESIAN_POINT ( 'NONE',  ( -4.159999999999998366, 0.000000000000000000, -3.474999999999999645 ) ) ;
#11286 = ORIENTED_EDGE ( 'NONE', *, *, #3172, .F. ) ;
#11287 = DIRECTION ( 'NONE',  ( 0.000000000000000000, 1.000000000000000000, 0.000000000000000000 ) ) ;
#11288 = CARTESIAN_POINT ( 'NONE',  ( -3.809999999999999609, 0.000000000000000000, 8.890000000000000568 ) ) ;
#11289 = ORIENTED_EDGE ( 'NONE', *, *, #917, .F. ) ;
#11290 = LINE ( 'NONE', #12580, #11505 ) ;
#11291 = FACE_OUTER_BOUND ( 'NONE', #5381, .T. ) ;
#11292 = MECHANICAL_DESIGN_GEOMETRIC_PRESENTATION_REPRESENTATION (  '', ( #2337 ), #12077 ) ;
#11293 = CARTESIAN_POINT ( 'NONE',  ( -1.814999999999999947, 0.1000000000000000056, 1.000000000000000000 ) ) ;
#11294 = ORIENTED_EDGE ( 'NONE', *, *, #1248, .T. ) ;
#11295 = DIRECTION ( 'NONE',  ( -0.000000000000000000, 1.000000000000000000, -0.000000000000000000 ) ) ;
#11296 = ORIENTED_EDGE ( 'NONE', *, *, #6101, .F. ) ;
#11297 = ORIENTED_EDGE ( 'NONE', *, *, #11944, .F. ) ;
#11298 = CARTESIAN_POINT ( 'NONE',  ( -6.349999999999999645, 0.000000000000000000, 8.890000000000000568 ) ) ;
#11299 = LINE ( 'NONE', #9967, #11096 ) ;
#11300 = CARTESIAN_POINT ( 'NONE',  ( -3.350000000000000089, 0.3499999999999999778, -1.199999999999999956 ) ) ;
#11301 = EDGE_CURVE ( 'NONE', #12223, #1604, #7253, .T. ) ;
#11302 = DIRECTION ( 'NONE',  ( -1.000000000000000000, 0.000000000000000000, 0.000000000000000000 ) ) ;
#11303 = UNCERTAINTY_MEASURE_WITH_UNIT (LENGTH_MEASURE( 1.000000000000000082E-05 ), #9293, 'distance_accuracy_value', 'NONE');
#11304 = LINE ( 'NONE', #12354, #7353 ) ;
#11305 = VERTEX_POINT ( 'NONE', #3289 ) ;
#11306 = ORIENTED_EDGE ( 'NONE', *, *, #7575, .T. ) ;
#11307 = VERTEX_POINT ( 'NONE', #9153 ) ;
#11308 = FACE_OUTER_BOUND ( 'NONE', #7656, .T. ) ;
#11309 = FACE_OUTER_BOUND ( 'NONE', #10971, .T. ) ;
#11310 = DIRECTION ( 'NONE',  ( -1.000000000000000000, 0.000000000000000000, 0.000000000000000000 ) ) ;
#11311 = ORIENTED_EDGE ( 'NONE', *, *, #3722, .F. ) ;
#11312 = CARTESIAN_POINT ( 'NONE',  ( -3.432161706211294572, 2.899999999999999911, 1.932161706211294794 ) ) ;
#11313 = CARTESIAN_POINT ( 'NONE',  ( 0.000000000000000000, 0.000000000000000000, 0.000000000000000000 ) ) ;
#11314 = DIRECTION ( 'NONE',  ( -1.000000000000000000, -0.000000000000000000, 3.491481338843133355E-15 ) ) ;
#11315 = EDGE_LOOP ( 'NONE', ( #8496, #300, #191, #110, #7289, #168, #12520, #217 ) ) ;
#11316 = CARTESIAN_POINT ( 'NONE',  ( 0.000000000000000000, 0.1000000000000000056, 0.000000000000000000 ) ) ;
#11317 = CARTESIAN_POINT ( 'NONE',  ( -1.814999999999999947, 0.000000000000000000, -0.4000000000000000222 ) ) ;
#11318 = VERTEX_POINT ( 'NONE', #9760 ) ;
#11319 = DIRECTION ( 'NONE',  ( -3.491481338843133355E-15, 0.000000000000000000, -1.000000000000000000 ) ) ;
#11320 = DIRECTION ( 'NONE',  ( 0.000000000000000000, 1.000000000000000000, 0.000000000000000000 ) ) ;
#11321 = FACE_OUTER_BOUND ( 'NONE', #5159, .T. ) ;
#11322 = EDGE_CURVE ( 'NONE', #12042, #5985, #11448, .T. ) ;
#11323 = LINE ( 'NONE', #1196, #3363 ) ;
#11324 = CARTESIAN_POINT ( 'NONE',  ( 5.714999999999999858, 0.000000000000000000, 0.4952999999999994074 ) ) ;
#11325 = CARTESIAN_POINT ( 'NONE',  ( 3.409999999999998810, 0.3099999999999999978, -0.08499999999999982569 ) ) ;
#11326 = UNCERTAINTY_MEASURE_WITH_UNIT (LENGTH_MEASURE( 1.000000000000000082E-05 ), #6166, 'distance_accuracy_value', 'NONE');
#11327 = LINE ( 'NONE', #10384, #11061 ) ;
#11328 = EDGE_CURVE ( 'NONE', #12333, #8666, #7348, .T. ) ;
#11329 = CARTESIAN_POINT ( 'NONE',  ( 0.4398837366478682287, 0.3499999999999997002, -1.185000000000000053 ) ) ;
#11330 = ADVANCED_FACE ( 'NONE', ( #3243 ), #3127, .T. ) ;
#11331 = FACE_OUTER_BOUND ( 'NONE', #2788, .T. ) ;
#11332 = CARTESIAN_POINT ( 'NONE',  ( 1.969999999999999973, 1.500000000000000000, -1.180000000000000160 ) ) ;
#11333 = VERTEX_POINT ( 'NONE', #3783 ) ;
#11334 = ORIENTED_EDGE ( 'NONE', *, *, #9061, .F. ) ;
#11335 = EDGE_LOOP ( 'NONE', ( #4543, #920, #174, #288 ) ) ;
#11336 = VECTOR ( 'NONE', #4126, 1000.000000000000000 ) ;
#11337 = VECTOR ( 'NONE', #10803, 1000.000000000000000 ) ;
#11338 = ORIENTED_EDGE ( 'NONE', *, *, #11691, .F. ) ;
#11339 = VERTEX_POINT ( 'NONE', #10977 ) ;
#11340 = ORIENTED_EDGE ( 'NONE', *, *, #154, .T. ) ;
#11341 = VECTOR ( 'NONE', #2661, 1000.000000000000000 ) ;
#11342 = EDGE_CURVE ( 'NONE', #6062, #10203, #11602, .T. ) ;
#11343 = DIRECTION ( 'NONE',  ( -1.000000000000000000, 0.000000000000000000, 3.491481338843133355E-15 ) ) ;
#11344 = AXIS2_PLACEMENT_3D ( 'NONE', #5642, #4303, #11979 ) ;
#11345 = DIRECTION ( 'NONE',  ( 0.000000000000000000, 0.000000000000000000, -1.000000000000000000 ) ) ;
#11346 = CARTESIAN_POINT ( 'NONE',  ( -0.9700000000000001954, 0.5000000000000000000, -0.03499999999999965639 ) ) ;
#11347 =( NAMED_UNIT ( * ) SI_UNIT ( $, .STERADIAN. ) SOLID_ANGLE_UNIT ( ) );
#11348 = DIRECTION ( 'NONE',  ( 2.168404344971009115E-16, 1.000000000000000000, -7.570943305532646302E-31 ) ) ;
#11349 = DIRECTION ( 'NONE',  ( 0.000000000000000000, 0.000000000000000000, 1.000000000000000000 ) ) ;
#11350 = AXIS2_PLACEMENT_3D ( 'NONE', #5711, #2694, #10442 ) ;
#11351 = LINE ( 'NONE', #6385, #11393 ) ;
#11352 = LINE ( 'NONE', #3197, #11281 ) ;
#11353 = ORIENTED_EDGE ( 'NONE', *, *, #10610, .T. ) ;
#11354 = VERTEX_POINT ( 'NONE', #1411 ) ;
#11355 = ORIENTED_EDGE ( 'NONE', *, *, #3826, .T. ) ;
#11356 = VECTOR ( 'NONE', #9602, 1000.000000000000000 ) ;
#11357 = EDGE_CURVE ( 'NONE', #8193, #5294, #7431, .T. ) ;
#11358 = LINE ( 'NONE', #3269, #3169 ) ;
#11359 = ADVANCED_FACE ( 'NONE', ( #11746 ), #8658, .F. ) ;
#11360 = PLANE ( 'NONE',  #5243 ) ;
#11361 = VERTEX_POINT ( 'NONE', #795 ) ;
#11362 = DIRECTION ( 'NONE',  ( -0.1391731009600654378, 0.9902680687415703620, 0.000000000000000000 ) ) ;
#11363 = EDGE_LOOP ( 'NONE', ( #8634, #6916, #8219, #4591 ) ) ;
#11364 = ORIENTED_EDGE ( 'NONE', *, *, #4621, .F. ) ;
#11365 = VECTOR ( 'NONE', #10121, 1000.000000000000000 ) ;
#11366 = EDGE_CURVE ( 'NONE', #3623, #7276, #7564, .T. ) ;
#11367 = VECTOR ( 'NONE', #416, 1000.000000000000000 ) ;
#11368 = CARTESIAN_POINT ( 'NONE',  ( -1.214999999999999858, 0.000000000000000000, 0.4000000000000000222 ) ) ;
#11369 = CARTESIAN_POINT ( 'NONE',  ( -0.2049999999999999878, 0.000000000000000000, -1.000000000000000000 ) ) ;
#11370 = EDGE_CURVE ( 'NONE', #3680, #10775, #11430, .T. ) ;
#11371 = LINE ( 'NONE', #1831, #3208 ) ;
#11372 = CARTESIAN_POINT ( 'NONE',  ( 5.714999999999999858, -0.1000000000000000472, -1.130299999999999194 ) ) ;
#11373 = DIRECTION ( 'NONE',  ( 0.000000000000000000, 0.000000000000000000, 1.000000000000000000 ) ) ;
#11374 = DIRECTION ( 'NONE',  ( 0.000000000000000000, -1.000000000000000000, 0.000000000000000000 ) ) ;
#11375 = CARTESIAN_POINT ( 'NONE',  ( 6.350000000000001421, -1.570000000000000062, 8.890000000000000568 ) ) ;
#11376 = ORIENTED_EDGE ( 'NONE', *, *, #3512, .F. ) ;
#11377 = SURFACE_SIDE_STYLE ('',( #5859 ) ) ;
#11378 = ORIENTED_EDGE ( 'NONE', *, *, #2484, .T. ) ;
#11379 = ORIENTED_EDGE ( 'NONE', *, *, #3483, .F. ) ;
#11380 = FACE_OUTER_BOUND ( 'NONE', #9429, .T. ) ;
#11381 = FACE_OUTER_BOUND ( 'NONE', #6017, .T. ) ;
#11382 = ORIENTED_EDGE ( 'NONE', *, *, #580, .T. ) ;
#11383 = ORIENTED_EDGE ( 'NONE', *, *, #10812, .T. ) ;
#11384 = EDGE_CURVE ( 'NONE', #12316, #11361, #3444, .T. ) ;
#11385 = CARTESIAN_POINT ( 'NONE',  ( 3.409999999999998810, 0.3499999999999999778, 0.1650000000000001188 ) ) ;
#11386 = ORIENTED_EDGE ( 'NONE', *, *, #7004, .F. ) ;
#11387 = VERTEX_POINT ( 'NONE', #5735 ) ;
#11388 = CARTESIAN_POINT ( 'NONE',  ( 4.209999999999999076, 0.3099999999999999978, 0.1250000000000001110 ) ) ;
#11389 = FACE_OUTER_BOUND ( 'NONE', #7944, .T. ) ;
#11390 = ADVANCED_FACE ( 'NONE', ( #7977 ), #4675, .T. ) ;
#11391 = DIRECTION ( 'NONE',  ( 0.000000000000000000, 0.000000000000000000, -1.000000000000000000 ) ) ;
#11392 = CARTESIAN_POINT ( 'NONE',  ( 3.409999999999998810, 0.3499999999999997002, -1.185000000000000275 ) ) ;
#11393 = VECTOR ( 'NONE', #2490, 1000.000000000000000 ) ;
#11394 = VECTOR ( 'NONE', #4134, 1000.000000000000000 ) ;
#11395 = ORIENTED_EDGE ( 'NONE', *, *, #12538, .F. ) ;
#11396 = EDGE_LOOP ( 'NONE', ( #9193, #10478, #10577, #9455 ) ) ;
#11397 = ORIENTED_EDGE ( 'NONE', *, *, #3722, .T. ) ;
#11398 = LINE ( 'NONE', #1405, #7079 ) ;
#11399 = LINE ( 'NONE', #3940, #7163 ) ;
#11400 = DIRECTION ( 'NONE',  ( -1.000000000000000000, 0.000000000000000000, -1.707404996040164018E-16 ) ) ;
#11401 = CARTESIAN_POINT ( 'NONE',  ( -0.7449999999999999956, 1.500000000000000000, -1.180000000000000160 ) ) ;
#11402 = EDGE_CURVE ( 'NONE', #9665, #5035, #7708, .T. ) ;
#11403 = VERTEX_POINT ( 'NONE', #10303 ) ;
#11404 = PLANE ( 'NONE',  #12106 ) ;
#11405 = CARTESIAN_POINT ( 'NONE',  ( 1.669999999999999929, 0.3099999999999999978, -0.08499999999999961753 ) ) ;
#11406 = CARTESIAN_POINT ( 'NONE',  ( -0.8050000000000000488, 0.1000000000000000056, 1.000000000000000000 ) ) ;
#11407 = EDGE_LOOP ( 'NONE', ( #3355, #3804, #2883, #7543 ) ) ;
#11408 = CARTESIAN_POINT ( 'NONE',  ( -0.9449999999999999512, 1.500000000000000000, 1.180000000000000160 ) ) ;
#11409 = CARTESIAN_POINT ( 'NONE',  ( -3.299999999999999822, -1.092524565418897903E-16, -1.199999999999999956 ) ) ;
#11410 = VERTEX_POINT ( 'NONE', #12179 ) ;
#11411 = PLANE ( 'NONE',  #2880 ) ;
#11412 = AXIS2_PLACEMENT_3D ( 'NONE', #6553, #4522, #1957 ) ;
#11413 = DIRECTION ( 'NONE',  ( -1.000000000000000000, 0.000000000000000000, 1.100712865467515846E-16 ) ) ;
#11414 = FACE_OUTER_BOUND ( 'NONE', #6250, .T. ) ;
#11415 = DIRECTION ( 'NONE',  ( -4.517509052022940401E-16, 0.000000000000000000, -1.000000000000000000 ) ) ;
#11416 =( NAMED_UNIT ( * ) PLANE_ANGLE_UNIT ( ) SI_UNIT ( $, .RADIAN. ) );
#11417 = CARTESIAN_POINT ( 'NONE',  ( -1.430000000000000160, 1.550000000000000044, 0.4500000000000000111 ) ) ;
#11418 = DIRECTION ( 'NONE',  ( 0.000000000000000000, 0.000000000000000000, 1.000000000000000000 ) ) ;
#11419 = VERTEX_POINT ( 'NONE', #10229 ) ;
#11420 = ORIENTED_EDGE ( 'NONE', *, *, #11626, .F. ) ;
#11421 = VERTEX_POINT ( 'NONE', #3381 ) ;
#11422 = CARTESIAN_POINT ( 'NONE',  ( -0.2049999999999999878, 0.000000000000000000, -1.000000000000000000 ) ) ;
#11423 = LINE ( 'NONE', #12579, #11336 ) ;
#11424 = LINE ( 'NONE', #335, #2896 ) ;
#11425 = ORIENTED_EDGE ( 'NONE', *, *, #7257, .F. ) ;
#11426 = PRESENTATION_LAYER_ASSIGNMENT (  '', '', ( #7316 ) ) ;
#11427 = ORIENTED_EDGE ( 'NONE', *, *, #1609, .F. ) ;
#11428 = ORIENTED_EDGE ( 'NONE', *, *, #5989, .T. ) ;
#11429 =( GEOMETRIC_REPRESENTATION_CONTEXT ( 3 ) GLOBAL_UNCERTAINTY_ASSIGNED_CONTEXT ( ( #9263 ) ) GLOBAL_UNIT_ASSIGNED_CONTEXT ( ( #11020, #7130, #424 ) ) REPRESENTATION_CONTEXT ( 'NONE', 'WORKASPACE' ) );
#11430 = LINE ( 'NONE', #6288, #11789 ) ;
#11431 = CARTESIAN_POINT ( 'NONE',  ( -6.984999999999999432, -1.519903165712366722, -0.5406000000000005246 ) ) ;
#11432 = EDGE_CURVE ( 'NONE', #11671, #4320, #8036, .T. ) ;
#11433 = STYLED_ITEM ( 'NONE', ( #3229 ), #8611 ) ;
#11434 = CARTESIAN_POINT ( 'NONE',  ( -1.814999999999999947, 0.000000000000000000, 1.000000000000000000 ) ) ;
#11435 = CARTESIAN_POINT ( 'NONE',  ( 4.359999999999997655, 0.3099999999999999978, -3.575000000000001954 ) ) ;
#11436 = ADVANCED_FACE ( 'NONE', ( #3903 ), #1784, .T. ) ;
#11437 = VECTOR ( 'NONE', #9233, 1000.000000000000000 ) ;
#11438 = ORIENTED_EDGE ( 'NONE', *, *, #3103, .F. ) ;
#11439 = ORIENTED_EDGE ( 'NONE', *, *, #8559, .F. ) ;
#11440 = ORIENTED_EDGE ( 'NONE', *, *, #3205, .T. ) ;
#11441 = LINE ( 'NONE', #7641, #11686 ) ;
#11442 = VECTOR ( 'NONE', #2275, 1000.000000000000000 ) ;
#11443 = PLANE ( 'NONE',  #3310 ) ;
#11444 = EDGE_LOOP ( 'NONE', ( #2748, #4298, #8793, #11643 ) ) ;
#11445 = DIRECTION ( 'NONE',  ( 0.000000000000000000, 0.000000000000000000, -1.000000000000000000 ) ) ;
#11446 = VERTEX_POINT ( 'NONE', #3470 ) ;
#11447 = ORIENTED_EDGE ( 'NONE', *, *, #11040, .F. ) ;
#11448 = LINE ( 'NONE', #538, #7478 ) ;
#11449 = EDGE_CURVE ( 'NONE', #3173, #1849, #12046, .T. ) ;
#11450 = VECTOR ( 'NONE', #10042, 1000.000000000000000 ) ;
#11451 = AXIS2_PLACEMENT_3D ( 'NONE', #1052, #9786, #2866 ) ;
#11452 = DIRECTION ( 'NONE',  ( 1.000000000000000000, 0.000000000000000000, 0.000000000000000000 ) ) ;
#11453 = CARTESIAN_POINT ( 'NONE',  ( 1.270000000000000240, -1.570000000000000062, 8.890000000000000568 ) ) ;
#11454 = EDGE_CURVE ( 'NONE', #342, #6319, #12005, .T. ) ;
#11455 = LINE ( 'NONE', #9921, #3322 ) ;
#11456 = CARTESIAN_POINT ( 'NONE',  ( -0.2049999999999999878, 0.000000000000000000, -1.000000000000000000 ) ) ;
#11457 = CARTESIAN_POINT ( 'NONE',  ( 1.970000000000001750, 1.529289321881347696, 1.179999999999999494 ) ) ;
#11458 = DIRECTION ( 'NONE',  ( 1.000000000000000000, 0.000000000000000000, 0.000000000000000000 ) ) ;
#11459 = ORIENTED_EDGE ( 'NONE', *, *, #5287, .F. ) ;
#11460 = DIRECTION ( 'NONE',  ( 1.000000000000000000, 0.000000000000000000, 0.000000000000000000 ) ) ;
#11461 = ORIENTED_EDGE ( 'NONE', *, *, #7244, .T. ) ;
#11462 = ORIENTED_EDGE ( 'NONE', *, *, #8732, .T. ) ;
#11463 = LINE ( 'NONE', #4272, #11266 ) ;
#11464 = VECTOR ( 'NONE', #12611, 1000.000000000000000 ) ;
#11465 = ADVANCED_FACE ( 'NONE', ( #7779 ), #11411, .F. ) ;
#11466 = DIRECTION ( 'NONE',  ( 0.000000000000000000, 1.000000000000000000, 0.000000000000000000 ) ) ;
#11467 = ORIENTED_EDGE ( 'NONE', *, *, #11357, .F. ) ;
#11468 = EDGE_CURVE ( 'NONE', #6583, #7022, #12166, .T. ) ;
#11469 = ADVANCED_FACE ( 'NONE', ( #3626 ), #12279, .T. ) ;
#11470 = DIRECTION ( 'NONE',  ( -1.000000000000000000, 0.000000000000000000, 0.000000000000000000 ) ) ;
#11471 = ORIENTED_EDGE ( 'NONE', *, *, #2301, .F. ) ;
#11472 = ORIENTED_EDGE ( 'NONE', *, *, #8064, .F. ) ;
#11473 = CARTESIAN_POINT ( 'NONE',  ( -6.984999999999999432, -0.1000000000000000056, 0.09439999999999945657 ) ) ;
#11474 = UNCERTAINTY_MEASURE_WITH_UNIT (LENGTH_MEASURE( 1.000000000000000082E-05 ), #12090, 'distance_accuracy_value', 'NONE');
#11475 = VECTOR ( 'NONE', #354, 1000.000000000000000 ) ;
#11476 = DIRECTION ( 'NONE',  ( 0.000000000000000000, 1.000000000000000000, 0.000000000000000000 ) ) ;
#11477 = DIRECTION ( 'NONE',  ( 1.000000000000000000, 0.000000000000000000, -4.517509052022940401E-16 ) ) ;
#11478 = VECTOR ( 'NONE', #9146, 1000.000000000000000 ) ;
#11479 = ORIENTED_EDGE ( 'NONE', *, *, #12512, .T. ) ;
#11480 = VERTEX_POINT ( 'NONE', #9411 ) ;
#11481 = ORIENTED_EDGE ( 'NONE', *, *, #9987, .F. ) ;
#11482 = FACE_OUTER_BOUND ( 'NONE', #8764, .T. ) ;
#11483 = LINE ( 'NONE', #8004, #3214 ) ;
#11484 = ORIENTED_EDGE ( 'NONE', *, *, #10358, .T. ) ;
#11485 = CARTESIAN_POINT ( 'NONE',  ( 3.260000000000001563, 0.03999999999999999389, -2.344883736647866534 ) ) ;
#11486 = VERTEX_POINT ( 'NONE', #4586 ) ;
#11487 = DIRECTION ( 'NONE',  ( 0.000000000000000000, 0.000000000000000000, -1.000000000000000000 ) ) ;
#11488 = CARTESIAN_POINT ( 'NONE',  ( 1.214999999999999858, 0.1000000000000000056, 1.000000000000000000 ) ) ;
#11489 = EDGE_LOOP ( 'NONE', ( #7112, #355, #7025, #647 ) ) ;
#11490 = DIRECTION ( 'NONE',  ( 0.000000000000000000, 0.000000000000000000, 1.000000000000000000 ) ) ;
#11491 = VECTOR ( 'NONE', #11185, 1000.000000000000000 ) ;
#11492 = DIRECTION ( 'NONE',  ( 0.000000000000000000, 1.000000000000000000, 0.000000000000000000 ) ) ;
#11493 = EDGE_CURVE ( 'NONE', #7106, #3278, #3670, .T. ) ;
#11494 = DIRECTION ( 'NONE',  ( 0.000000000000000000, 0.000000000000000000, 1.000000000000000000 ) ) ;
#11495 = AXIS2_PLACEMENT_3D ( 'NONE', #7133, #5487, #8179 ) ;
#11496 = LINE ( 'NONE', #10124, #7457 ) ;
#11497 = SURFACE_SIDE_STYLE ('',( #2299 ) ) ;
#11498 = AXIS2_PLACEMENT_3D ( 'NONE', #5649, #11047, #1404 ) ;
#11499 = LINE ( 'NONE', #3462, #7306 ) ;
#11500 = CARTESIAN_POINT ( 'NONE',  ( 1.814999999999999947, 0.1000000000000000056, -1.000000000000000000 ) ) ;
#11501 = ORIENTED_EDGE ( 'NONE', *, *, #3149, .F. ) ;
#11502 = VERTEX_POINT ( 'NONE', #2637 ) ;
#11503 = VERTEX_POINT ( 'NONE', #5586 ) ;
#11504 = EDGE_CURVE ( 'NONE', #11361, #3733, #3801, .T. ) ;
#11505 = VECTOR ( 'NONE', #3084, 1000.000000000000000 ) ;
#11506 = VECTOR ( 'NONE', #11837, 1000.000000000000000 ) ;
#11507 = ORIENTED_EDGE ( 'NONE', *, *, #5468, .F. ) ;
#11508 = EDGE_CURVE ( 'NONE', #745, #7882, #3883, .T. ) ;
#11509 = AXIS2_PLACEMENT_3D ( 'NONE', #11965, #10279, #2269 ) ;
#11510 = ORIENTED_EDGE ( 'NONE', *, *, #7214, .F. ) ;
#11511 = MANIFOLD_SOLID_BREP ( 'Cut-Extrude3[1]', #4631 ) ;
#11512 = ORIENTED_EDGE ( 'NONE', *, *, #5071, .F. ) ;
#11513 = DIRECTION ( 'NONE',  ( 1.000000000000000000, 0.000000000000000000, 1.707404996040164018E-16 ) ) ;
#11514 = CARTESIAN_POINT ( 'NONE',  ( -3.210000000000000409, 0.5000000000000000000, -2.875000000000000000 ) ) ;
#11515 = CARTESIAN_POINT ( 'NONE',  ( 4.360000000000001208, 0.3500000000000000333, -2.775000000000001688 ) ) ;
#11516 = DIRECTION ( 'NONE',  ( 0.000000000000000000, 1.000000000000000000, 0.000000000000000000 ) ) ;
#11517 = CARTESIAN_POINT ( 'NONE',  ( 6.350000000000001421, -1.570000000000000284, 9.650000000000000355 ) ) ;
#11518 = CARTESIAN_POINT ( 'NONE',  ( 4.209999999999999076, 0.03999999999999999389, -0.08499999999999989508 ) ) ;
#11519 = EDGE_CURVE ( 'NONE', #3026, #4320, #8132, .T. ) ;
#11520 = COLOUR_RGB ( '',0.2509803921568627416, 0.2509803921568627416, 0.2509803921568627416 ) ;
#11521 = ORIENTED_EDGE ( 'NONE', *, *, #7913, .F. ) ;
#11522 = FACE_BOUND ( 'NONE', #3115, .T. ) ;
#11523 = VERTEX_POINT ( 'NONE', #3821 ) ;
#11524 = CLOSED_SHELL ( 'NONE', ( #10861, #12301, #10481, #4312, #10641, #6193 ) ) ;
#11525 = ORIENTED_EDGE ( 'NONE', *, *, #9680, .T. ) ;
#11526 = VECTOR ( 'NONE', #6970, 1000.000000000000000 ) ;
#11527 = LINE ( 'NONE', #5908, #7446 ) ;
#11528 = DIRECTION ( 'NONE',  ( 1.000000000000000000, 0.000000000000000000, 0.000000000000000000 ) ) ;
#11529 = ORIENTED_EDGE ( 'NONE', *, *, #7919, .T. ) ;
#11530 = DIRECTION ( 'NONE',  ( 0.4472135954999587604, 0.7745966692414824051, -0.4472135954999587604 ) ) ;
#11531 = FILL_AREA_STYLE ('',( #1321 ) ) ;
#11532 = ORIENTED_EDGE ( 'NONE', *, *, #8214, .F. ) ;
#11533 = ORIENTED_EDGE ( 'NONE', *, *, #2279, .F. ) ;
#11534 = EDGE_CURVE ( 'NONE', #10029, #12421, #12214, .T. ) ;
#11535 = EDGE_CURVE ( 'NONE', #2008, #5607, #7757, .T. ) ;
#11536 = EDGE_CURVE ( 'NONE', #2899, #1954, #12031, .T. ) ;
#11537 = EDGE_CURVE ( 'NONE', #9601, #6982, #7887, .T. ) ;
#11538 =( GEOMETRIC_REPRESENTATION_CONTEXT ( 3 ) GLOBAL_UNCERTAINTY_ASSIGNED_CONTEXT ( ( #2297 ) ) GLOBAL_UNIT_ASSIGNED_CONTEXT ( ( #2918, #6653, #2839 ) ) REPRESENTATION_CONTEXT ( 'NONE', 'WORKASPACE' ) );
#11539 = EDGE_LOOP ( 'NONE', ( #5308, #12275, #1146, #12202 ) ) ;
#11540 = DIRECTION ( 'NONE',  ( 0.000000000000000000, 0.000000000000000000, 1.000000000000000000 ) ) ;
#11541 = SURFACE_SIDE_STYLE ('',( #5474 ) ) ;
#11542 = CARTESIAN_POINT ( 'NONE',  ( 3.259999999999997122, 0.3499999999999997002, -3.574999999999998401 ) ) ;
#11543 = ADVANCED_FACE ( 'NONE', ( #3757 ), #194, .F. ) ;
#11544 = DIRECTION ( 'NONE',  ( 0.000000000000000000, 0.000000000000000000, -1.000000000000000000 ) ) ;
#11545 = PLANE ( 'NONE',  #10988 ) ;
#11546 = DIRECTION ( 'NONE',  ( 0.000000000000000000, -1.000000000000000000, 0.000000000000000000 ) ) ;
#11547 = DIRECTION ( 'NONE',  ( 0.000000000000000000, 0.000000000000000000, -1.000000000000000000 ) ) ;
#11548 = CARTESIAN_POINT ( 'NONE',  ( -3.432161706211294572, -1.146355821698993971, -1.932161706211289909 ) ) ;
#11549 = VERTEX_POINT ( 'NONE', #5114 ) ;
#11550 = VERTEX_POINT ( 'NONE', #8932 ) ;
#11551 = CARTESIAN_POINT ( 'NONE',  ( 0.8050000000000000488, 0.1000000000000000056, 1.000000000000000000 ) ) ;
#11552 = ORIENTED_EDGE ( 'NONE', *, *, #10358, .F. ) ;
#11553 = PLANE ( 'NONE',  #5819 ) ;
#11554 = VERTEX_POINT ( 'NONE', #1057 ) ;
#11555 = AXIS2_PLACEMENT_3D ( 'NONE', #1160, #8958, #226 ) ;
#11556 = EDGE_LOOP ( 'NONE', ( #9250, #5339, #2823, #4682 ) ) ;
#11557 = CARTESIAN_POINT ( 'NONE',  ( 4.609999999999997655, 0.000000000000000000, -3.575000000000002842 ) ) ;
#11558 = VECTOR ( 'NONE', #2431, 1000.000000000000000 ) ;
#11559 = CARTESIAN_POINT ( 'NONE',  ( -3.432161706211294572, -1.146355821698993971, 1.932161706211294794 ) ) ;
#11560 = VECTOR ( 'NONE', #5625, 1000.000000000000000 ) ;
#11561 = DIRECTION ( 'NONE',  ( 3.491481338843133355E-15, 0.000000000000000000, 1.000000000000000000 ) ) ;
#11562 = EDGE_CURVE ( 'NONE', #5372, #6504, #8085, .T. ) ;
#11563 = EDGE_LOOP ( 'NONE', ( #5307, #1855, #5823, #366 ) ) ;
#11564 = EDGE_CURVE ( 'NONE', #8212, #6868, #12097, .T. ) ;
#11565 = AXIS2_PLACEMENT_3D ( 'NONE', #4792, #4014, #9747 ) ;
#11566 = ORIENTED_EDGE ( 'NONE', *, *, #7463, .T. ) ;
#11567 = ORIENTED_EDGE ( 'NONE', *, *, #646, .F. ) ;
#11568 = VECTOR ( 'NONE', #11477, 1000.000000000000000 ) ;
#11569 = VECTOR ( 'NONE', #4210, 1000.000000000000000 ) ;
#11570 = CARTESIAN_POINT ( 'NONE',  ( -1.835769684305115002, 1.399999999999999911, -0.1945532402683884943 ) ) ;
#11571 = ADVANCED_FACE ( 'NONE', ( #3607 ), #7023, .F. ) ;
#11572 = CLOSED_SHELL ( 'NONE', ( #9928, #8270, #8380, #7252, #6475, #5276 ) ) ;
#11573 = EDGE_CURVE ( 'NONE', #7657, #12277, #3538, .T. ) ;
#11574 = CARTESIAN_POINT ( 'NONE',  ( -3.250000000000000000, 1.149999999999999911, -1.199999999999999956 ) ) ;
#11575 = ORIENTED_EDGE ( 'NONE', *, *, #7214, .T. ) ;
#11576 = DIRECTION ( 'NONE',  ( 0.000000000000000000, 1.000000000000000000, 0.000000000000000000 ) ) ;
#11577 = DIRECTION ( 'NONE',  ( -1.707404996040164018E-16, 0.000000000000000000, 1.000000000000000000 ) ) ;
#11578 = EDGE_LOOP ( 'NONE', ( #4374, #11353 ) ) ;
#11579 = DIRECTION ( 'NONE',  ( 0.000000000000000000, -1.000000000000000000, 0.000000000000000000 ) ) ;
#11580 = CARTESIAN_POINT ( 'NONE',  ( 0.4398837366478682287, 0.000000000000000000, -1.434999999999999609 ) ) ;
#11581 = LINE ( 'NONE', #10151, #11622 ) ;
#11582 = CARTESIAN_POINT ( 'NONE',  ( 0.2049999999999999878, 0.000000000000000000, -0.4000000000000000222 ) ) ;
#11583 = CARTESIAN_POINT ( 'NONE',  ( -6.349999999999999645, 0.000000000000000000, 8.890000000000000568 ) ) ;
#11584 = LINE ( 'NONE', #1826, #7669 ) ;
#11585 = AXIS2_PLACEMENT_3D ( 'NONE', #4244, #8495, #12010 ) ;
#11586 = ORIENTED_EDGE ( 'NONE', *, *, #5912, .T. ) ;
#11587 = COLOUR_RGB ( '',0.7921568627450980005, 0.8196078431372548767, 0.9333333333333333481 ) ;
#11588 = EDGE_CURVE ( 'NONE', #3122, #1199, #7732, .T. ) ;
#11589 = VECTOR ( 'NONE', #1853, 1000.000000000000000 ) ;
#11590 = EDGE_CURVE ( 'NONE', #1044, #2905, #12123, .T. ) ;
#11591 = DIRECTION ( 'NONE',  ( 0.000000000000000000, 0.000000000000000000, 1.000000000000000000 ) ) ;
#11592 = VERTEX_POINT ( 'NONE', #8839 ) ;
#11593 = ORIENTED_EDGE ( 'NONE', *, *, #11745, .F. ) ;
#11594 = STYLED_ITEM ( 'NONE', ( #9689 ), #12200 ) ;
#11595 = LINE ( 'NONE', #11401, #7162 ) ;
#11596 = VECTOR ( 'NONE', #9313, 1000.000000000000000 ) ;
#11597 = AXIS2_PLACEMENT_3D ( 'NONE', #3287, #8197, #3380 ) ;
#11598 = EDGE_LOOP ( 'NONE', ( #3545, #3599, #11906, #2937 ) ) ;
#11599 = ORIENTED_EDGE ( 'NONE', *, *, #240, .F. ) ;
#11600 = VERTEX_POINT ( 'NONE', #3987 ) ;
#11601 = VERTEX_POINT ( 'NONE', #1859 ) ;
#11602 = LINE ( 'NONE', #11996, #3267 ) ;
#11603 =( NAMED_UNIT ( * ) PLANE_ANGLE_UNIT ( ) SI_UNIT ( $, .RADIAN. ) );
#11604 = CARTESIAN_POINT ( 'NONE',  ( 0.000000000000000000, -0.1000000000000000056, 0.000000000000000000 ) ) ;
#11605 = PLANE ( 'NONE',  #120 ) ;
#11606 = CARTESIAN_POINT ( 'NONE',  ( 3.810000000000000941, 0.000000000000000000, 8.890000000000000568 ) ) ;
#11607 = DIRECTION ( 'NONE',  ( 0.000000000000000000, 0.000000000000000000, 1.000000000000000000 ) ) ;
#11608 = DIRECTION ( 'NONE',  ( 0.000000000000000000, -1.000000000000000000, 1.016439536705159026E-15 ) ) ;
#11609 = FACE_OUTER_BOUND ( 'NONE', #6219, .T. ) ;
#11610 = ORIENTED_EDGE ( 'NONE', *, *, #12544, .T. ) ;
#11611 = CARTESIAN_POINT ( 'NONE',  ( -0.2049999999999999878, 0.000000000000000000, 1.000000000000000000 ) ) ;
#11612 = EDGE_LOOP ( 'NONE', ( #3755, #3773, #12024, #11800 ) ) ;
#11613 = VERTEX_POINT ( 'NONE', #5030 ) ;
#11614 = FACE_OUTER_BOUND ( 'NONE', #9990, .T. ) ;
#11615 = DIRECTION ( 'NONE',  ( 0.000000000000000000, -1.000000000000000000, 0.000000000000000000 ) ) ;
#11616 = ORIENTED_EDGE ( 'NONE', *, *, #185, .T. ) ;
#11617 = VECTOR ( 'NONE', #7989, 1000.000000000000000 ) ;
#11618 = AXIS2_PLACEMENT_3D ( 'NONE', #12569, #221, #3759 ) ;
#11619 = DIRECTION ( 'NONE',  ( 0.000000000000000000, -2.168404344971009115E-16, 1.000000000000000000 ) ) ;
#11620 = ORIENTED_EDGE ( 'NONE', *, *, #10441, .T. ) ;
#11621 = EDGE_LOOP ( 'NONE', ( #2520, #612, #8393, #4442 ) ) ;
#11622 = VECTOR ( 'NONE', #2219, 1000.000000000000000 ) ;
#11623 = EDGE_CURVE ( 'NONE', #3278, #10116, #11955, .T. ) ;
#11624 = LINE ( 'NONE', #11957, #11450 ) ;
#11625 = LINE ( 'NONE', #10202, #7528 ) ;
#11626 = EDGE_CURVE ( 'NONE', #6975, #7906, #7798, .T. ) ;
#11627 = VERTEX_POINT ( 'NONE', #1221 ) ;
#11628 = DIRECTION ( 'NONE',  ( 0.000000000000000000, 0.000000000000000000, 1.000000000000000000 ) ) ;
#11629 = CARTESIAN_POINT ( 'NONE',  ( -1.269999999999999352, -3.719604614807106024, 8.890000000000000568 ) ) ;
#11630 = DIRECTION ( 'NONE',  ( 0.000000000000000000, 1.000000000000000000, 0.000000000000000000 ) ) ;
#11631 = FACE_OUTER_BOUND ( 'NONE', #6264, .T. ) ;
#11632 = CARTESIAN_POINT ( 'NONE',  ( 3.299999999999999822, 0.3499999999999999778, 1.199999999999999956 ) ) ;
#11633 = CARTESIAN_POINT ( 'NONE',  ( -0.2049999999999999878, 0.1000000000000000056, 1.000000000000000000 ) ) ;
#11634 = PLANE ( 'NONE',  #3585 ) ;
#11635 = DIRECTION ( 'NONE',  ( 0.000000000000000000, -1.000000000000000000, 0.000000000000000000 ) ) ;
#11636 = DIRECTION ( 'NONE',  ( 0.000000000000000000, 1.000000000000000000, 0.000000000000000000 ) ) ;
#11637 = VERTEX_POINT ( 'NONE', #7695 ) ;
#11638 = VERTEX_POINT ( 'NONE', #6852 ) ;
#11639 = UNCERTAINTY_MEASURE_WITH_UNIT (LENGTH_MEASURE( 1.000000000000000082E-05 ), #5720, 'distance_accuracy_value', 'NONE');
#11640 = AXIS2_PLACEMENT_3D ( 'NONE', #3885, #1342, #1201 ) ;
#11641 = LINE ( 'NONE', #1938, #3029 ) ;
#11642 = FACE_OUTER_BOUND ( 'NONE', #12217, .T. ) ;
#11643 = ORIENTED_EDGE ( 'NONE', *, *, #7920, .T. ) ;
#11644 = COLOUR_RGB ( '',1.000000000000000000, 0.8117647058823529438, 0.5019607843137254832 ) ;
#11645 = DIRECTION ( 'NONE',  ( 0.000000000000000000, -1.000000000000000000, 0.000000000000000000 ) ) ;
#11646 = VERTEX_POINT ( 'NONE', #1285 ) ;
#11647 = ORIENTED_EDGE ( 'NONE', *, *, #5707, .T. ) ;
#11648 = VECTOR ( 'NONE', #8295, 1000.000000000000000 ) ;
#11649 = DIRECTION ( 'NONE',  ( -1.000000000000000000, 0.000000000000000000, 0.000000000000000000 ) ) ;
#11650 = DIRECTION ( 'NONE',  ( 1.000000000000000000, -0.000000000000000000, -0.000000000000000000 ) ) ;
#11651 = FACE_OUTER_BOUND ( 'NONE', #6302, .T. ) ;
#11652 = AXIS2_PLACEMENT_3D ( 'NONE', #356, #7076, #3290 ) ;
#11653 = DIRECTION ( 'NONE',  ( -0.000000000000000000, 3.226792180016381951E-17, 1.000000000000000000 ) ) ;
#11654 = VERTEX_POINT ( 'NONE', #7875 ) ;
#11655 = ADVANCED_FACE ( 'NONE', ( #3735 ), #2089, .F. ) ;
#11656 = STYLED_ITEM ( 'NONE', ( #12276 ), #5303 ) ;
#11657 = FACE_OUTER_BOUND ( 'NONE', #12096, .T. ) ;
#11658 = ORIENTED_EDGE ( 'NONE', *, *, #8842, .F. ) ;
#11659 = ORIENTED_EDGE ( 'NONE', *, *, #10939, .T. ) ;
#11660 = CIRCLE ( 'NONE', #11769, 0.7600000000000002309 ) ;
#11661 = EDGE_CURVE ( 'NONE', #12038, #2760, #7953, .T. ) ;
#11662 = LINE ( 'NONE', #10960, #2912 ) ;
#11663 = FILL_AREA_STYLE_COLOUR ( '', #10099 ) ;
#11664 = VERTEX_POINT ( 'NONE', #1520 ) ;
#11665 = AXIS2_PLACEMENT_3D ( 'NONE', #11329, #7429, #8491 ) ;
#11666 = CARTESIAN_POINT ( 'NONE',  ( -0.2049999999999999878, 0.1000000000000000056, -1.000000000000000000 ) ) ;
#11667 = DIRECTION ( 'NONE',  ( -3.491481338843133355E-15, 0.000000000000000000, -1.000000000000000000 ) ) ;
#11668 = CARTESIAN_POINT ( 'NONE',  ( -3.432161706211294572, 3.100000000000000089, -1.932161706211289909 ) ) ;
#11669 = EDGE_LOOP ( 'NONE', ( #4388, #10898, #8358, #4533 ) ) ;
#11670 = CARTESIAN_POINT ( 'NONE',  ( 1.669999999999999929, 0.3099999999999999978, -0.08499999999999961753 ) ) ;
#11671 = VERTEX_POINT ( 'NONE', #12393 ) ;
#11672 = DIRECTION ( 'NONE',  ( 0.000000000000000000, 1.362997016838921353E-15, -1.000000000000000000 ) ) ;
#11673 =( NAMED_UNIT ( * ) PLANE_ANGLE_UNIT ( ) SI_UNIT ( $, .RADIAN. ) );
#11674 = MECHANICAL_DESIGN_GEOMETRIC_PRESENTATION_REPRESENTATION (  '', ( #6490 ), #2994 ) ;
#11675 = CARTESIAN_POINT ( 'NONE',  ( 2.350000000000000089, 0.2999999999999999889, 1.199999999999999956 ) ) ;
#11676 = EDGE_CURVE ( 'NONE', #6850, #6455, #8059, .T. ) ;
#11677 = AXIS2_PLACEMENT_3D ( 'NONE', #10874, #10796, #233 ) ;
#11678 = VECTOR ( 'NONE', #10353, 1000.000000000000000 ) ;
#11679 = ORIENTED_EDGE ( 'NONE', *, *, #10485, .T. ) ;
#11680 = DIRECTION ( 'NONE',  ( -1.000000000000000000, 0.000000000000000000, -8.537024980200820092E-17 ) ) ;
#11681 = EDGE_CURVE ( 'NONE', #11592, #4693, #4596, .T. ) ;
#11682 = DIRECTION ( 'NONE',  ( -1.000000000000000000, 1.362997016838921353E-15, 3.491481338843133355E-15 ) ) ;
#11683 = ORIENTED_EDGE ( 'NONE', *, *, #9869, .T. ) ;
#11684 = VERTEX_POINT ( 'NONE', #8326 ) ;
#11685 = EDGE_CURVE ( 'NONE', #2624, #5062, #4395, .T. ) ;
#11686 = VECTOR ( 'NONE', #11260, 1000.000000000000000 ) ;
#11687 = VECTOR ( 'NONE', #9475, 1000.000000000000000 ) ;
#11688 = ADVANCED_FACE ( 'NONE', ( #8587, #4441 ), #9176, .T. ) ;
#11689 = ORIENTED_EDGE ( 'NONE', *, *, #6661, .F. ) ;
#11690 = ADVANCED_FACE ( 'NONE', ( #8542 ), #4437, .T. ) ;
#11691 = EDGE_CURVE ( 'NONE', #6196, #11160, #3, .T. ) ;
#11692 = ORIENTED_EDGE ( 'NONE', *, *, #2484, .F. ) ;
#11693 = EDGE_CURVE ( 'NONE', #7691, #500, #308, .T. ) ;
#11694 = ORIENTED_EDGE ( 'NONE', *, *, #7192, .F. ) ;
#11695 = VECTOR ( 'NONE', #7074, 1000.000000000000000 ) ;
#11696 = CARTESIAN_POINT ( 'NONE',  ( -5.714999999999998970, 0.000000000000000000, -0.5406000000000004135 ) ) ;
#11697 = CARTESIAN_POINT ( 'NONE',  ( 3.250000000000000000, 1.250000000000000000, 1.199999999999999956 ) ) ;
#11698 = CARTESIAN_POINT ( 'NONE',  ( 3.649999999999999911, 1.149999999999999911, 1.199999999999999956 ) ) ;
#11699 = DIRECTION ( 'NONE',  ( 1.000000000000000000, 0.000000000000000000, -3.491481338843133355E-15 ) ) ;
#11700 = DIRECTION ( 'NONE',  ( 0.000000000000000000, -1.000000000000000000, 0.000000000000000000 ) ) ;
#11701 = CARTESIAN_POINT ( 'NONE',  ( 3.409999999999998810, 0.3500000000000000333, -0.08499999999999986733 ) ) ;
#11702 = FACE_OUTER_BOUND ( 'NONE', #267, .T. ) ;
#11703 = CARTESIAN_POINT ( 'NONE',  ( 3.207837749589280030, 1.250000000000000000, 1.199999999999999956 ) ) ;
#11704 = VECTOR ( 'NONE', #3882, 1000.000000000000000 ) ;
#11705 = AXIS2_PLACEMENT_3D ( 'NONE', #1084, #1960, #1239 ) ;
#11706 = ORIENTED_EDGE ( 'NONE', *, *, #5125, .T. ) ;
#11707 = FACE_OUTER_BOUND ( 'NONE', #3930, .T. ) ;
#11708 = VECTOR ( 'NONE', #8712, 1000.000000000000000 ) ;
#11709 = DIRECTION ( 'NONE',  ( 0.000000000000000000, -1.000000000000000000, 0.000000000000000000 ) ) ;
#11710 = VERTEX_POINT ( 'NONE', #483 ) ;
#11711 = ORIENTED_EDGE ( 'NONE', *, *, #2979, .T. ) ;
#11712 = EDGE_CURVE ( 'NONE', #5010, #8083, #24, .T. ) ;
#11713 = FACE_OUTER_BOUND ( 'NONE', #11407, .T. ) ;
#11714 = VECTOR ( 'NONE', #1549, 1000.000000000000000 ) ;
#11715 = ORIENTED_EDGE ( 'NONE', *, *, #1006, .F. ) ;
#11716 = EDGE_LOOP ( 'NONE', ( #3689, #7137 ) ) ;
#11717 = EDGE_CURVE ( 'NONE', #3858, #10374, #8659, .T. ) ;
#11718 = DIRECTION ( 'NONE',  ( 1.000000000000000000, 0.000000000000000000, 0.000000000000000000 ) ) ;
#11719 = ORIENTED_EDGE ( 'NONE', *, *, #4393, .F. ) ;
#11720 = ORIENTED_EDGE ( 'NONE', *, *, #7769, .F. ) ;
#11721 = EDGE_CURVE ( 'NONE', #11646, #9152, #4507, .T. ) ;
#11722 = PRESENTATION_LAYER_ASSIGNMENT (  '', '', ( #2901 ) ) ;
#11723 = LINE ( 'NONE', #5348, #7456 ) ;
#11724 = LINE ( 'NONE', #4196, #7686 ) ;
#11725 = ORIENTED_EDGE ( 'NONE', *, *, #4638, .T. ) ;
#11726 = FACE_OUTER_BOUND ( 'NONE', #2677, .T. ) ;
#11727 = CARTESIAN_POINT ( 'NONE',  ( -0.8050000000000000488, 0.1000000000000000056, -1.000000000000000000 ) ) ;
#11728 = DIRECTION ( 'NONE',  ( 0.000000000000000000, 1.000000000000000000, 0.000000000000000000 ) ) ;
#11729 = VECTOR ( 'NONE', #2370, 1000.000000000000227 ) ;
#11730 = CARTESIAN_POINT ( 'NONE',  ( -5.714999999999998970, 0.000000000000000000, -1.364399999999998947 ) ) ;
#11731 = DIRECTION ( 'NONE',  ( 0.000000000000000000, 1.000000000000000000, 0.000000000000000000 ) ) ;
#11732 =( NAMED_UNIT ( * ) SI_UNIT ( $, .STERADIAN. ) SOLID_ANGLE_UNIT ( ) );
#11733 = DIRECTION ( 'NONE',  ( 0.000000000000000000, 0.000000000000000000, -1.000000000000000000 ) ) ;
#11734 = CARTESIAN_POINT ( 'NONE',  ( 1.669999999999999929, 0.000000000000000000, -1.434999999999999609 ) ) ;
#11735 = ORIENTED_EDGE ( 'NONE', *, *, #213, .F. ) ;
#11736 = ORIENTED_EDGE ( 'NONE', *, *, #8470, .T. ) ;
#11737 = PLANE ( 'NONE',  #4704 ) ;
#11738 = FACE_OUTER_BOUND ( 'NONE', #2470, .T. ) ;
#11739 = LINE ( 'NONE', #10056, #7402 ) ;
#11740 = DIRECTION ( 'NONE',  ( 0.000000000000000000, 1.000000000000000000, 0.000000000000000000 ) ) ;
#11741 = ORIENTED_EDGE ( 'NONE', *, *, #10770, .F. ) ;
#11742 = DIRECTION ( 'NONE',  ( 0.000000000000000000, 0.000000000000000000, 1.000000000000000000 ) ) ;
#11743 = ORIENTED_EDGE ( 'NONE', *, *, #8597, .F. ) ;
#11744 = VERTEX_POINT ( 'NONE', #3593 ) ;
#11745 = EDGE_CURVE ( 'NONE', #5403, #11613, #8433, .T. ) ;
#11746 = FACE_OUTER_BOUND ( 'NONE', #11335, .T. ) ;
#11747 = CARTESIAN_POINT ( 'NONE',  ( -0.7449999999999999956, 1.550000000000000044, -1.129999999999999893 ) ) ;
#11748 = AXIS2_PLACEMENT_3D ( 'NONE', #6310, #10017, #9440 ) ;
#11749 = VECTOR ( 'NONE', #4816, 1000.000000000000000 ) ;
#11750 = DIRECTION ( 'NONE',  ( 0.000000000000000000, 0.000000000000000000, -1.000000000000000000 ) ) ;
#11751 = ORIENTED_EDGE ( 'NONE', *, *, #8801, .T. ) ;
#11752 = VECTOR ( 'NONE', #7045, 1000.000000000000000 ) ;
#11753 = VECTOR ( 'NONE', #3641, 1000.000000000000000 ) ;
#11754 = EDGE_LOOP ( 'NONE', ( #2888, #8339 ) ) ;
#11755 = ORIENTED_EDGE ( 'NONE', *, *, #3307, .F. ) ;
#11756 = LINE ( 'NONE', #2860, #3510 ) ;
#11757 = VECTOR ( 'NONE', #810, 1000.000000000000000 ) ;
#11758 = PLANE ( 'NONE',  #2393 ) ;
#11759 = ORIENTED_EDGE ( 'NONE', *, *, #8732, .F. ) ;
#11760 = CARTESIAN_POINT ( 'NONE',  ( 1.814999999999999947, 0.000000000000000000, 1.000000000000000000 ) ) ;
#11761 = CARTESIAN_POINT ( 'NONE',  ( 1.920000000000000151, 1.550000000000000044, 1.129999999999999893 ) ) ;
#11762 = DIRECTION ( 'NONE',  ( 1.000000000000000000, 0.000000000000000000, 0.000000000000000000 ) ) ;
#11763 = ORIENTED_EDGE ( 'NONE', *, *, #2656, .T. ) ;
#11764 = DIRECTION ( 'NONE',  ( 0.000000000000000000, 1.000000000000000000, 0.000000000000000000 ) ) ;
#11765 = CARTESIAN_POINT ( 'NONE',  ( 1.214999999999999858, 0.1000000000000000056, -1.000000000000000000 ) ) ;
#11766 = PRODUCT_DEFINITION_CONTEXT ( 'detailed design', #8687, 'design' ) ;
#11767 = VERTEX_POINT ( 'NONE', #3318 ) ;
#11768 = DIRECTION ( 'NONE',  ( -1.000000000000000000, -5.421010862427530059E-16, 0.000000000000000000 ) ) ;
#11769 = AXIS2_PLACEMENT_3D ( 'NONE', #10356, #11287, #314 ) ;
#11770 = CARTESIAN_POINT ( 'NONE',  ( -6.984999999999999432, -0.1000000000000000056, -0.5406000000000005246 ) ) ;
#11771 = DIRECTION ( 'NONE',  ( 0.000000000000000000, 1.000000000000000000, 0.000000000000000000 ) ) ;
#11772 = CARTESIAN_POINT ( 'NONE',  ( -1.430000000000000160, 1.550000000000000044, 0.000000000000000000 ) ) ;
#11773 = EDGE_CURVE ( 'NONE', #2051, #3326, #4193, .T. ) ;
#11774 = AXIS2_PLACEMENT_3D ( 'NONE', #5393, #11187, #1539 ) ;
#11775 = VERTEX_POINT ( 'NONE', #5609 ) ;
#11776 = DIRECTION ( 'NONE',  ( 0.000000000000000000, 0.000000000000000000, -1.000000000000000000 ) ) ;
#11777 = ADVANCED_FACE ( 'NONE', ( #181 ), #7189, .T. ) ;
#11778 = LINE ( 'NONE', #2947, #11841 ) ;
#11779 = DIRECTION ( 'NONE',  ( 1.000000000000000000, -1.084202172485506209E-15, -3.491481338843133355E-15 ) ) ;
#11780 = VERTEX_POINT ( 'NONE', #10413 ) ;
#11781 = ORIENTED_EDGE ( 'NONE', *, *, #2955, .F. ) ;
#11782 = VECTOR ( 'NONE', #5937, 1000.000000000000000 ) ;
#11783 = LINE ( 'NONE', #7012, #12043 ) ;
#11784 = ORIENTED_EDGE ( 'NONE', *, *, #4103, .F. ) ;
#11785 = ORIENTED_EDGE ( 'NONE', *, *, #568, .T. ) ;
#11786 = ORIENTED_EDGE ( 'NONE', *, *, #10107, .T. ) ;
#11787 = ADVANCED_FACE ( 'NONE', ( #260 ), #279, .F. ) ;
#11788 = ORIENTED_EDGE ( 'NONE', *, *, #6240, .T. ) ;
#11789 = VECTOR ( 'NONE', #12542, 1000.000000000000000 ) ;
#11790 = CARTESIAN_POINT ( 'NONE',  ( -1.214999999999999858, 0.1000000000000000056, 1.000000000000000000 ) ) ;
#11791 = SURFACE_STYLE_USAGE ( .BOTH. , #6714 ) ;
#11792 = DIRECTION ( 'NONE',  ( -1.707404996040164018E-16, 0.000000000000000000, 1.000000000000000000 ) ) ;
#11793 = DIRECTION ( 'NONE',  ( 1.000000000000000000, 0.000000000000000000, 0.000000000000000000 ) ) ;
#11794 = DIRECTION ( 'NONE',  ( -0.000000000000000000, 1.000000000000000000, -0.000000000000000000 ) ) ;
#11795 = ORIENTED_EDGE ( 'NONE', *, *, #10503, .T. ) ;
#11796 = VECTOR ( 'NONE', #9745, 1000.000000000000000 ) ;
#11797 = DIRECTION ( 'NONE',  ( 0.000000000000000000, -1.016439536705159026E-15, -1.000000000000000000 ) ) ;
#11798 = VECTOR ( 'NONE', #11222, 1000.000000000000000 ) ;
#11799 = DIRECTION ( 'NONE',  ( 1.000000000000000000, 0.000000000000000000, 0.000000000000000000 ) ) ;
#11800 = ORIENTED_EDGE ( 'NONE', *, *, #9132, .F. ) ;
#11801 = ORIENTED_EDGE ( 'NONE', *, *, #9535, .F. ) ;
#11802 = VECTOR ( 'NONE', #9001, 1000.000000000000000 ) ;
#11803 = ADVANCED_FACE ( 'NONE', ( #8613 ), #4241, .T. ) ;
#11804 = DIRECTION ( 'NONE',  ( 0.000000000000000000, 0.000000000000000000, -1.000000000000000000 ) ) ;
#11805 = ORIENTED_EDGE ( 'NONE', *, *, #2390, .T. ) ;
#11806 = ADVANCED_FACE ( 'NONE', ( #4352 ), #6466, .F. ) ;
#11807 = CARTESIAN_POINT ( 'NONE',  ( 1.214999999999999858, 0.1000000000000000056, 0.4000000000000000222 ) ) ;
#11808 = VERTEX_POINT ( 'NONE', #9525 ) ;
#11809 = ORIENTED_EDGE ( 'NONE', *, *, #8777, .F. ) ;
#11810 = SURFACE_STYLE_FILL_AREA ( #8707 ) ;
#11811 = UNCERTAINTY_MEASURE_WITH_UNIT (LENGTH_MEASURE( 1.000000000000000082E-05 ), #766, 'distance_accuracy_value', 'NONE');
#11812 = UNCERTAINTY_MEASURE_WITH_UNIT (LENGTH_MEASURE( 1.000000000000000082E-05 ), #3427, 'distance_accuracy_value', 'NONE');
#11813 = AXIS2_PLACEMENT_3D ( 'NONE', #726, #7349, #12375 ) ;
#11814 = FACE_OUTER_BOUND ( 'NONE', #9348, .T. ) ;
#11815 = ORIENTED_EDGE ( 'NONE', *, *, #2426, .F. ) ;
#11816 = COLOUR_RGB ( '',0.9960784313725490335, 0.8705882352941176627, 0.7607843137254901578 ) ;
#11817 = DIRECTION ( 'NONE',  ( 0.000000000000000000, 1.000000000000000000, 0.000000000000000000 ) ) ;
#11818 = LINE ( 'NONE', #1636, #11798 ) ;
#11819 = CARTESIAN_POINT ( 'NONE',  ( 1.920000000000000151, 1.550000000000000044, -1.129999999999999893 ) ) ;
#11820 = DIRECTION ( 'NONE',  ( 0.000000000000000000, 1.000000000000000000, 0.000000000000000000 ) ) ;
#11821 = DIRECTION ( 'NONE',  ( -8.537024980200820092E-17, 0.000000000000000000, 1.000000000000000000 ) ) ;
#11822 = ORIENTED_EDGE ( 'NONE', *, *, #2276, .T. ) ;
#11823 = VERTEX_POINT ( 'NONE', #1887 ) ;
#11824 = MANIFOLD_SOLID_BREP ( 'Body-Move/Copy1[1]', #8693 ) ;
#11825 = LINE ( 'NONE', #10748, #12016 ) ;
#11826 = CARTESIAN_POINT ( 'NONE',  ( 1.814999999999999947, 0.1000000000000000056, 0.4000000000000000222 ) ) ;
#11827 = VERTEX_POINT ( 'NONE', #5978 ) ;
#11828 = AXIS2_PLACEMENT_3D ( 'NONE', #9951, #11942, #297 ) ;
#11829 = DIRECTION ( 'NONE',  ( -0.000000000000000000, -1.000000000000000000, 1.016439536705159026E-15 ) ) ;
#11830 = ORIENTED_EDGE ( 'NONE', *, *, #9072, .T. ) ;
#11831 = ORIENTED_EDGE ( 'NONE', *, *, #12168, .F. ) ;
#11832 = VECTOR ( 'NONE', #8388, 1000.000000000000000 ) ;
#11833 = EDGE_CURVE ( 'NONE', #12490, #8207, #77, .T. ) ;
#11834 = DIRECTION ( 'NONE',  ( -1.000000000000000000, -3.226792180016381951E-17, 3.491481338843133355E-15 ) ) ;
#11835 = CARTESIAN_POINT ( 'NONE',  ( -1.787840521931829851, 1.488742470162589981, -0.1833366596721389963 ) ) ;
#11836 = EDGE_CURVE ( 'NONE', #88, #3391, #95, .T. ) ;
#11837 = DIRECTION ( 'NONE',  ( -1.000000000000000000, 0.000000000000000000, -4.517509052022940401E-16 ) ) ;
#11838 = DIRECTION ( 'NONE',  ( 0.000000000000000000, 0.000000000000000000, -1.000000000000000000 ) ) ;
#11839 = ORIENTED_EDGE ( 'NONE', *, *, #45, .F. ) ;
#11840 = VECTOR ( 'NONE', #6876, 1000.000000000000000 ) ;
#11841 = VECTOR ( 'NONE', #8041, 1000.000000000000000 ) ;
#11842 = ORIENTED_EDGE ( 'NONE', *, *, #4589, .T. ) ;
#11843 = ORIENTED_EDGE ( 'NONE', *, *, #3188, .T. ) ;
#11844 = VECTOR ( 'NONE', #2078, 1000.000000000000000 ) ;
#11845 = LINE ( 'NONE', #10596, #12345 ) ;
#11846 = CARTESIAN_POINT ( 'NONE',  ( -1.773441267115920095, 1.497098533397071884, 0.1798307939682844969 ) ) ;
#11847 = ORIENTED_EDGE ( 'NONE', *, *, #5099, .T. ) ;
#11848 = PLANE ( 'NONE',  #7351 ) ;
#11849 = CARTESIAN_POINT ( 'NONE',  ( -4.410000000000001030, 0.5000000000000000000, -2.875000000000000000 ) ) ;
#11850 = ORIENTED_EDGE ( 'NONE', *, *, #1696, .F. ) ;
#11851 = CARTESIAN_POINT ( 'NONE',  ( -0.9700000000000001954, 0.5000000000000000000, -0.2850000000000003642 ) ) ;
#11852 = DIRECTION ( 'NONE',  ( 0.000000000000000000, 0.000000000000000000, 1.000000000000000000 ) ) ;
#11853 = ORIENTED_EDGE ( 'NONE', *, *, #4737, .F. ) ;
#11854 = DIRECTION ( 'NONE',  ( -0.000000000000000000, 1.000000000000000000, -1.016439536705159026E-15 ) ) ;
#11855 = CARTESIAN_POINT ( 'NONE',  ( 0.8050000000000000488, 0.1000000000000000056, 0.4000000000000000222 ) ) ;
#11856 = DIRECTION ( 'NONE',  ( 0.000000000000000000, 0.000000000000000000, -1.000000000000000000 ) ) ;
#11857 = EDGE_CURVE ( 'NONE', #3026, #12454, #4306, .T. ) ;
#11858 = LINE ( 'NONE', #6819, #3489 ) ;
#11859 = CARTESIAN_POINT ( 'NONE',  ( 0.000000000000000000, 0.5000000000000000000, 0.000000000000000000 ) ) ;
#11860 = EDGE_CURVE ( 'NONE', #320, #3080, #8523, .T. ) ;
#11861 = EDGE_CURVE ( 'NONE', #5726, #6209, #4531, .T. ) ;
#11862 = EDGE_CURVE ( 'NONE', #12467, #36, #8747, .T. ) ;
#11863 = VERTEX_POINT ( 'NONE', #44 ) ;
#11864 = SURFACE_STYLE_FILL_AREA ( #10094 ) ;
#11865 = CARTESIAN_POINT ( 'NONE',  ( 0.4398837366478682287, 0.3499999999999997002, -1.185000000000000053 ) ) ;
#11866 = ORIENTED_EDGE ( 'NONE', *, *, #4670, .T. ) ;
#11867 = VERTEX_POINT ( 'NONE', #7541 ) ;
#11868 = CIRCLE ( 'NONE', #8315, 0.3500000000000000333 ) ;
#11869 = EDGE_LOOP ( 'NONE', ( #2966, #5816, #7138, #10143 ) ) ;
#11870 = VERTEX_POINT ( 'NONE', #1739 ) ;
#11871 = ORIENTED_EDGE ( 'NONE', *, *, #11661, .T. ) ;
#11872 = LINE ( 'NONE', #5772, #11695 ) ;
#11873 = DIRECTION ( 'NONE',  ( 1.000000000000000000, -0.000000000000000000, 0.000000000000000000 ) ) ;
#11874 = CARTESIAN_POINT ( 'NONE',  ( 5.714999999999999858, -0.1000000000000000056, 0.4952999999999994074 ) ) ;
#11875 = DIRECTION ( 'NONE',  ( -1.122268564789513721E-16, 0.000000000000000000, -1.000000000000000000 ) ) ;
#11876 = CARTESIAN_POINT ( 'NONE',  ( -3.809999999999999609, -3.719604614807106024, 8.379999999999999005 ) ) ;
#11877 = CARTESIAN_POINT ( 'NONE',  ( 3.810000000000000941, -1.570000000000000284, 8.890000000000000568 ) ) ;
#11878 = CARTESIAN_POINT ( 'NONE',  ( -6.984999999999999432, -0.1000000000000000056, -1.364399999999999169 ) ) ;
#11879 = DIRECTION ( 'NONE',  ( -1.000000000000000000, 0.000000000000000000, -0.000000000000000000 ) ) ;
#11880 = ORIENTED_EDGE ( 'NONE', *, *, #7554, .F. ) ;
#11881 = ADVANCED_FACE ( 'NONE', ( #8815 ), #8180, .T. ) ;
#11882 = CARTESIAN_POINT ( 'NONE',  ( 6.985000000000000320, -0.1000000000000000056, -0.9524999999999996803 ) ) ;
#11883 = LINE ( 'NONE', #11760, #11968 ) ;
#11884 = ADVANCED_FACE ( 'NONE', ( #4178 ), #7727, .T. ) ;
#11885 = AXIS2_PLACEMENT_3D ( 'NONE', #3286, #12265, #9149 ) ;
#11886 = DIRECTION ( 'NONE',  ( 0.000000000000000000, 0.000000000000000000, 1.000000000000000000 ) ) ;
#11887 = VERTEX_POINT ( 'NONE', #6636 ) ;
#11888 = ORIENTED_EDGE ( 'NONE', *, *, #4962, .F. ) ;
#11889 = LINE ( 'NONE', #1122, #11782 ) ;
#11890 = CARTESIAN_POINT ( 'NONE',  ( 3.074323956622009746, 0.2999999999999999889, 1.974323956622009879 ) ) ;
#11891 = ORIENTED_EDGE ( 'NONE', *, *, #4953, .F. ) ;
#11892 = VERTEX_POINT ( 'NONE', #11701 ) ;
#11893 = ORIENTED_EDGE ( 'NONE', *, *, #3103, .T. ) ;
#11894 = VECTOR ( 'NONE', #6937, 1000.000000000000000 ) ;
#11895 = CARTESIAN_POINT ( 'NONE',  ( -5.714999999999998970, -1.519903165712366722, -0.5406000000000004135 ) ) ;
#11896 = LINE ( 'NONE', #6188, #3271 ) ;
#11897 = VECTOR ( 'NONE', #7207, 1000.000000000000000 ) ;
#11898 = CARTESIAN_POINT ( 'NONE',  ( -1.430000000000000160, 1.500000000000000000, 0.000000000000000000 ) ) ;
#11899 = VERTEX_POINT ( 'NONE', #11518 ) ;
#11900 = DIRECTION ( 'NONE',  ( 0.000000000000000000, 0.000000000000000000, 1.000000000000000000 ) ) ;
#11901 = LINE ( 'NONE', #4846, #7601 ) ;
#11902 = PLANE ( 'NONE',  #9134 ) ;
#11903 = DIRECTION ( 'NONE',  ( -8.537024980200821325E-17, -0.000000000000000000, -1.000000000000000000 ) ) ;
#11904 = CARTESIAN_POINT ( 'NONE',  ( 1.750000000000000000, 0.2999999999999999889, -1.750000000000000000 ) ) ;
#11905 = ORIENTED_EDGE ( 'NONE', *, *, #216, .T. ) ;
#11906 = ORIENTED_EDGE ( 'NONE', *, *, #4169, .F. ) ;
#11907 = MECHANICAL_DESIGN_GEOMETRIC_PRESENTATION_REPRESENTATION (  '', ( #5889 ), #9277 ) ;
#11908 = CIRCLE ( 'NONE', #8490, 0.5500000000000000444 ) ;
#11909 = AXIS2_PLACEMENT_3D ( 'NONE', #1095, #7546, #3691 ) ;
#11910 = ADVANCED_FACE ( 'NONE', ( #8389 ), #883, .T. ) ;
#11911 = PLANE ( 'NONE',  #11652 ) ;
#11912 = ORIENTED_EDGE ( 'NONE', *, *, #9686, .T. ) ;
#11913 = ORIENTED_EDGE ( 'NONE', *, *, #1058, .F. ) ;
#11914 = DIRECTION ( 'NONE',  ( -1.000000000000000000, 0.000000000000000000, -6.324512672832110842E-16 ) ) ;
#11915 = EDGE_LOOP ( 'NONE', ( #56, #4005, #8734, #4423 ) ) ;
#11916 = PRODUCT_DEFINITION_CONTEXT ( 'detailed design', #9351, 'design' ) ;
#11917 = EDGE_LOOP ( 'NONE', ( #12267, #4363, #8825, #2149 ) ) ;
#11918 = VECTOR ( 'NONE', #4946, 1000.000000000000000 ) ;
#11919 = CARTESIAN_POINT ( 'NONE',  ( -1.430000000000000160, 1.399999999999999911, 0.000000000000000000 ) ) ;
#11920 = DIRECTION ( 'NONE',  ( -0.000000000000000000, -1.000000000000000000, -0.000000000000000000 ) ) ;
#11921 = VECTOR ( 'NONE', #10272, 1000.000000000000000 ) ;
#11922 = CARTESIAN_POINT ( 'NONE',  ( 0.8699999999999997735, 0.3099999999999999978, 0.1250000000000003331 ) ) ;
#11923 = PLANE ( 'NONE',  #6419 ) ;
#11924 = PRODUCT_DEFINITION_FORMATION_WITH_SPECIFIED_SOURCE ( 'ANY', '', #29, .NOT_KNOWN. ) ;
#11925 = LINE ( 'NONE', #11385, #12614 ) ;
#11926 = ORIENTED_EDGE ( 'NONE', *, *, #3747, .T. ) ;
#11927 = AXIS2_PLACEMENT_3D ( 'NONE', #8850, #6617, #2729 ) ;
#11928 = ORIENTED_EDGE ( 'NONE', *, *, #12001, .F. ) ;
#11929 = ORIENTED_EDGE ( 'NONE', *, *, #10798, .F. ) ;
#11930 = LINE ( 'NONE', #7950, #7551 ) ;
#11931 = DIRECTION ( 'NONE',  ( -1.000000000000000000, 0.000000000000000000, -0.000000000000000000 ) ) ;
#11932 = EDGE_LOOP ( 'NONE', ( #8144, #5813, #7533, #9700 ) ) ;
#11933 =( GEOMETRIC_REPRESENTATION_CONTEXT ( 3 ) GLOBAL_UNCERTAINTY_ASSIGNED_CONTEXT ( ( #5807 ) ) GLOBAL_UNIT_ASSIGNED_CONTEXT ( ( #8409, #2397, #6382 ) ) REPRESENTATION_CONTEXT ( 'NONE', 'WORKASPACE' ) );
#11934 = DIRECTION ( 'NONE',  ( 0.000000000000000000, -0.000000000000000000, 1.000000000000000000 ) ) ;
#11935 = EDGE_LOOP ( 'NONE', ( #7820, #7685, #8468, #2050 ) ) ;
#11936 = DIRECTION ( 'NONE',  ( 0.000000000000000000, -1.000000000000000000, 0.000000000000000000 ) ) ;
#11937 = DIRECTION ( 'NONE',  ( -1.000000000000000000, 0.000000000000000000, 3.491481338843133355E-15 ) ) ;
#11938 = VERTEX_POINT ( 'NONE', #7903 ) ;
#11939 = CARTESIAN_POINT ( 'NONE',  ( 5.714999999999999858, -0.1000000000000000056, -1.765299999999999203 ) ) ;
#11940 = CARTESIAN_POINT ( 'NONE',  ( 1.969999999999999973, 7.692733390912210645, 1.180000000000000160 ) ) ;
#11941 = VECTOR ( 'NONE', #4079, 1000.000000000000000 ) ;
#11942 = DIRECTION ( 'NONE',  ( 0.000000000000000000, 1.000000000000000000, 0.000000000000000000 ) ) ;
#11943 = ADVANCED_FACE ( 'NONE', ( #448 ), #7817, .F. ) ;
#11944 = EDGE_CURVE ( 'NONE', #3187, #7085, #9291, .T. ) ;
#11945 = EDGE_LOOP ( 'NONE', ( #6642, #11981, #12127, #8090 ) ) ;
#11946 = FACE_OUTER_BOUND ( 'NONE', #49, .T. ) ;
#11947 = CARTESIAN_POINT ( 'NONE',  ( 3.250000000000000000, 1.149999999999999911, 1.199999999999999956 ) ) ;
#11948 = ORIENTED_EDGE ( 'NONE', *, *, #9469, .F. ) ;
#11949 = ORIENTED_EDGE ( 'NONE', *, *, #8181, .T. ) ;
#11950 = LINE ( 'NONE', #1346, #11802 ) ;
#11951 = ORIENTED_EDGE ( 'NONE', *, *, #4812, .F. ) ;
#11952 = ORIENTED_EDGE ( 'NONE', *, *, #1597, .F. ) ;
#11953 = ORIENTED_EDGE ( 'NONE', *, *, #7644, .T. ) ;
#11954 = ORIENTED_EDGE ( 'NONE', *, *, #9486, .F. ) ;
#11955 = LINE ( 'NONE', #10687, #12140 ) ;
#11956 = CARTESIAN_POINT ( 'NONE',  ( 7.619999999999999218, -1.570000000000000062, -10.16000000000000192 ) ) ;
#11957 = CARTESIAN_POINT ( 'NONE',  ( -1.214999999999999858, 0.000000000000000000, 1.000000000000000000 ) ) ;
#11958 = DIRECTION ( 'NONE',  ( 0.000000000000000000, 0.000000000000000000, -1.000000000000000000 ) ) ;
#11959 = CARTESIAN_POINT ( 'NONE',  ( -1.969999999999999973, 0.2000000000000000111, 1.180000000000000160 ) ) ;
#11960 = DIRECTION ( 'NONE',  ( -1.000000000000000000, 0.000000000000000000, 0.000000000000000000 ) ) ;
#11961 = SURFACE_SIDE_STYLE ('',( #7371 ) ) ;
#11962 = FILL_AREA_STYLE ('',( #10948 ) ) ;
#11963 = DIRECTION ( 'NONE',  ( 0.000000000000000000, 0.000000000000000000, 1.000000000000000000 ) ) ;
#11964 = FACE_OUTER_BOUND ( 'NONE', #7605, .T. ) ;
#11965 = CARTESIAN_POINT ( 'NONE',  ( 5.714999999999999858, -1.519903165712366722, -0.1397000000000006292 ) ) ;
#11966 = DIRECTION ( 'NONE',  ( 0.000000000000000000, 0.000000000000000000, 1.000000000000000000 ) ) ;
#11967 = VERTEX_POINT ( 'NONE', #5757 ) ;
#11968 = VECTOR ( 'NONE', #7782, 1000.000000000000000 ) ;
#11969 = EDGE_CURVE ( 'NONE', #11808, #8467, #9196, .T. ) ;
#11970 = DIRECTION ( 'NONE',  ( 0.000000000000000000, 1.000000000000000000, 0.000000000000000000 ) ) ;
#11971 = VERTEX_POINT ( 'NONE', #914 ) ;
#11972 = ORIENTED_EDGE ( 'NONE', *, *, #3811, .F. ) ;
#11973 = VECTOR ( 'NONE', #8733, 1000.000000000000000 ) ;
#11974 = UNCERTAINTY_MEASURE_WITH_UNIT (LENGTH_MEASURE( 1.000000000000000082E-05 ), #2296, 'distance_accuracy_value', 'NONE');
#11975 = PLANE ( 'NONE',  #10607 ) ;
#11976 = VERTEX_POINT ( 'NONE', #7636 ) ;
#11977 = UNCERTAINTY_MEASURE_WITH_UNIT (LENGTH_MEASURE( 1.000000000000000082E-05 ), #7026, 'distance_accuracy_value', 'NONE');
#11978 = FILL_AREA_STYLE_COLOUR ( '', #4963 ) ;
#11979 = DIRECTION ( 'NONE',  ( 1.000000000000000000, 0.000000000000000000, 0.000000000000000000 ) ) ;
#11980 = VERTEX_POINT ( 'NONE', #8866 ) ;
#11981 = ORIENTED_EDGE ( 'NONE', *, *, #3184, .F. ) ;
#11982 = EDGE_CURVE ( 'NONE', #7538, #12245, #4662, .T. ) ;
#11983 = AXIS2_PLACEMENT_3D ( 'NONE', #9754, #10649, #11619 ) ;
#11984 = ORIENTED_EDGE ( 'NONE', *, *, #7585, .F. ) ;
#11985 = AXIS2_PLACEMENT_3D ( 'NONE', #10618, #10027, #4262 ) ;
#11986 = DIRECTION ( 'NONE',  ( 0.000000000000000000, 1.000000000000000000, 0.000000000000000000 ) ) ;
#11987 = ADVANCED_FACE ( 'NONE', ( #4933 ), #137, .F. ) ;
#11988 = PLANE ( 'NONE',  #2482 ) ;
#11989 = MANIFOLD_SOLID_BREP ( 'NONE', #939 ) ;
#11990 = DIRECTION ( 'NONE',  ( 1.000000000000000000, 0.000000000000000000, 0.000000000000000000 ) ) ;
#11991 =( NAMED_UNIT ( * ) PLANE_ANGLE_UNIT ( ) SI_UNIT ( $, .RADIAN. ) );
#11992 = ADVANCED_FACE ( 'NONE', ( #4818 ), #327, .F. ) ;
#11993 = CARTESIAN_POINT ( 'NONE',  ( 3.049999999999998046, 0.3099999999999999978, -3.574999999999997513 ) ) ;
#11994 = EDGE_LOOP ( 'NONE', ( #3407, #1117, #5296, #11586, #2566, #11679, #3246, #1149 ) ) ;
#11995 = ORIENTED_EDGE ( 'NONE', *, *, #7430, .F. ) ;
#11996 = CARTESIAN_POINT ( 'NONE',  ( -3.250000000000000000, 0.2999999999999999889, -1.974323956622009879 ) ) ;
#11997 = FACE_OUTER_BOUND ( 'NONE', #7501, .T. ) ;
#11998 = DIRECTION ( 'NONE',  ( 0.000000000000000000, -0.000000000000000000, 1.000000000000000000 ) ) ;
#11999 = ORIENTED_EDGE ( 'NONE', *, *, #2134, .F. ) ;
#12000 = CARTESIAN_POINT ( 'NONE',  ( 0.4398837366478682287, 0.000000000000000000, -1.434999999999999609 ) ) ;
#12001 = EDGE_CURVE ( 'NONE', #5301, #2169, #836, .T. ) ;
#12002 = CARTESIAN_POINT ( 'NONE',  ( -7.620000000000000995, -1.570000000000000062, -10.16000000000000192 ) ) ;
#12003 = ORIENTED_EDGE ( 'NONE', *, *, #11366, .F. ) ;
#12004 = VERTEX_POINT ( 'NONE', #12146 ) ;
#12005 = LINE ( 'NONE', #11144, #3776 ) ;
#12006 = CARTESIAN_POINT ( 'NONE',  ( -1.805769684305110090, 1.455483594274799897, -0.1876090199250475266 ) ) ;
#12007 = LINE ( 'NONE', #415, #12033 ) ;
#12008 = FACE_OUTER_BOUND ( 'NONE', #10658, .T. ) ;
#12009 = CARTESIAN_POINT ( 'NONE',  ( 1.949289321881343184, 1.550000000000001155, -1.159289321881344703 ) ) ;
#12010 = DIRECTION ( 'NONE',  ( -1.122268564789513721E-16, 0.000000000000000000, -1.000000000000000000 ) ) ;
#12011 = EDGE_CURVE ( 'NONE', #6213, #723, #9159, .T. ) ;
#12012 = ORIENTED_EDGE ( 'NONE', *, *, #6008, .T. ) ;
#12013 = VERTEX_POINT ( 'NONE', #2438 ) ;
#12014 = ORIENTED_EDGE ( 'NONE', *, *, #395, .T. ) ;
#12015 = EDGE_CURVE ( 'NONE', #5498, #6380, #473, .T. ) ;
#12016 = VECTOR ( 'NONE', #3121, 1000.000000000000000 ) ;
#12017 = ADVANCED_FACE ( 'NONE', ( #622 ), #3076, .F. ) ;
#12018 = EDGE_CURVE ( 'NONE', #4902, #9573, #4772, .T. ) ;
#12019 = ORIENTED_EDGE ( 'NONE', *, *, #5037, .F. ) ;
#12020 = ORIENTED_EDGE ( 'NONE', *, *, #4082, .F. ) ;
#12021 =( NAMED_UNIT ( * ) PLANE_ANGLE_UNIT ( ) SI_UNIT ( $, .RADIAN. ) );
#12022 = ADVANCED_FACE ( 'NONE', ( #4910 ), #4373, .F. ) ;
#12023 = PLANE ( 'NONE',  #6252 ) ;
#12024 = ORIENTED_EDGE ( 'NONE', *, *, #10741, .F. ) ;
#12025 = CARTESIAN_POINT ( 'NONE',  ( 0.8050000000000000488, 0.1000000000000000056, 0.4000000000000000222 ) ) ;
#12026 = PLANE ( 'NONE',  #11219 ) ;
#12027 = ORIENTED_EDGE ( 'NONE', *, *, #9765, .T. ) ;
#12028 = CARTESIAN_POINT ( 'NONE',  ( 0.000000000000000000, 1.550000000000000044, 0.000000000000000000 ) ) ;
#12029 = EDGE_CURVE ( 'NONE', #2590, #9408, #5041, .T. ) ;
#12030 = AXIS2_PLACEMENT_3D ( 'NONE', #6576, #7561, #8621 ) ;
#12031 = LINE ( 'NONE', #4854, #3820 ) ;
#12032 = DIRECTION ( 'NONE',  ( 0.000000000000000000, 0.000000000000000000, 1.000000000000000000 ) ) ;
#12033 = VECTOR ( 'NONE', #8343, 1000.000000000000000 ) ;
#12034 = ORIENTED_EDGE ( 'NONE', *, *, #65, .T. ) ;
#12035 = LINE ( 'NONE', #8318, #12059 ) ;
#12036 = CARTESIAN_POINT ( 'NONE',  ( -0.8050000000000000488, 0.000000000000000000, -1.000000000000000000 ) ) ;
#12037 = VERTEX_POINT ( 'NONE', #11191 ) ;
#12038 = VERTEX_POINT ( 'NONE', #1240 ) ;
#12039 = CARTESIAN_POINT ( 'NONE',  ( -3.432161706211294572, 2.899999999999999911, 1.932161706211294794 ) ) ;
#12040 = VECTOR ( 'NONE', #1043, 1000.000000000000000 ) ;
#12041 = ORIENTED_EDGE ( 'NONE', *, *, #9945, .T. ) ;
#12042 = VERTEX_POINT ( 'NONE', #10949 ) ;
#12043 = VECTOR ( 'NONE', #7254, 1000.000000000000000 ) ;
#12044 = ORIENTED_EDGE ( 'NONE', *, *, #858, .T. ) ;
#12045 = EDGE_CURVE ( 'NONE', #9030, #11387, #710, .T. ) ;
#12046 = LINE ( 'NONE', #4410, #8156 ) ;
#12047 = FILL_AREA_STYLE_COLOUR ( '', #8039 ) ;
#12048 = EDGE_CURVE ( 'NONE', #10203, #2535, #9248, .T. ) ;
#12049 = AXIS2_PLACEMENT_3D ( 'NONE', #10173, #10995, #11934 ) ;
#12050 = DIRECTION ( 'NONE',  ( 1.000000000000000000, -8.199904827254259034E-17, 0.000000000000000000 ) ) ;
#12051 = DIRECTION ( 'NONE',  ( -0.000000000000000000, 0.000000000000000000, 1.000000000000000000 ) ) ;
#12052 = CARTESIAN_POINT ( 'NONE',  ( -0.8050000000000000488, 0.1000000000000000056, -1.000000000000000000 ) ) ;
#12053 = DIRECTION ( 'NONE',  ( 0.000000000000000000, 0.000000000000000000, -1.000000000000000000 ) ) ;
#12054 = LINE ( 'NONE', #6717, #12517 ) ;
#12055 = DIRECTION ( 'NONE',  ( 0.000000000000000000, 0.000000000000000000, 1.000000000000000000 ) ) ;
#12056 = DIRECTION ( 'NONE',  ( 1.000000000000000000, 0.000000000000000000, -3.491481338843133355E-15 ) ) ;
#12057 = ORIENTED_EDGE ( 'NONE', *, *, #5524, .F. ) ;
#12058 = CARTESIAN_POINT ( 'NONE',  ( 0.000000000000000000, -0.1000000000000000056, 0.000000000000000000 ) ) ;
#12059 = VECTOR ( 'NONE', #3402, 1000.000000000000000 ) ;
#12060 = CARTESIAN_POINT ( 'NONE',  ( 3.649999999999999911, 1.550000000000000044, 2.149999999999999911 ) ) ;
#12061 = VERTEX_POINT ( 'NONE', #1384 ) ;
#12062 = ORIENTED_EDGE ( 'NONE', *, *, #10, .F. ) ;
#12063 = PRESENTATION_LAYER_ASSIGNMENT (  '', '', ( #2907 ) ) ;
#12064 = CARTESIAN_POINT ( 'NONE',  ( 2.979883736647867654, 0.3500000000000000333, -0.08499999999999986733 ) ) ;
#12065 = ORIENTED_EDGE ( 'NONE', *, *, #10495, .T. ) ;
#12066 = SURFACE_SIDE_STYLE ('',( #9085 ) ) ;
#12067 = CARTESIAN_POINT ( 'NONE',  ( -1.969999999999999973, 1.500000000000000000, -1.180000000000000160 ) ) ;
#12068 = VERTEX_POINT ( 'NONE', #5230 ) ;
#12069 = SURFACE_STYLE_FILL_AREA ( #5596 ) ;
#12070 = ORIENTED_EDGE ( 'NONE', *, *, #3360, .T. ) ;
#12071 = AXIS2_PLACEMENT_3D ( 'NONE', #11770, #196, #5115 ) ;
#12072 = EDGE_CURVE ( 'NONE', #3533, #9805, #774, .T. ) ;
#12073 = VECTOR ( 'NONE', #5004, 1000.000000000000000 ) ;
#12074 = ADVANCED_FACE ( 'NONE', ( #4687 ), #666, .T. ) ;
#12075 = AXIS2_PLACEMENT_3D ( 'NONE', #9839, #11820, #9147 ) ;
#12076 = LINE ( 'NONE', #5923, #12442 ) ;
#12077 =( GEOMETRIC_REPRESENTATION_CONTEXT ( 3 ) GLOBAL_UNCERTAINTY_ASSIGNED_CONTEXT ( ( #1463 ) ) GLOBAL_UNIT_ASSIGNED_CONTEXT ( ( #3496, #2740, #6630 ) ) REPRESENTATION_CONTEXT ( 'NONE', 'WORKASPACE' ) );
#12078 = ORIENTED_EDGE ( 'NONE', *, *, #12460, .F. ) ;
#12079 = PLANE ( 'NONE',  #11498 ) ;
#12080 = DIRECTION ( 'NONE',  ( -1.000000000000000000, 0.000000000000000000, -1.707404996040164018E-16 ) ) ;
#12081 = LINE ( 'NONE', #5108, #7548 ) ;
#12082 = CARTESIAN_POINT ( 'NONE',  ( 1.864999999999999991, 0.2000000000000000111, -1.050000000000000044 ) ) ;
#12083 = CARTESIAN_POINT ( 'NONE',  ( -3.460000000000000409, 1.421954445729287864, -2.875000000000000000 ) ) ;
#12084 = DIRECTION ( 'NONE',  ( -1.000000000000000000, 0.000000000000000000, 0.000000000000000000 ) ) ;
#12085 = ORIENTED_EDGE ( 'NONE', *, *, #12072, .F. ) ;
#12086 = ORIENTED_EDGE ( 'NONE', *, *, #5107, .T. ) ;
#12087 = CARTESIAN_POINT ( 'NONE',  ( -3.649999999999999911, 1.149999999999999911, -1.199999999999999956 ) ) ;
#12088 = CARTESIAN_POINT ( 'NONE',  ( 1.669999999999999929, 0.3499999999999999778, -1.434999999999999609 ) ) ;
#12089 = FACE_OUTER_BOUND ( 'NONE', #3779, .T. ) ;
#12090 =( LENGTH_UNIT ( ) NAMED_UNIT ( * ) SI_UNIT ( .MILLI., .METRE. ) );
#12091 = ORIENTED_EDGE ( 'NONE', *, *, #12232, .T. ) ;
#12092 = DIRECTION ( 'NONE',  ( 0.000000000000000000, -1.000000000000000000, 0.000000000000000000 ) ) ;
#12093 = CARTESIAN_POINT ( 'NONE',  ( 1.864999999999999991, 0.2000000000000000111, 1.050000000000000044 ) ) ;
#12094 = VERTEX_POINT ( 'NONE', #2268 ) ;
#12095 = CYLINDRICAL_SURFACE ( 'NONE', #1964, 0.3500000000000000333 ) ;
#12096 = EDGE_LOOP ( 'NONE', ( #3305, #3325, #6022, #11566 ) ) ;
#12097 = LINE ( 'NONE', #2869, #3584 ) ;
#12098 = DIRECTION ( 'NONE',  ( -1.000000000000000000, 0.000000000000000000, 0.000000000000000000 ) ) ;
#12099 = CARTESIAN_POINT ( 'NONE',  ( 3.299999999999999822, 0.2999999999999999889, -1.199999999999999956 ) ) ;
#12100 = EDGE_CURVE ( 'NONE', #7839, #4807, #9273, .T. ) ;
#12101 = VECTOR ( 'NONE', #3074, 1000.000000000000000 ) ;
#12102 = PLANE ( 'NONE',  #11813 ) ;
#12103 = DIRECTION ( 'NONE',  ( 0.000000000000000000, 0.000000000000000000, 1.000000000000000000 ) ) ;
#12104 = FACE_OUTER_BOUND ( 'NONE', #3450, .T. ) ;
#12105 = ORIENTED_EDGE ( 'NONE', *, *, #9777, .F. ) ;
#12106 = AXIS2_PLACEMENT_3D ( 'NONE', #8562, #10458, #7595 ) ;
#12107 = ADVANCED_FACE ( 'NONE', ( #9177 ), #7210, .T. ) ;
#12108 = VECTOR ( 'NONE', #6235, 1000.000000000000000 ) ;
#12109 = ADVANCED_FACE ( 'NONE', ( #9033 ), #792, .F. ) ;
#12110 = ORIENTED_EDGE ( 'NONE', *, *, #7132, .T. ) ;
#12111 = ORIENTED_EDGE ( 'NONE', *, *, #6245, .F. ) ;
#12112 = EDGE_LOOP ( 'NONE', ( #3051, #4325, #2669, #10718 ) ) ;
#12113 = PLANE ( 'NONE',  #3601 ) ;
#12114 = CARTESIAN_POINT ( 'NONE',  ( 0.000000000000000000, 0.000000000000000000, -5.080000000000000071 ) ) ;
#12115 = ORIENTED_EDGE ( 'NONE', *, *, #10441, .F. ) ;
#12116 = CARTESIAN_POINT ( 'NONE',  ( -3.250000000000000000, 1.550000000000000044, -2.149999999999999911 ) ) ;
#12117 = CARTESIAN_POINT ( 'NONE',  ( -0.9700000000000001954, 0.5000000000000000000, -0.9849999999999993205 ) ) ;
#12118 = LINE ( 'NONE', #5360, #8056 ) ;
#12119 = ORIENTED_EDGE ( 'NONE', *, *, #12429, .T. ) ;
#12120 = PLANE ( 'NONE',  #8914 ) ;
#12121 = DIRECTION ( 'NONE',  ( 1.000000000000000000, 0.000000000000000000, -3.491481338843133355E-15 ) ) ;
#12122 = DIRECTION ( 'NONE',  ( 0.000000000000000000, 0.000000000000000000, -1.000000000000000000 ) ) ;
#12123 = LINE ( 'NONE', #7787, #11941 ) ;
#12124 = DIRECTION ( 'NONE',  ( 0.000000000000000000, 0.000000000000000000, -1.000000000000000000 ) ) ;
#12125 = LINE ( 'NONE', #2602, #12073 ) ;
#12126 = VECTOR ( 'NONE', #4708, 1000.000000000000000 ) ;
#12127 = ORIENTED_EDGE ( 'NONE', *, *, #6377, .F. ) ;
#12128 = CARTESIAN_POINT ( 'NONE',  ( -6.984999999999999432, -0.1000000000000000472, -0.7293999999999991601 ) ) ;
#12129 = CARTESIAN_POINT ( 'NONE',  ( -3.432161706211294572, 2.899999999999999911, -1.932161706211289909 ) ) ;
#12130 = VERTEX_POINT ( 'NONE', #3705 ) ;
#12131 = EDGE_LOOP ( 'NONE', ( #9861, #4720, #6177, #10622, #4898, #10265, #9927, #895, #4497, #4967, #8305 ) ) ;
#12132 = DIRECTION ( 'NONE',  ( 0.000000000000000000, 1.000000000000000000, -3.226792180016381951E-17 ) ) ;
#12133 = VERTEX_POINT ( 'NONE', #7665 ) ;
#12134 = EDGE_CURVE ( 'NONE', #1751, #10837, #8882, .T. ) ;
#12135 = ADVANCED_FACE ( 'NONE', ( #517 ), #4553, .T. ) ;
#12136 = ORIENTED_EDGE ( 'NONE', *, *, #5370, .T. ) ;
#12137 = PRESENTATION_STYLE_ASSIGNMENT (( #3749 ) ) ;
#12138 = ORIENTED_EDGE ( 'NONE', *, *, #7585, .T. ) ;
#12139 = AXIS2_PLACEMENT_3D ( 'NONE', #11205, #3359, #5408 ) ;
#12140 = VECTOR ( 'NONE', #11672, 1000.000000000000000 ) ;
#12141 = CARTESIAN_POINT ( 'NONE',  ( 0.000000000000000000, 0.3499999999999999778, 0.000000000000000000 ) ) ;
#12142 = FACE_OUTER_BOUND ( 'NONE', #7093, .T. ) ;
#12143 = CARTESIAN_POINT ( 'NONE',  ( -6.349999999999999645, -1.570000000000000062, 8.890000000000000568 ) ) ;
#12144 = CARTESIAN_POINT ( 'NONE',  ( 6.985000000000000320, -1.519903165712366722, -0.9524999999999996803 ) ) ;
#12145 = CARTESIAN_POINT ( 'NONE',  ( 0.8050000000000000488, 0.000000000000000000, -0.4000000000000000222 ) ) ;
#12146 = CARTESIAN_POINT ( 'NONE',  ( 6.985000000000000320, 0.000000000000000000, 0.4952999999999996295 ) ) ;
#12147 = EDGE_CURVE ( 'NONE', #6037, #12316, #4997, .T. ) ;
#12148 = CARTESIAN_POINT ( 'NONE',  ( -1.814999999999999947, 0.1000000000000000056, 1.000000000000000000 ) ) ;
#12149 = PLANE ( 'NONE',  #5594 ) ;
#12150 = LINE ( 'NONE', #9295, #3760 ) ;
#12151 = ORIENTED_EDGE ( 'NONE', *, *, #2871, .F. ) ;
#12152 = PLANE ( 'NONE',  #8636 ) ;
#12153 = ORIENTED_EDGE ( 'NONE', *, *, #8597, .T. ) ;
#12154 = ORIENTED_EDGE ( 'NONE', *, *, #10, .T. ) ;
#12155 = AXIS2_PLACEMENT_3D ( 'NONE', #5771, #7560, #6652 ) ;
#12156 = LINE ( 'NONE', #8821, #7971 ) ;
#12157 = CARTESIAN_POINT ( 'NONE',  ( 1.969999999999999973, 0.2000000000000000111, 1.180000000000000160 ) ) ;
#12158 = ORIENTED_EDGE ( 'NONE', *, *, #7437, .F. ) ;
#12159 = CARTESIAN_POINT ( 'NONE',  ( -0.8050000000000000488, 0.000000000000000000, -0.4000000000000000222 ) ) ;
#12160 = EDGE_LOOP ( 'NONE', ( #10306, #10395, #3373, #2844 ) ) ;
#12161 = EDGE_CURVE ( 'NONE', #1926, #8944, #4713, .T. ) ;
#12162 = CIRCLE ( 'NONE', #4278, 0.7600000000000002309 ) ;
#12163 = EDGE_LOOP ( 'NONE', ( #3796, #2073, #8007, #7102 ) ) ;
#12164 = PLANE ( 'NONE',  #4549 ) ;
#12165 = EDGE_CURVE ( 'NONE', #2941, #5437, #4865, .T. ) ;
#12166 = CIRCLE ( 'NONE', #7439, 0.7600000000000002309 ) ;
#12167 = LINE ( 'NONE', #3426, #8109 ) ;
#12168 = EDGE_CURVE ( 'NONE', #12582, #12068, #227, .T. ) ;
#12169 = EDGE_CURVE ( 'NONE', #6732, #8736, #4729, .T. ) ;
#12170 = ORIENTED_EDGE ( 'NONE', *, *, #10080, .T. ) ;
#12171 = CARTESIAN_POINT ( 'NONE',  ( -0.8950000000000000178, 1.500000000000000000, 1.180000000000000160 ) ) ;
#12172 = CARTESIAN_POINT ( 'NONE',  ( 1.270000000000000240, 0.000000000000000000, 9.650000000000000355 ) ) ;
#12173 = DIRECTION ( 'NONE',  ( 0.000000000000000000, 0.000000000000000000, -1.000000000000000000 ) ) ;
#12174 = CARTESIAN_POINT ( 'NONE',  ( 3.432161706211290131, 3.100000000000000089, -1.932161706211289909 ) ) ;
#12175 = EDGE_LOOP ( 'NONE', ( #9289, #3155, #5138, #7573 ) ) ;
#12176 = VERTEX_POINT ( 'NONE', #12325 ) ;
#12177 = DIRECTION ( 'NONE',  ( 1.000000000000000000, 0.000000000000000000, 0.000000000000000000 ) ) ;
#12178 = DIRECTION ( 'NONE',  ( -3.491481338843133355E-15, 0.000000000000000000, -1.000000000000000000 ) ) ;
#12179 = CARTESIAN_POINT ( 'NONE',  ( -0.8050000000000000488, 0.000000000000000000, 1.000000000000000000 ) ) ;
#12180 = DIRECTION ( 'NONE',  ( 1.000000000000000000, 0.000000000000000000, 0.000000000000000000 ) ) ;
#12181 = ORIENTED_EDGE ( 'NONE', *, *, #10024, .F. ) ;
#12182 = EDGE_LOOP ( 'NONE', ( #6376, #10549, #740, #5828 ) ) ;
#12183 = PRESENTATION_LAYER_ASSIGNMENT (  '', '', ( #10500 ) ) ;
#12184 = CYLINDRICAL_SURFACE ( 'NONE', #12311, 0.7600000000000002309 ) ;
#12185 = ORIENTED_EDGE ( 'NONE', *, *, #9220, .T. ) ;
#12186 = CARTESIAN_POINT ( 'NONE',  ( -1.430000000000000160, 1.449999999999999956, 0.4200000000000000400 ) ) ;
#12187 = CARTESIAN_POINT ( 'NONE',  ( -1.798632834502695177, 1.476309077502073963, -0.1859205286967730020 ) ) ;
#12188 = VECTOR ( 'NONE', #3610, 1000.000000000000000 ) ;
#12189 = ADVANCED_FACE ( 'NONE', ( #4888 ), #10355, .T. ) ;
#12190 = EDGE_CURVE ( 'NONE', #11710, #3942, #1232, .T. ) ;
#12191 = CARTESIAN_POINT ( 'NONE',  ( 4.209999999999999076, 0.000000000000000000, 0.1650000000000001188 ) ) ;
#12192 = CARTESIAN_POINT ( 'NONE',  ( -1.570000000000000062, 0.5000000000000000000, -0.2850000000000003642 ) ) ;
#12193 = EDGE_CURVE ( 'NONE', #1402, #5072, #5423, .T. ) ;
#12194 = EDGE_CURVE ( 'NONE', #9308, #3173, #9419, .T. ) ;
#12195 = VERTEX_POINT ( 'NONE', #8447 ) ;
#12196 = LINE ( 'NONE', #4706, #7714 ) ;
#12197 = AXIS2_PLACEMENT_3D ( 'NONE', #1020, #1905, #2298 ) ;
#12198 = VERTEX_POINT ( 'NONE', #9463 ) ;
#12199 = EDGE_LOOP ( 'NONE', ( #12057, #11512 ) ) ;
#12200 = MANIFOLD_SOLID_BREP ( 'Boss-Extrude2[4]', #531 ) ;
#12201 = VECTOR ( 'NONE', #3574, 1000.000000000000000 ) ;
#12202 = ORIENTED_EDGE ( 'NONE', *, *, #2526, .T. ) ;
#12203 = CARTESIAN_POINT ( 'NONE',  ( -5.714999999999998970, -0.1000000000000000056, 0.09439999999999956759 ) ) ;
#12204 = SURFACE_STYLE_USAGE ( .BOTH. , #5530 ) ;
#12205 = CARTESIAN_POINT ( 'NONE',  ( 0.8050000000000000488, 0.1000000000000000056, -0.4000000000000000222 ) ) ;
#12206 = EDGE_LOOP ( 'NONE', ( #1798, #6135, #9428, #9105 ) ) ;
#12207 = DIRECTION ( 'NONE',  ( 1.000000000000000000, -0.000000000000000000, -0.000000000000000000 ) ) ;
#12208 = CARTESIAN_POINT ( 'NONE',  ( 1.814999999999999947, 0.1000000000000000056, -0.4000000000000000222 ) ) ;
#12209 = ORIENTED_EDGE ( 'NONE', *, *, #9656, .T. ) ;
#12210 = DIRECTION ( 'NONE',  ( -0.000000000000000000, -1.000000000000000000, 0.000000000000000000 ) ) ;
#12211 = CARTESIAN_POINT ( 'NONE',  ( 0.8050000000000000488, 0.000000000000000000, -1.000000000000000000 ) ) ;
#12212 = CARTESIAN_POINT ( 'NONE',  ( 2.350000000000000089, -3.135336068297440409E-17, 1.199999999999999956 ) ) ;
#12213 = STYLED_ITEM ( 'NONE', ( #10182 ), #4250 ) ;
#12214 = LINE ( 'NONE', #3045, #12234 ) ;
#12215 = CARTESIAN_POINT ( 'NONE',  ( 3.050000000000002487, 0.04000000000000000083, -2.344883736647865646 ) ) ;
#12216 = COLOUR_RGB ( '',0.7921568627450980005, 0.8196078431372548767, 0.9333333333333333481 ) ;
#12217 = EDGE_LOOP ( 'NONE', ( #8920, #4378, #4488, #8962 ) ) ;
#12218 = ADVANCED_FACE ( 'NONE', ( #1304 ), #11634, .T. ) ;
#12219 = CARTESIAN_POINT ( 'NONE',  ( -4.159999999999998366, 0.5000000000000000000, -3.474999999999999645 ) ) ;
#12220 = EDGE_CURVE ( 'NONE', #10694, #11248, #928, .T. ) ;
#12221 = ADVANCED_FACE ( 'NONE', ( #1155 ), #8108, .T. ) ;
#12222 =( NAMED_UNIT ( * ) SI_UNIT ( $, .STERADIAN. ) SOLID_ANGLE_UNIT ( ) );
#12223 = VERTEX_POINT ( 'NONE', #3953 ) ;
#12224 = EDGE_LOOP ( 'NONE', ( #3236, #899, #5219, #9259 ) ) ;
#12225 = VECTOR ( 'NONE', #10984, 1000.000000000000000 ) ;
#12226 = EDGE_CURVE ( 'NONE', #2601, #10583, #5127, .T. ) ;
#12227 = MECHANICAL_DESIGN_GEOMETRIC_PRESENTATION_REPRESENTATION (  '', ( #4362 ), #7009 ) ;
#12228 = ORIENTED_EDGE ( 'NONE', *, *, #9961, .T. ) ;
#12229 = STYLED_ITEM ( 'NONE', ( #6924 ), #6706 ) ;
#12230 = ORIENTED_EDGE ( 'NONE', *, *, #9219, .F. ) ;
#12231 = FACE_OUTER_BOUND ( 'NONE', #11004, .T. ) ;
#12232 = EDGE_CURVE ( 'NONE', #7723, #7538, #1012, .T. ) ;
#12233 = ORIENTED_EDGE ( 'NONE', *, *, #3360, .F. ) ;
#12234 = VECTOR ( 'NONE', #11579, 1000.000000000000000 ) ;
#12235 = DIRECTION ( 'NONE',  ( 1.000000000000000000, 0.000000000000000000, -8.537024980200821325E-17 ) ) ;
#12236 = PLANE ( 'NONE',  #1228 ) ;
#12237 = CARTESIAN_POINT ( 'NONE',  ( 1.814999999999999947, 0.000000000000000000, -0.4000000000000000222 ) ) ;
#12238 = DIRECTION ( 'NONE',  ( 0.000000000000000000, 1.000000000000000000, 0.000000000000000000 ) ) ;
#12239 = CARTESIAN_POINT ( 'NONE',  ( -3.250000000000000000, 1.550000000000000044, 2.149999999999999911 ) ) ;
#12240 = DIRECTION ( 'NONE',  ( -1.000000000000000000, 0.000000000000000000, -1.707404996040164018E-16 ) ) ;
#12241 = CARTESIAN_POINT ( 'NONE',  ( -1.430000000000000160, 1.500000000000000000, 0.000000000000000000 ) ) ;
#12242 = PLANE ( 'NONE',  #3503 ) ;
#12243 = DIRECTION ( 'NONE',  ( -0.000000000000000000, -1.000000000000000000, -0.000000000000000000 ) ) ;
#12244 = CARTESIAN_POINT ( 'NONE',  ( -1.570000000000000062, 0.5000000000000000000, -0.2850000000000003642 ) ) ;
#12245 = VERTEX_POINT ( 'NONE', #4135 ) ;
#12246 = SURFACE_SIDE_STYLE ('',( #6340 ) ) ;
#12247 = AXIS2_PLACEMENT_3D ( 'NONE', #10477, #9734, #10627 ) ;
#12248 = FILL_AREA_STYLE ('',( #773 ) ) ;
#12249 = ORIENTED_EDGE ( 'NONE', *, *, #945, .F. ) ;
#12250 = ORIENTED_EDGE ( 'NONE', *, *, #9194, .F. ) ;
#12251 = EDGE_CURVE ( 'NONE', #4914, #2746, #5466, .T. ) ;
#12252 = CARTESIAN_POINT ( 'NONE',  ( -6.984999999999999432, 0.000000000000000000, -1.364399999999999169 ) ) ;
#12253 = ORIENTED_EDGE ( 'NONE', *, *, #6633, .T. ) ;
#12254 = VECTOR ( 'NONE', #3020, 1000.000000000000000 ) ;
#12255 = ADVANCED_FACE ( 'NONE', ( #9358 ), #6822, .F. ) ;
#12256 = AXIS2_PLACEMENT_3D ( 'NONE', #9808, #225, #5055 ) ;
#12257 =( LENGTH_UNIT ( ) NAMED_UNIT ( * ) SI_UNIT ( .MILLI., .METRE. ) );
#12258 = ORIENTED_EDGE ( 'NONE', *, *, #7272, .F. ) ;
#12259 = VERTEX_POINT ( 'NONE', #1408 ) ;
#12260 = PLANE ( 'NONE',  #1098 ) ;
#12261 = ORIENTED_EDGE ( 'NONE', *, *, #5699, .T. ) ;
#12262 = CIRCLE ( 'NONE', #1101, 0.05000000000000012768 ) ;
#12263 = CARTESIAN_POINT ( 'NONE',  ( -4.410000000000001030, 0.5000000000000000000, -2.875000000000000000 ) ) ;
#12264 = DIRECTION ( 'NONE',  ( 1.000000000000000000, -1.084202172485506209E-15, -3.491481338843133355E-15 ) ) ;
#12265 = DIRECTION ( 'NONE',  ( -0.000000000000000000, -1.000000000000000000, -0.000000000000000000 ) ) ;
#12266 = ORIENTED_EDGE ( 'NONE', *, *, #11357, .T. ) ;
#12267 = ORIENTED_EDGE ( 'NONE', *, *, #11676, .T. ) ;
#12268 =( NAMED_UNIT ( * ) PLANE_ANGLE_UNIT ( ) SI_UNIT ( $, .RADIAN. ) );
#12269 = CARTESIAN_POINT ( 'NONE',  ( 0.000000000000000000, -1.570000000000000062, 0.000000000000000000 ) ) ;
#12270 = VECTOR ( 'NONE', #811, 1000.000000000000000 ) ;
#12271 = CARTESIAN_POINT ( 'NONE',  ( -1.814999999999999947, 0.000000000000000000, -0.4000000000000000222 ) ) ;
#12272 = ORIENTED_EDGE ( 'NONE', *, *, #5842, .T. ) ;
#12273 = PLANE ( 'NONE',  #692 ) ;
#12274 = CARTESIAN_POINT ( 'NONE',  ( 0.8050000000000000488, 0.000000000000000000, 1.000000000000000000 ) ) ;
#12275 = ORIENTED_EDGE ( 'NONE', *, *, #2726, .F. ) ;
#12276 = PRESENTATION_STYLE_ASSIGNMENT (( #8494 ) ) ;
#12277 = VERTEX_POINT ( 'NONE', #4316 ) ;
#12278 = MECHANICAL_DESIGN_GEOMETRIC_PRESENTATION_REPRESENTATION (  '', ( #4724 ), #2357 ) ;
#12279 = CYLINDRICAL_SURFACE ( 'NONE', #2284, 0.04999999999999991257 ) ;
#12280 = LINE ( 'NONE', #6956, #3758 ) ;
#12281 = CARTESIAN_POINT ( 'NONE',  ( 6.985000000000000320, -0.1000000000000000056, -1.765299999999998981 ) ) ;
#12282 = ORIENTED_EDGE ( 'NONE', *, *, #1037, .T. ) ;
#12283 = LINE ( 'NONE', #7447, #7743 ) ;
#12284 = EDGE_LOOP ( 'NONE', ( #6831, #3829, #11822, #2454 ) ) ;
#12285 = ORIENTED_EDGE ( 'NONE', *, *, #4307, .T. ) ;
#12286 = ORIENTED_EDGE ( 'NONE', *, *, #10024, .T. ) ;
#12287 =( GEOMETRIC_REPRESENTATION_CONTEXT ( 3 ) GLOBAL_UNCERTAINTY_ASSIGNED_CONTEXT ( ( #3753 ) ) GLOBAL_UNIT_ASSIGNED_CONTEXT ( ( #9660, #10556, #8579 ) ) REPRESENTATION_CONTEXT ( 'NONE', 'WORKASPACE' ) );
#12288 = CARTESIAN_POINT ( 'NONE',  ( 6.985000000000000320, -1.519903165712366722, -0.3174999999999996714 ) ) ;
#12289 = DIRECTION ( 'NONE',  ( 5.551115123125782702E-17, 0.000000000000000000, -1.000000000000000000 ) ) ;
#12290 = DIRECTION ( 'NONE',  ( 0.000000000000000000, 0.000000000000000000, 1.000000000000000000 ) ) ;
#12291 = ORIENTED_EDGE ( 'NONE', *, *, #6948, .T. ) ;
#12292 = DIRECTION ( 'NONE',  ( 0.000000000000000000, 0.000000000000000000, 1.000000000000000000 ) ) ;
#12293 = FILL_AREA_STYLE_COLOUR ( '', #5829 ) ;
#12294 = ORIENTED_EDGE ( 'NONE', *, *, #1270, .F. ) ;
#12295 = CARTESIAN_POINT ( 'NONE',  ( -1.795313641478955002, 1.480598618449745940, 0.1851275133711804965 ) ) ;
#12296 = CARTESIAN_POINT ( 'NONE',  ( -1.269999999999999352, -1.570000000000000062, 8.890000000000000568 ) ) ;
#12297 = DIRECTION ( 'NONE',  ( 0.000000000000000000, 1.000000000000000000, 0.000000000000000000 ) ) ;
#12298 = VECTOR ( 'NONE', #972, 1000.000000000000000 ) ;
#12299 = CARTESIAN_POINT ( 'NONE',  ( -5.714999999999998970, 0.000000000000000000, -0.7293999999999989381 ) ) ;
#12300 = SURFACE_STYLE_FILL_AREA ( #1193 ) ;
#12301 = ADVANCED_FACE ( 'NONE', ( #5299 ), #1036, .T. ) ;
#12302 = MANIFOLD_SOLID_BREP ( 'NONE', #7878 ) ;
#12303 = SURFACE_STYLE_FILL_AREA ( #7330 ) ;
#12304 = EDGE_CURVE ( 'NONE', #7285, #109, #9635, .T. ) ;
#12305 = ORIENTED_EDGE ( 'NONE', *, *, #9585, .T. ) ;
#12306 = AXIS2_PLACEMENT_3D ( 'NONE', #4200, #7211, #768 ) ;
#12307 = CARTESIAN_POINT ( 'NONE',  ( -0.2049999999999999878, 0.1000000000000000056, -1.000000000000000000 ) ) ;
#12308 = DIRECTION ( 'NONE',  ( -3.491481338843133355E-15, 0.000000000000000000, -1.000000000000000000 ) ) ;
#12309 = EDGE_LOOP ( 'NONE', ( #437, #1817 ) ) ;
#12310 = EDGE_LOOP ( 'NONE', ( #8969, #2354, #43, #831 ) ) ;
#12311 = AXIS2_PLACEMENT_3D ( 'NONE', #7491, #4831, #370 ) ;
#12312 = LINE ( 'NONE', #1721, #12336 ) ;
#12313 = LINE ( 'NONE', #967, #3409 ) ;
#12314 = ORIENTED_EDGE ( 'NONE', *, *, #3483, .T. ) ;
#12315 = EDGE_CURVE ( 'NONE', #9573, #744, #10087, .T. ) ;
#12316 = VERTEX_POINT ( 'NONE', #1263 ) ;
#12317 = UNCERTAINTY_MEASURE_WITH_UNIT (LENGTH_MEASURE( 1.000000000000000082E-05 ), #10762, 'distance_accuracy_value', 'NONE');
#12318 = FACE_OUTER_BOUND ( 'NONE', #12437, .T. ) ;
#12319 = VERTEX_POINT ( 'NONE', #1331 ) ;
#12320 = PRESENTATION_STYLE_ASSIGNMENT (( #10025 ) ) ;
#12321 = DIRECTION ( 'NONE',  ( 0.000000000000000000, 0.000000000000000000, 1.000000000000000000 ) ) ;
#12322 = CARTESIAN_POINT ( 'NONE',  ( 0.4398837366478682287, 0.3099999999999999978, -1.394999999999999574 ) ) ;
#12323 = DIRECTION ( 'NONE',  ( 0.000000000000000000, 0.000000000000000000, 1.000000000000000000 ) ) ;
#12324 = DIRECTION ( 'NONE',  ( -1.000000000000000000, 0.000000000000000000, -1.707404996040164018E-16 ) ) ;
#12325 = CARTESIAN_POINT ( 'NONE',  ( -1.430000000000000160, 1.399999999999999911, -0.4500000000000000111 ) ) ;
#12326 = CARTESIAN_POINT ( 'NONE',  ( 0.8050000000000000488, 0.000000000000000000, -0.4000000000000000222 ) ) ;
#12327 = PLANE ( 'NONE',  #427 ) ;
#12328 = ORIENTED_EDGE ( 'NONE', *, *, #372, .F. ) ;
#12329 = ADVANCED_FACE ( 'NONE', ( #9938 ), #9998, .T. ) ;
#12330 = FACE_OUTER_BOUND ( 'NONE', #7677, .T. ) ;
#12331 = ADVANCED_FACE ( 'NONE', ( #1533 ), #5749, .T. ) ;
#12332 = PLANE ( 'NONE',  #9272 ) ;
#12333 = VERTEX_POINT ( 'NONE', #2216 ) ;
#12334 = VERTEX_POINT ( 'NONE', #4227 ) ;
#12335 = EDGE_CURVE ( 'NONE', #3799, #11967, #5781, .T. ) ;
#12336 = VECTOR ( 'NONE', #2651, 1000.000000000000000 ) ;
#12337 = DIRECTION ( 'NONE',  ( 0.000000000000000000, 1.000000000000000000, 0.000000000000000000 ) ) ;
#12338 = LINE ( 'NONE', #733, #3568 ) ;
#12339 = EDGE_CURVE ( 'NONE', #12333, #12401, #5891, .T. ) ;
#12340 = ORIENTED_EDGE ( 'NONE', *, *, #1207, .F. ) ;
#12341 = ORIENTED_EDGE ( 'NONE', *, *, #1303, .F. ) ;
#12342 = EDGE_CURVE ( 'NONE', #1688, #4061, #9779, .T. ) ;
#12343 = DIRECTION ( 'NONE',  ( -1.000000000000000000, -0.000000000000000000, -0.000000000000000000 ) ) ;
#12344 = EDGE_LOOP ( 'NONE', ( #9685, #6072, #1532, #11510 ) ) ;
#12345 = VECTOR ( 'NONE', #8543, 1000.000000000000000 ) ;
#12346 = ORIENTED_EDGE ( 'NONE', *, *, #6520, .F. ) ;
#12347 = EDGE_CURVE ( 'NONE', #8320, #3487, #9993, .T. ) ;
#12348 = EDGE_CURVE ( 'NONE', #7085, #10573, #1396, .T. ) ;
#12349 = LINE ( 'NONE', #10117, #8196 ) ;
#12350 = ORIENTED_EDGE ( 'NONE', *, *, #3672, .T. ) ;
#12351 = CARTESIAN_POINT ( 'NONE',  ( 1.270000000000000240, 0.000000000000000000, 8.130000000000000782 ) ) ;
#12352 =( GEOMETRIC_REPRESENTATION_CONTEXT ( 3 ) GLOBAL_UNCERTAINTY_ASSIGNED_CONTEXT ( ( #6495 ) ) GLOBAL_UNIT_ASSIGNED_CONTEXT ( ( #10866, #2892, #10787 ) ) REPRESENTATION_CONTEXT ( 'NONE', 'WORKASPACE' ) );
#12353 = PRESENTATION_STYLE_ASSIGNMENT (( #9093 ) ) ;
#12354 = CARTESIAN_POINT ( 'NONE',  ( 2.350000000000000089, -3.135336068297440409E-17, 1.199999999999999956 ) ) ;
#12355 = CARTESIAN_POINT ( 'NONE',  ( 5.079999999999999183, -1.570000000000000062, -7.620000000000000107 ) ) ;
#12356 = PLANE ( 'NONE',  #2159 ) ;
#12357 = EDGE_LOOP ( 'NONE', ( #8192, #6217, #10606, #39 ) ) ;
#12358 = VERTEX_POINT ( 'NONE', #3551 ) ;
#12359 = DIRECTION ( 'NONE',  ( 0.000000000000000000, 1.000000000000000000, 0.000000000000000000 ) ) ;
#12360 = DIRECTION ( 'NONE',  ( 0.000000000000000000, -1.000000000000000000, 0.000000000000000000 ) ) ;
#12361 = DIRECTION ( 'NONE',  ( -0.000000000000000000, 1.000000000000000000, -0.000000000000000000 ) ) ;
#12362 = FACE_OUTER_BOUND ( 'NONE', #3899, .T. ) ;
#12363 = FACE_OUTER_BOUND ( 'NONE', #8489, .T. ) ;
#12364 = DIRECTION ( 'NONE',  ( 1.000000000000000000, 0.000000000000000000, -3.491481338843133355E-15 ) ) ;
#12365 = EDGE_LOOP ( 'NONE', ( #7165, #3546, #4466, #4588 ) ) ;
#12366 = DIRECTION ( 'NONE',  ( 1.000000000000000000, 0.000000000000000000, 1.707404996040164018E-16 ) ) ;
#12367 = ADVANCED_FACE ( 'NONE', ( #5615 ), #5730, .F. ) ;
#12368 = DIRECTION ( 'NONE',  ( -1.000000000000000000, 0.000000000000000000, 0.000000000000000000 ) ) ;
#12369 = EDGE_LOOP ( 'NONE', ( #7365, #10064, #11735, #11306 ) ) ;
#12370 = FACE_OUTER_BOUND ( 'NONE', #4185, .T. ) ;
#12371 = EDGE_LOOP ( 'NONE', ( #7639, #6941, #10427, #7730 ) ) ;
#12372 = VECTOR ( 'NONE', #7419, 1000.000000000000000 ) ;
#12373 = AXIS2_PLACEMENT_3D ( 'NONE', #5144, #10871, #1310 ) ;
#12374 = CARTESIAN_POINT ( 'NONE',  ( -1.570000000000000062, 0.5000000000000000000, -0.03499999999999965639 ) ) ;
#12375 = DIRECTION ( 'NONE',  ( 1.000000000000000000, 0.000000000000000000, -0.000000000000000000 ) ) ;
#12376 = SURFACE_SIDE_STYLE ('',( #12381 ) ) ;
#12377 = VERTEX_POINT ( 'NONE', #10226 ) ;
#12378 = LINE ( 'NONE', #10250, #12126 ) ;
#12379 = ORIENTED_EDGE ( 'NONE', *, *, #5834, .F. ) ;
#12380 = ORIENTED_EDGE ( 'NONE', *, *, #2797, .T. ) ;
#12381 = SURFACE_STYLE_FILL_AREA ( #10167 ) ;
#12382 = PRESENTATION_STYLE_ASSIGNMENT (( #2574 ) ) ;
#12383 = EDGE_LOOP ( 'NONE', ( #7157, #3775, #8829, #4084 ) ) ;
#12384 = VECTOR ( 'NONE', #6742, 1000.000000000000000 ) ;
#12385 = PLANE ( 'NONE',  #8820 ) ;
#12386 = CARTESIAN_POINT ( 'NONE',  ( 1.214999999999999858, 0.1000000000000000056, 1.000000000000000000 ) ) ;
#12387 = VERTEX_POINT ( 'NONE', #11137 ) ;
#12388 = CARTESIAN_POINT ( 'NONE',  ( 1.270000000000000240, -1.570000000000000284, 8.890000000000000568 ) ) ;
#12389 = FACE_OUTER_BOUND ( 'NONE', #9150, .T. ) ;
#12390 =( LENGTH_UNIT ( ) NAMED_UNIT ( * ) SI_UNIT ( .MILLI., .METRE. ) );
#12391 = EDGE_LOOP ( 'NONE', ( #1570, #11620, #5708, #7376 ) ) ;
#12392 = CARTESIAN_POINT ( 'NONE',  ( 0.4398837366478682287, 0.3500000000000000333, -0.08499999999999965916 ) ) ;
#12393 = CARTESIAN_POINT ( 'NONE',  ( 6.985000000000000320, 0.000000000000000000, -1.765299999999998981 ) ) ;
#12394 = EDGE_CURVE ( 'NONE', #2942, #3438, #5635, .T. ) ;
#12395 = VECTOR ( 'NONE', #10998, 1000.000000000000000 ) ;
#12396 = AXIS2_PLACEMENT_3D ( 'NONE', #9382, #3432, #9204 ) ;
#12397 = ORIENTED_EDGE ( 'NONE', *, *, #1257, .T. ) ;
#12398 = CARTESIAN_POINT ( 'NONE',  ( -3.809999999999999609, 0.000000000000000000, 9.650000000000000355 ) ) ;
#12399 = CYLINDRICAL_SURFACE ( 'NONE', #8296, 0.5100000000000000089 ) ;
#12400 = ORIENTED_EDGE ( 'NONE', *, *, #3525, .F. ) ;
#12401 = VERTEX_POINT ( 'NONE', #619 ) ;
#12402 = VECTOR ( 'NONE', #7628, 1000.000000000000000 ) ;
#12403 = VERTEX_POINT ( 'NONE', #11051 ) ;
#12404 = VERTEX_POINT ( 'NONE', #9493 ) ;
#12405 = PRODUCT_DEFINITION_FORMATION_WITH_SPECIFIED_SOURCE ( 'ANY', '', #8020, .NOT_KNOWN. ) ;
#12406 = VECTOR ( 'NONE', #2230, 1000.000000000000000 ) ;
#12407 = ORIENTED_EDGE ( 'NONE', *, *, #3780, .T. ) ;
#12408 = CARTESIAN_POINT ( 'NONE',  ( 1.270000000000000240, -1.570000000000000284, 8.130000000000000782 ) ) ;
#12409 = AXIS2_PLACEMENT_3D ( 'NONE', #4400, #9566, #12080 ) ;
#12410 = LINE ( 'NONE', #8438, #3866 ) ;
#12411 = CARTESIAN_POINT ( 'NONE',  ( 4.360000000000002096, 0.3099999999999999978, -2.344883736647870531 ) ) ;
#12412 = CARTESIAN_POINT ( 'NONE',  ( -1.570000000000000062, 0.5000000000000000000, -1.234999999999999876 ) ) ;
#12413 = DIRECTION ( 'NONE',  ( 1.000000000000000000, 0.000000000000000000, 0.000000000000000000 ) ) ;
#12414 = ADVANCED_FACE ( 'NONE', ( #9956 ), #5506, .T. ) ;
#12415 = CARTESIAN_POINT ( 'NONE',  ( 0.8050000000000000488, 0.000000000000000000, 0.4000000000000000222 ) ) ;
#12416 = FILL_AREA_STYLE_COLOUR ( '', #11151 ) ;
#12417 = CARTESIAN_POINT ( 'NONE',  ( 3.810000000000000941, -1.570000000000000284, 8.890000000000000568 ) ) ;
#12418 = EDGE_CURVE ( 'NONE', #11333, #2808, #1608, .T. ) ;
#12419 = DIRECTION ( 'NONE',  ( 0.000000000000000000, -1.000000000000000000, 0.000000000000000000 ) ) ;
#12420 = SURFACE_STYLE_USAGE ( .BOTH. , #11377 ) ;
#12421 = VERTEX_POINT ( 'NONE', #11223 ) ;
#12422 = STYLED_ITEM ( 'NONE', ( #7851 ), #8689 ) ;
#12423 = LINE ( 'NONE', #11434, #8340 ) ;
#12424 = PLANE ( 'NONE',  #2101 ) ;
#12425 = LINE ( 'NONE', #6635, #3673 ) ;
#12426 = DIRECTION ( 'NONE',  ( -1.000000000000000000, 0.000000000000000000, -1.707404996040164018E-16 ) ) ;
#12427 = CLOSED_SHELL ( 'NONE', ( #10215, #1948, #254, #12559, #9802, #4087 ) ) ;
#12428 = EDGE_LOOP ( 'NONE', ( #11599, #11984, #2676, #2967 ) ) ;
#12429 = EDGE_CURVE ( 'NONE', #587, #6687, #5907, .T. ) ;
#12430 = CARTESIAN_POINT ( 'NONE',  ( -3.649999999999999911, 1.149999999999999911, 1.199999999999999956 ) ) ;
#12431 = VECTOR ( 'NONE', #4787, 1000.000000000000000 ) ;
#12432 = ORIENTED_EDGE ( 'NONE', *, *, #11206, .F. ) ;
#12433 = VECTOR ( 'NONE', #7845, 1000.000000000000000 ) ;
#12434 = CARTESIAN_POINT ( 'NONE',  ( 2.350000000000000089, -3.135336068297440409E-17, -1.199999999999999956 ) ) ;
#12435 = VERTEX_POINT ( 'NONE', #7413 ) ;
#12436 = VECTOR ( 'NONE', #1528, 1000.000000000000000 ) ;
#12437 = EDGE_LOOP ( 'NONE', ( #9309, #11481, #383, #11847 ) ) ;
#12438 = DIRECTION ( 'NONE',  ( 0.000000000000000000, 0.000000000000000000, 1.000000000000000000 ) ) ;
#12439 = VECTOR ( 'NONE', #11492, 1000.000000000000000 ) ;
#12440 = ORIENTED_EDGE ( 'NONE', *, *, #12168, .T. ) ;
#12441 = ADVANCED_FACE ( 'NONE', ( #1659 ), #790, .F. ) ;
#12442 = VECTOR ( 'NONE', #8626, 1000.000000000000000 ) ;
#12443 = DIRECTION ( 'NONE',  ( 0.000000000000000000, 0.000000000000000000, 1.000000000000000000 ) ) ;
#12444 = DIRECTION ( 'NONE',  ( 0.000000000000000000, 1.000000000000000000, 0.000000000000000000 ) ) ;
#12445 = ADVANCED_FACE ( 'NONE', ( #9974 ), #1574, .T. ) ;
#12446 = CARTESIAN_POINT ( 'NONE',  ( 2.350000000000000089, -3.135336068297440409E-17, 1.199999999999999956 ) ) ;
#12447 = ORIENTED_EDGE ( 'NONE', *, *, #1034, .T. ) ;
#12448 = ORIENTED_EDGE ( 'NONE', *, *, #9799, .F. ) ;
#12449 = CARTESIAN_POINT ( 'NONE',  ( 3.299999999999999822, -1.092524565418897903E-16, -1.199999999999999956 ) ) ;
#12450 = CARTESIAN_POINT ( 'NONE',  ( -1.269999999999999352, 0.000000000000000000, 8.890000000000000568 ) ) ;
#12451 = CIRCLE ( 'NONE', #11927, 0.4000000000000001887 ) ;
#12452 = VECTOR ( 'NONE', #127, 1000.000000000000000 ) ;
#12453 = SURFACE_SIDE_STYLE ('',( #6979 ) ) ;
#12454 = VERTEX_POINT ( 'NONE', #4490 ) ;
#12455 = CARTESIAN_POINT ( 'NONE',  ( 1.669999999999999929, 0.04000000000000000083, 0.1250000000000003331 ) ) ;
#12456 = DIRECTION ( 'NONE',  ( -1.000000000000000000, 0.000000000000000000, 4.517509052022940401E-16 ) ) ;
#12457 = ORIENTED_EDGE ( 'NONE', *, *, #2390, .F. ) ;
#12458 = VECTOR ( 'NONE', #10643, 1000.000000000000000 ) ;
#12459 = ORIENTED_EDGE ( 'NONE', *, *, #6485, .F. ) ;
#12460 = EDGE_CURVE ( 'NONE', #4923, #1402, #9729, .T. ) ;
#12461 = CARTESIAN_POINT ( 'NONE',  ( 1.214999999999999858, 0.1000000000000000056, 1.000000000000000000 ) ) ;
#12462 = VECTOR ( 'NONE', #4440, 1000.000000000000000 ) ;
#12463 = CARTESIAN_POINT ( 'NONE',  ( 4.360000000000002096, 0.000000000000000000, -2.344883736647870531 ) ) ;
#12464 = DIRECTION ( 'NONE',  ( -0.000000000000000000, -1.000000000000000000, -0.000000000000000000 ) ) ;
#12465 = ORIENTED_EDGE ( 'NONE', *, *, #6798, .F. ) ;
#12466 = LINE ( 'NONE', #2975, #4062 ) ;
#12467 = VERTEX_POINT ( 'NONE', #2633 ) ;
#12468 = ORIENTED_EDGE ( 'NONE', *, *, #8903, .F. ) ;
#12469 = LINE ( 'NONE', #12192, #12588 ) ;
#12470 = FACE_OUTER_BOUND ( 'NONE', #10331, .T. ) ;
#12471 = ORIENTED_EDGE ( 'NONE', *, *, #10238, .F. ) ;
#12472 = UNCERTAINTY_MEASURE_WITH_UNIT (LENGTH_MEASURE( 1.000000000000000082E-05 ), #4293, 'distance_accuracy_value', 'NONE');
#12473 = CYLINDRICAL_SURFACE ( 'NONE', #3910, 0.4200000000000000400 ) ;
#12474 = EDGE_CURVE ( 'NONE', #4065, #676, #1496, .T. ) ;
#12475 = CARTESIAN_POINT ( 'NONE',  ( 5.714999999999999858, -1.519903165712366722, -1.130299999999999194 ) ) ;
#12476 = DIRECTION ( 'NONE',  ( 0.000000000000000000, 0.000000000000000000, 1.000000000000000000 ) ) ;
#12477 = ORIENTED_EDGE ( 'NONE', *, *, #5550, .T. ) ;
#12478 = FILL_AREA_STYLE ('',( #3590 ) ) ;
#12479 = PLANE ( 'NONE',  #5300 ) ;
#12480 = EDGE_CURVE ( 'NONE', #9567, #5335, #9895, .T. ) ;
#12481 = LINE ( 'NONE', #5858, #4211 ) ;
#12482 = CARTESIAN_POINT ( 'NONE',  ( 6.350000000000001421, 0.000000000000000000, 8.890000000000000568 ) ) ;
#12483 = VERTEX_POINT ( 'NONE', #8292 ) ;
#12484 = DIRECTION ( 'NONE',  ( -0.000000000000000000, 1.000000000000000000, -0.000000000000000000 ) ) ;
#12485 = DIRECTION ( 'NONE',  ( 0.000000000000000000, 1.000000000000000000, 0.000000000000000000 ) ) ;
#12486 = AXIS2_PLACEMENT_3D ( 'NONE', #10743, #4738, #1991 ) ;
#12487 = LINE ( 'NONE', #3232, #4367 ) ;
#12488 = AXIS2_PLACEMENT_3D ( 'NONE', #1713, #1494, #10304 ) ;
#12489 = SHAPE_REPRESENTATION ( 'SEN-12787_SEN-12787', ( #1901 ), #5024 ) ;
#12490 = VERTEX_POINT ( 'NONE', #5653 ) ;
#12491 = FACE_BOUND ( 'NONE', #6528, .T. ) ;
#12492 = LINE ( 'NONE', #6555, #7801 ) ;
#12493 = CARTESIAN_POINT ( 'NONE',  ( -1.750000000000000000, 0.2999999999999999889, -1.750000000000000000 ) ) ;
#12494 = EDGE_LOOP ( 'NONE', ( #11074, #5312, #9078, #1127 ) ) ;
#12495 = EDGE_LOOP ( 'NONE', ( #8532, #6803 ) ) ;
#12496 = LINE ( 'NONE', #4879, #8399 ) ;
#12497 = EDGE_LOOP ( 'NONE', ( #4237, #6789, #8544, #8998 ) ) ;
#12498 = ORIENTED_EDGE ( 'NONE', *, *, #3530, .F. ) ;
#12499 = VECTOR ( 'NONE', #6476, 1000.000000000000000 ) ;
#12500 = EDGE_LOOP ( 'NONE', ( #9491, #10340, #1707, #5921 ) ) ;
#12501 = CARTESIAN_POINT ( 'NONE',  ( 1.270000000000000240, -1.570000000000000284, 9.400000000000000355 ) ) ;
#12502 = VECTOR ( 'NONE', #2016, 1000.000000000000000 ) ;
#12503 = PLANE ( 'NONE',  #11095 ) ;
#12504 = PLANE ( 'NONE',  #6775 ) ;
#12505 = PLANE ( 'NONE',  #2443 ) ;
#12506 = EDGE_CURVE ( 'NONE', #4833, #6249, #5855, .T. ) ;
#12507 = DIRECTION ( 'NONE',  ( -1.000000000000000000, 0.000000000000000000, -1.707404996040164018E-16 ) ) ;
#12508 = DIRECTION ( 'NONE',  ( -1.000000000000000000, 0.000000000000000000, 0.000000000000000000 ) ) ;
#12509 =( NAMED_UNIT ( * ) PLANE_ANGLE_UNIT ( ) SI_UNIT ( $, .RADIAN. ) );
#12510 = CARTESIAN_POINT ( 'NONE',  ( 1.864999999999999991, 0.2000000000000000111, -1.050000000000000044 ) ) ;
#12511 = PLANE ( 'NONE',  #5148 ) ;
#12512 = EDGE_CURVE ( 'NONE', #434, #5607, #9815, .T. ) ;
#12513 = EDGE_CURVE ( 'NONE', #1199, #11307, #1514, .T. ) ;
#12514 = ORIENTED_EDGE ( 'NONE', *, *, #8775, .T. ) ;
#12515 = VECTOR ( 'NONE', #321, 1000.000000000000000 ) ;
#12516 = CARTESIAN_POINT ( 'NONE',  ( 1.270000000000000240, -1.570000000000000062, 8.130000000000000782 ) ) ;
#12517 = VECTOR ( 'NONE', #7815, 1000.000000000000227 ) ;
#12518 = EDGE_CURVE ( 'NONE', #8427, #6832, #5763, .T. ) ;
#12519 = CARTESIAN_POINT ( 'NONE',  ( -1.430000000000000160, 1.550000000000000044, 0.000000000000000000 ) ) ;
#12520 = ORIENTED_EDGE ( 'NONE', *, *, #2333, .F. ) ;
#12521 = ORIENTED_EDGE ( 'NONE', *, *, #1748, .F. ) ;
#12522 = VECTOR ( 'NONE', #6698, 1000.000000000000000 ) ;
#12523 = PLANE ( 'NONE',  #3645 ) ;
#12524 = LINE ( 'NONE', #4010, #4406 ) ;
#12525 = ORIENTED_EDGE ( 'NONE', *, *, #9986, .F. ) ;
#12526 = FACE_OUTER_BOUND ( 'NONE', #9239, .T. ) ;
#12527 = CARTESIAN_POINT ( 'NONE',  ( 1.214999999999999858, 0.000000000000000000, 0.4000000000000000222 ) ) ;
#12528 = ORIENTED_EDGE ( 'NONE', *, *, #6232, .F. ) ;
#12529 = FACE_OUTER_BOUND ( 'NONE', #1187, .T. ) ;
#12530 = ORIENTED_EDGE ( 'NONE', *, *, #3694, .F. ) ;
#12531 = PLANE ( 'NONE',  #6730 ) ;
#12532 = ADVANCED_FACE ( 'NONE', ( #1356 ), #9644, .F. ) ;
#12533 = ORIENTED_EDGE ( 'NONE', *, *, #4332, .T. ) ;
#12534 = DIRECTION ( 'NONE',  ( 0.000000000000000000, 1.000000000000000000, 0.000000000000000000 ) ) ;
#12535 = CIRCLE ( 'NONE', #2466, 0.7600000000000002309 ) ;
#12536 = DIRECTION ( 'NONE',  ( 0.000000000000000000, 0.000000000000000000, -1.000000000000000000 ) ) ;
#12537 = DIRECTION ( 'NONE',  ( -0.000000000000000000, 1.000000000000000000, 0.000000000000000000 ) ) ;
#12538 = EDGE_CURVE ( 'NONE', #929, #5795, #1628, .T. ) ;
#12539 = DIRECTION ( 'NONE',  ( 1.000000000000000000, 0.000000000000000000, 0.000000000000000000 ) ) ;
#12540 = VERTEX_POINT ( 'NONE', #3816 ) ;
#12541 = CARTESIAN_POINT ( 'NONE',  ( -2.350000000000000089, 0.2999999999999999889, -1.199999999999999956 ) ) ;
#12542 = DIRECTION ( 'NONE',  ( -5.421010862427530059E-16, 1.000000000000000000, 0.000000000000000000 ) ) ;
#12543 = VECTOR ( 'NONE', #5667, 1000.000000000000000 ) ;
#12544 = EDGE_CURVE ( 'NONE', #2832, #1199, #1553, .T. ) ;
#12545 = AXIS2_PLACEMENT_3D ( 'NONE', #6907, #8716, #4048 ) ;
#12546 = LINE ( 'NONE', #6872, #4138 ) ;
#12547 = ORIENTED_EDGE ( 'NONE', *, *, #3778, .F. ) ;
#12548 = CARTESIAN_POINT ( 'NONE',  ( 4.610000000000000320, 0.3499999999999999778, -2.775000000000002576 ) ) ;
#12549 = DIRECTION ( 'NONE',  ( 0.000000000000000000, -1.000000000000000000, 0.000000000000000000 ) ) ;
#12550 = EDGE_LOOP ( 'NONE', ( #6729, #7776, #7863, #7951 ) ) ;
#12551 = LINE ( 'NONE', #8606, #8673 ) ;
#12552 = ORIENTED_EDGE ( 'NONE', *, *, #8064, .T. ) ;
#12553 = CARTESIAN_POINT ( 'NONE',  ( -0.9700000000000001954, 0.5000000000000000000, -0.9849999999999993205 ) ) ;
#12554 = VECTOR ( 'NONE', #4618, 1000.000000000000000 ) ;
#12555 = DIRECTION ( 'NONE',  ( 0.000000000000000000, 0.000000000000000000, -1.000000000000000000 ) ) ;
#12556 = DIRECTION ( 'NONE',  ( 0.000000000000000000, 1.000000000000000000, 0.000000000000000000 ) ) ;
#12557 = ORIENTED_EDGE ( 'NONE', *, *, #10610, .F. ) ;
#12558 = FACE_OUTER_BOUND ( 'NONE', #3385, .T. ) ;
#12559 = ADVANCED_FACE ( 'NONE', ( #5832 ), #10540, .T. ) ;
#12560 = FACE_OUTER_BOUND ( 'NONE', #4721, .T. ) ;
#12561 = ADVANCED_FACE ( 'NONE', ( #5871 ), #5950, .F. ) ;
#12562 = ORIENTED_EDGE ( 'NONE', *, *, #5837, .F. ) ;
#12563 = EDGE_CURVE ( 'NONE', #12061, #9567, #10031, .T. ) ;
#12564 = LINE ( 'NONE', #905, #4046 ) ;
#12565 = COLOUR_RGB ( '',0.9960784313725490335, 0.8705882352941176627, 0.7607843137254901578 ) ;
#12566 = EDGE_LOOP ( 'NONE', ( #6611, #2718, #8102, #4 ) ) ;
#12567 = LINE ( 'NONE', #7693, #4159 ) ;
#12568 = PRESENTATION_LAYER_ASSIGNMENT (  '', '', ( #1910 ) ) ;
#12569 = CARTESIAN_POINT ( 'NONE',  ( 0.000000000000000000, 0.5000000000000000000, 0.000000000000000000 ) ) ;
#12570 = AXIS2_PLACEMENT_3D ( 'NONE', #11062, #12098, #6620 ) ;
#12571 = DIRECTION ( 'NONE',  ( 0.000000000000000000, 0.000000000000000000, -1.000000000000000000 ) ) ;
#12572 = VERTEX_POINT ( 'NONE', #10684 ) ;
#12573 = CARTESIAN_POINT ( 'NONE',  ( -0.2049999999999999878, 0.1000000000000000056, 1.000000000000000000 ) ) ;
#12574 = LINE ( 'NONE', #7281, #8428 ) ;
#12575 = EDGE_LOOP ( 'NONE', ( #3281, #937, #4764, #1089 ) ) ;
#12576 = CARTESIAN_POINT ( 'NONE',  ( -1.214999999999999858, 0.000000000000000000, 1.000000000000000000 ) ) ;
#12577 = DIRECTION ( 'NONE',  ( 0.000000000000000000, 0.000000000000000000, 1.000000000000000000 ) ) ;
#12578 = VECTOR ( 'NONE', #5462, 1000.000000000000000 ) ;
#12579 = CARTESIAN_POINT ( 'NONE',  ( 1.270000000000000240, -3.719604614807106024, 9.650000000000000355 ) ) ;
#12580 = CARTESIAN_POINT ( 'NONE',  ( 4.569999999999997620, 0.04000000000000000083, -3.575000000000002842 ) ) ;
#12581 = AXIS2_PLACEMENT_3D ( 'NONE', #6075, #7002, #9081 ) ;
#12582 = VERTEX_POINT ( 'NONE', #11761 ) ;
#12583 = PRESENTATION_LAYER_ASSIGNMENT (  '', '', ( #5889 ) ) ;
#12584 = PRESENTATION_STYLE_ASSIGNMENT (( #8351 ) ) ;
#12585 = DIRECTION ( 'NONE',  ( 0.000000000000000000, -1.000000000000000000, 0.000000000000000000 ) ) ;
#12586 = DIRECTION ( 'NONE',  ( 0.000000000000000000, 0.000000000000000000, 1.000000000000000000 ) ) ;
#12587 = VERTEX_POINT ( 'NONE', #100 ) ;
#12588 = VECTOR ( 'NONE', #7089, 1000.000000000000000 ) ;
#12589 = ORIENTED_EDGE ( 'NONE', *, *, #3014, .T. ) ;
#12590 = EDGE_LOOP ( 'NONE', ( #900, #1527, #5178, #5693 ) ) ;
#12591 = ADVANCED_FACE ( 'NONE', ( #1433 ), #5672, .T. ) ;
#12592 = EDGE_CURVE ( 'NONE', #11638, #3998, #1675, .T. ) ;
#12593 = ORIENTED_EDGE ( 'NONE', *, *, #5783, .T. ) ;
#12594 = VECTOR ( 'NONE', #1744, 1000.000000000000000 ) ;
#12595 = ORIENTED_EDGE ( 'NONE', *, *, #4866, .F. ) ;
#12596 = AXIS2_PLACEMENT_3D ( 'NONE', #10972, #11990, #12536 ) ;
#12597 = VECTOR ( 'NONE', #4860, 1000.000000000000000 ) ;
#12598 = PLANE ( 'NONE',  #3416 ) ;
#12599 = CARTESIAN_POINT ( 'NONE',  ( 1.270000000000000240, 0.000000000000000000, 8.890000000000000568 ) ) ;
#12600 = DIRECTION ( 'NONE',  ( -1.000000000000000000, 0.000000000000000000, -3.614007241618350250E-16 ) ) ;
#12601 = EDGE_CURVE ( 'NONE', #5437, #2623, #9830, .T. ) ;
#12602 = CARTESIAN_POINT ( 'NONE',  ( 0.2049999999999999878, 0.1000000000000000056, -0.4000000000000000222 ) ) ;
#12603 = DIRECTION ( 'NONE',  ( 0.000000000000000000, 0.000000000000000000, -1.000000000000000000 ) ) ;
#12604 = DIRECTION ( 'NONE',  ( -1.000000000000000000, 0.000000000000000000, -4.517509052022940401E-16 ) ) ;
#12605 = ORIENTED_EDGE ( 'NONE', *, *, #6681, .F. ) ;
#12606 = CIRCLE ( 'NONE', #1366, 0.5100000000000000089 ) ;
#12607 = CARTESIAN_POINT ( 'NONE',  ( 0.000000000000000000, 0.000000000000000000, 0.000000000000000000 ) ) ;
#12608 = DIRECTION ( 'NONE',  ( 0.000000000000000000, 1.000000000000000000, 0.000000000000000000 ) ) ;
#12609 = ORIENTED_EDGE ( 'NONE', *, *, #10599, .F. ) ;
#12610 = FACE_OUTER_BOUND ( 'NONE', #3117, .T. ) ;
#12611 = DIRECTION ( 'NONE',  ( 0.000000000000000000, 0.000000000000000000, -1.000000000000000000 ) ) ;
#12612 = VECTOR ( 'NONE', #9883, 1000.000000000000000 ) ;
#12613 = VERTEX_POINT ( 'NONE', #189 ) ;
#12614 = VECTOR ( 'NONE', #7574, 1000.000000000000000 ) ;
#12615 = CARTESIAN_POINT ( 'NONE',  ( 1.969999999999999973, 0.2000000000000000111, 1.180000000000000160 ) ) ;
#12616 = ORIENTED_EDGE ( 'NONE', *, *, #11370, .F. ) ;
#12617 = NEXT_ASSEMBLY_USAGE_OCCURRENCE ( 'NAUO1', ' ', ' ', #770, #2044, $ ) ;
#12618 = NEXT_ASSEMBLY_USAGE_OCCURRENCE ( 'NAUO2', ' ', ' ', #770, #6856, $ ) ;
#12619 = NEXT_ASSEMBLY_USAGE_OCCURRENCE ( 'NAUO3', ' ', ' ', #770, #1352, $ ) ;
ENDSEC;
END-ISO-10303-21;
